dataset	barcode	cdr3s_aa	sample_id	cluster	donor_group	cdr3	cdr3a	clone_n_cells	sample_n_cells_with_tcr	clone_proportion	tcr	vgene	jgene	hla_2024	hla_class_2024	hla_cocluster_2024	hla_gene_2024	source_2024	hla_2026	hla_class_2026	tcr_pgen	log10_tcr_pgen_eps	hla_cocluster_2026	hla_cocluster_npos_hlamatch	hla_cocluster_nneg_hlamatch	hla_cocluster_auroc_hlaaware	hla_cocluster_auroc_hlaunaware	hla_gene_2026	source_2026	_merge	hla_class_agree	source	hla_class_sourced	hla	hla_class
Dataset1	AAACCTGCAGGCTGAA-1	TRB:CASSLAVGSYNEQFF;TRA:CAEGFGAGNNRKLIW;TRA:CVVSGNYGQNFVF	C08	CD4_CTL	supercentenarian	CASSLAVGSYNEQFF	CVVSGNYGQNFVF	25	1449	0.01725327812284334	CASSLAVGSYNEQFF+TCRBV06-05+TCRBJ02-01	TCRBV06-05	TCRBJ02-01					False	DRB1*15:01	cii	9.0958036e-10	-9.041158925668288	h-DRB1_15_01-992	4.0	14.0	0.9821428571428572	0.5981813015061097	DRB1	True	right_only	False	2026 only	cii	DRB1*15:01	cii
Dataset1	AAAGTAGAGTGAACGC-1	TRB:CASSFGTGLNGYTF	C08	CD8_TEMRA	supercentenarian	CASSFGTGLNGYTF		3	1449	0.002070393374741201	CASSFGTGLNGYTF+TCRBV05-01+TCRBJ01-02	TCRBV05-01	TCRBJ01-02	B*52:01	ci	feature18241_B_52_01	B	True											False	left_only	False	2024 only	ci	B*52:01	ci
Dataset1	AACTCCCGTAGCGATG-1	TRB:CASSRDTYQETQYF;TRA:CAVRRGYQKVTF;TRA:CAVSRGGYNKLIF	C08	CD4_Helper	supercentenarian	CASSRDTYQETQYF	CAVSRGGYNKLIF	1	1449	0.0006901311249137336	CASSRDTYQETQYF+TCRBV11-01+TCRBJ02-05	TCRBV11-01	TCRBJ02-05					False	DQA1*01:03+DQB1*06:01	cii	2.5904705e-11	-10.586621349047643	h-DQA1_01_03_DQB1_06_01-269	2.0	1.0		0.5322534811025859	DQA1	True	right_only	False	2026 only	cii	DQA1*01:03+DQB1*06:01	cii
Dataset1	AACTTTCCACAGGAGT-1	TRB:CASSESLRASRSTDTQYF;TRB:CASSQTYEQYF;TRA:CAAAGDSSYKLIF	C08	CD4_Treg	supercentenarian	CASSQTYEQYF	CAAAGDSSYKLIF	1	1449	0.0006901311249137336	CASSQTYEQYF+TCRBV06-05+TCRBJ02-07	TCRBV06-05	TCRBJ02-07					False	DRB1*13:01	cii	2.836482e-08	-7.5472199680751215	h-DRB1_13_01-221	2.0	5.0		0.6243250923557829	DRB1	True	right_only	False	2026 only	cii	DRB1*13:01	cii
Dataset1	AAGTCTGTCCGCATCT-1	TRB:CASSPSGGASSNQPQHF;TRA:CATGDYKLSF	A04	CD4_Naive	control	CASSPSGGASSNQPQHF	CATGDYKLSF	2	784	0.002551020408163265	CASSPSGGASSNQPQHF+TCRBV18-01+TCRBJ01-05	TCRBV18-01	TCRBJ01-05					False	DQA1*01:01+DQB1*05:01	cii	1.4577609e-10	-9.83631370257908	h-DQA1_01_01_DQB1_05_01-323	9.0	8.0	1.0	0.6351236146632566	DQA1	True	right_only	False	2026 only	cii	DQA1*01:01+DQB1*05:01	cii
Dataset1	ACTGATGCACAGGTTT-1	TRB:CASSLASGSTDTQYF;TRA:CAENKGAAAGNKLTF	C08	CD4_Helper	supercentenarian	CASSLASGSTDTQYF	CAENKGAAAGNKLTF	1	1449	0.0006901311249137336	CASSLASGSTDTQYF+TCRBV11-02+TCRBJ02-03	TCRBV11-02	TCRBJ02-03					False	DRB1*10:01	cii	6.1337206e-09	-8.212276010655758	h-DRB1_10_01-393	0.0	0.0		0.4717249218527991	DRB1	True	right_only	False	2026 only	cii	DRB1*10:01	cii
Dataset1	ACTGCTCAGATCACGG-1	TRB:CASSLAVGSYNEQFF;TRA:CAEGFGAGNNRKLIW;TRA:CVVSGNYGQNFVF	C08	CD4_CTL	supercentenarian	CASSLAVGSYNEQFF	CVVSGNYGQNFVF	25	1449	0.01725327812284334	CASSLAVGSYNEQFF+TCRBV06-05+TCRBJ02-01	TCRBV06-05	TCRBJ02-01					False	DRB1*15:01	cii	9.0958036e-10	-9.041158925668288	h-DRB1_15_01-992	4.0	14.0	0.9821428571428572	0.5981813015061097	DRB1	True	right_only	False	2026 only	cii	DRB1*15:01	cii
Dataset1	ACTTTCAAGACAGGCT-1	TRB:CASSLAVGSYNEQFF;TRA:CAEGFGAGNNRKLIW;TRA:CVVSGNYGQNFVF	C08	CD4_CTL	supercentenarian	CASSLAVGSYNEQFF	CVVSGNYGQNFVF	25	1449	0.01725327812284334	CASSLAVGSYNEQFF+TCRBV06-05+TCRBJ02-01	TCRBV06-05	TCRBJ02-01					False	DRB1*15:01	cii	9.0958036e-10	-9.041158925668288	h-DRB1_15_01-992	4.0	14.0	0.9821428571428572	0.5981813015061097	DRB1	True	right_only	False	2026 only	cii	DRB1*15:01	cii
Dataset1	AGACGTTGTAACGTTC-1	TRB:CASSLAVGSYNEQFF;TRA:CAEGFGAGNNRKLIW;TRA:CVVSGNYGQNFVF	C08	CD4_CTL	supercentenarian	CASSLAVGSYNEQFF	CVVSGNYGQNFVF	25	1449	0.01725327812284334	CASSLAVGSYNEQFF+TCRBV06-05+TCRBJ02-01	TCRBV06-05	TCRBJ02-01					False	DRB1*15:01	cii	9.0958036e-10	-9.041158925668288	h-DRB1_15_01-992	4.0	14.0	0.9821428571428572	0.5981813015061097	DRB1	True	right_only	False	2026 only	cii	DRB1*15:01	cii
Dataset1	AGAGCTTAGACGCACA-1	TRB:CASSLTANYGYTF;TRA:CAETGDSGYALNF	C08	CD8_TEMRA	supercentenarian	CASSLTANYGYTF	CAETGDSGYALNF	1	1449	0.0006901311249137336	CASSLTANYGYTF+TCRBV07-03+TCRBJ01-02	TCRBV07-03	TCRBJ01-02	B*52:01	ci	feature18241_B_52_01	B	True											False	left_only	False	2024 only	ci	B*52:01	ci
Dataset1	AGTAGTCTCGTCCAGG-1	TRB:CASSLAVGSYNEQFF;TRA:CAEGFGAGNNRKLIW;TRA:CVVSGNYGQNFVF	C08	CD4_CTL	supercentenarian	CASSLAVGSYNEQFF	CVVSGNYGQNFVF	25	1449	0.01725327812284334	CASSLAVGSYNEQFF+TCRBV06-05+TCRBJ02-01	TCRBV06-05	TCRBJ02-01					False	DRB1*15:01	cii	9.0958036e-10	-9.041158925668288	h-DRB1_15_01-992	4.0	14.0	0.9821428571428572	0.5981813015061097	DRB1	True	right_only	False	2026 only	cii	DRB1*15:01	cii
Dataset1	AGTGTCACAGACGCCT-1	TRB:CASSLAVGSYNEQFF;TRA:CAEGFGAGNNRKLIW;TRA:CVVSGNYGQNFVF	C08	CD4_CTL	supercentenarian	CASSLAVGSYNEQFF	CVVSGNYGQNFVF	25	1449	0.01725327812284334	CASSLAVGSYNEQFF+TCRBV06-05+TCRBJ02-01	TCRBV06-05	TCRBJ02-01					False	DRB1*15:01	cii	9.0958036e-10	-9.041158925668288	h-DRB1_15_01-992	4.0	14.0	0.9821428571428572	0.5981813015061097	DRB1	True	right_only	False	2026 only	cii	DRB1*15:01	cii
Dataset1	ATCTGCCGTCGATTGT-1	TRB:CASSLNSNQPQHF;TRA:CALSWRGNKLVF	A04	CD8_TEMRA	control	CASSLNSNQPQHF	CALSWRGNKLVF	3	784	0.003826530612244898	CASSLNSNQPQHF+TCRBV19-01+TCRBJ01-05	TCRBV19-01	TCRBJ01-05	A*26:01	ci	feature4514_A_26_01	A	True											False	left_only	False	2024 only	ci	A*26:01	ci
Dataset1	ATTGGACGTGTGACGA-1	TRB:CASSLAVGSYNEQFF;TRA:CAEGFGAGNNRKLIW;TRA:CVVSGNYGQNFVF	C08	CD4_CTL	supercentenarian	CASSLAVGSYNEQFF	CVVSGNYGQNFVF	25	1449	0.01725327812284334	CASSLAVGSYNEQFF+TCRBV06-05+TCRBJ02-01	TCRBV06-05	TCRBJ02-01					False	DRB1*15:01	cii	9.0958036e-10	-9.041158925668288	h-DRB1_15_01-992	4.0	14.0	0.9821428571428572	0.5981813015061097	DRB1	True	right_only	False	2026 only	cii	DRB1*15:01	cii
Dataset1	CACAGGCGTGCATCTA-1	TRB:CASSPSGGASSNQPQHF;TRA:CATGDYKLSF	A04	CD4_Naive	control	CASSPSGGASSNQPQHF	CATGDYKLSF	2	784	0.002551020408163265	CASSPSGGASSNQPQHF+TCRBV18-01+TCRBJ01-05	TCRBV18-01	TCRBJ01-05					False	DQA1*01:01+DQB1*05:01	cii	1.4577609e-10	-9.83631370257908	h-DQA1_01_01_DQB1_05_01-323	9.0	8.0	1.0	0.6351236146632566	DQA1	True	right_only	False	2026 only	cii	DQA1*01:01+DQB1*05:01	cii
Dataset1	CAGCATAAGTCCAGGA-1	TRB:CASSLAVGSYNEQFF;TRA:CAEGFGAGNNRKLIW;TRA:CVVSGNYGQNFVF	C08	CD4_CTL	supercentenarian	CASSLAVGSYNEQFF	CVVSGNYGQNFVF	25	1449	0.01725327812284334	CASSLAVGSYNEQFF+TCRBV06-05+TCRBJ02-01	TCRBV06-05	TCRBJ02-01					False	DRB1*15:01	cii	9.0958036e-10	-9.041158925668288	h-DRB1_15_01-992	4.0	14.0	0.9821428571428572	0.5981813015061097	DRB1	True	right_only	False	2026 only	cii	DRB1*15:01	cii
Dataset1	CAGCTAAAGGGTTTCT-1	TRB:CASSLAVGSYNEQFF;TRA:CAEGFGAGNNRKLIW;TRA:CVVSGNYGQNFVF	C08	CD4_CTL	supercentenarian	CASSLAVGSYNEQFF	CVVSGNYGQNFVF	25	1449	0.01725327812284334	CASSLAVGSYNEQFF+TCRBV06-05+TCRBJ02-01	TCRBV06-05	TCRBJ02-01					False	DRB1*15:01	cii	9.0958036e-10	-9.041158925668288	h-DRB1_15_01-992	4.0	14.0	0.9821428571428572	0.5981813015061097	DRB1	True	right_only	False	2026 only	cii	DRB1*15:01	cii
Dataset1	CAGTAACCAAATCCGT-1	TRB:CASSLAVGSYNEQFF;TRA:CAEGFGAGNNRKLIW;TRA:CVVSGNYGQNFVF	C08	CD4_CTL	supercentenarian	CASSLAVGSYNEQFF	CVVSGNYGQNFVF	25	1449	0.01725327812284334	CASSLAVGSYNEQFF+TCRBV06-05+TCRBJ02-01	TCRBV06-05	TCRBJ02-01					False	DRB1*15:01	cii	9.0958036e-10	-9.041158925668288	h-DRB1_15_01-992	4.0	14.0	0.9821428571428572	0.5981813015061097	DRB1	True	right_only	False	2026 only	cii	DRB1*15:01	cii
Dataset1	CATGACATCCCTCAGT-1	TRB:CASSLGNEQFF;TRA:CALSGRGGGADGLTF	A04	CD4_Naive	control	CASSLGNEQFF	CALSGRGGGADGLTF	1	784	0.0012755102040816326	CASSLGNEQFF+TCRBV10-03+TCRBJ02-01	TCRBV10-03	TCRBJ02-01	B*35:03	ci	feature12626_B_35_03	B	True											False	left_only	False	2024 only	ci	B*35:03	ci
Dataset1	CCAGCGAAGAGGTTGC-1	TRB:CASSLAVGSYNEQFF;TRA:CAEGFGAGNNRKLIW;TRA:CVVSGNYGQNFVF	C08	CD4_Helper	supercentenarian	CASSLAVGSYNEQFF	CVVSGNYGQNFVF	25	1449	0.01725327812284334	CASSLAVGSYNEQFF+TCRBV06-05+TCRBJ02-01	TCRBV06-05	TCRBJ02-01					False	DRB1*15:01	cii	9.0958036e-10	-9.041158925668288	h-DRB1_15_01-992	4.0	14.0	0.9821428571428572	0.5981813015061097	DRB1	True	right_only	False	2026 only	cii	DRB1*15:01	cii
Dataset1	CGAATGTGTTGTCGCG-1	TRB:CASSFGTGLNGYTF;TRA:CLVGDRAGGGADGLTF	C08	CD8_TEMRA	supercentenarian	CASSFGTGLNGYTF	CLVGDRAGGGADGLTF	9	1449	0.006211180124223602	CASSFGTGLNGYTF+TCRBV05-01+TCRBJ01-02	TCRBV05-01	TCRBJ01-02	B*52:01	ci	feature18241_B_52_01	B	True											False	left_only	False	2024 only	ci	B*52:01	ci
Dataset1	CGAGAAGGTCCGTGAC-1	TRB:CASSLAVGSYNEQFF;TRA:CAEGFGAGNNRKLIW;TRA:CVVSGNYGQNFVF	C08	CD4_CTL	supercentenarian	CASSLAVGSYNEQFF	CVVSGNYGQNFVF	25	1449	0.01725327812284334	CASSLAVGSYNEQFF+TCRBV06-05+TCRBJ02-01	TCRBV06-05	TCRBJ02-01					False	DRB1*15:01	cii	9.0958036e-10	-9.041158925668288	h-DRB1_15_01-992	4.0	14.0	0.9821428571428572	0.5981813015061097	DRB1	True	right_only	False	2026 only	cii	DRB1*15:01	cii
Dataset1	CGATCGGTCTAGAGTC-1	TRB:CASSLAVGSYNEQFF;TRA:CAEGFGAGNNRKLIW;TRA:CVVSGNYGQNFVF	C08	CD4_CTL	supercentenarian	CASSLAVGSYNEQFF	CVVSGNYGQNFVF	25	1449	0.01725327812284334	CASSLAVGSYNEQFF+TCRBV06-05+TCRBJ02-01	TCRBV06-05	TCRBJ02-01					False	DRB1*15:01	cii	9.0958036e-10	-9.041158925668288	h-DRB1_15_01-992	4.0	14.0	0.9821428571428572	0.5981813015061097	DRB1	True	right_only	False	2026 only	cii	DRB1*15:01	cii
Dataset1	CGGACACTCTACTCAT-1	TRB:CASSFGTGLNGYTF;TRA:CLVGDRAGGGADGLTF	C08	CD8_TEMRA	supercentenarian	CASSFGTGLNGYTF	CLVGDRAGGGADGLTF	9	1449	0.006211180124223602	CASSFGTGLNGYTF+TCRBV05-01+TCRBJ01-02	TCRBV05-01	TCRBJ01-02	B*52:01	ci	feature18241_B_52_01	B	True											False	left_only	False	2024 only	ci	B*52:01	ci
Dataset1	CGTTGGGAGATGGGTC-1	TRB:CASSFGTGLNGYTF;TRA:CLVGDRAGGGADGLTF	C08	CD8_TEMRA	supercentenarian	CASSFGTGLNGYTF	CLVGDRAGGGADGLTF	9	1449	0.006211180124223602	CASSFGTGLNGYTF+TCRBV05-01+TCRBJ01-02	TCRBV05-01	TCRBJ01-02	B*52:01	ci	feature18241_B_52_01	B	True											False	left_only	False	2024 only	ci	B*52:01	ci
Dataset1	CTAACTTGTTGAGTTC-1	TRB:CASSFGTGLNGYTF;TRA:CLVGDRAGGGADGLTF	C08	CD8_TEMRA	supercentenarian	CASSFGTGLNGYTF	CLVGDRAGGGADGLTF	9	1449	0.006211180124223602	CASSFGTGLNGYTF+TCRBV05-01+TCRBJ01-02	TCRBV05-01	TCRBJ01-02	B*52:01	ci	feature18241_B_52_01	B	True											False	left_only	False	2024 only	ci	B*52:01	ci
Dataset1	CTACGTCCATGAAGTA-1	TRB:CASSLNSNQPQHF;TRA:CALSWRGNKLVF	A04	CD8_TEMRA	control	CASSLNSNQPQHF	CALSWRGNKLVF	3	784	0.003826530612244898	CASSLNSNQPQHF+TCRBV19-01+TCRBJ01-05	TCRBV19-01	TCRBJ01-05	A*26:01	ci	feature4514_A_26_01	A	True											False	left_only	False	2024 only	ci	A*26:01	ci
Dataset1	CTCCTAGAGAAGGTTT-1	TRB:CASSFGTGLNGYTF;TRA:CLVGDRAGGGADGLTF	C08	CD8_TEMRA	supercentenarian	CASSFGTGLNGYTF	CLVGDRAGGGADGLTF	9	1449	0.006211180124223602	CASSFGTGLNGYTF+TCRBV05-01+TCRBJ01-02	TCRBV05-01	TCRBJ01-02	B*52:01	ci	feature18241_B_52_01	B	True											False	left_only	False	2024 only	ci	B*52:01	ci
Dataset1	CTCCTAGTCTTGTACT-1	TRB:CASSYLGPDTQYF;TRA:CAAPYSGGGADGLTF	A04	CD4_Helper	control	CASSYLGPDTQYF	CAAPYSGGGADGLTF	1	784	0.0012755102040816326	CASSYLGPDTQYF+TCRBV06-05+TCRBJ02-03	TCRBV06-05	TCRBJ02-03					False	DRB1*01:01	cii	1.4853433e-08	-7.828173158424402	h-DRB1_01_01-298	6.0	4.0	1.0	0.4997158283603296	DRB1	True	right_only	False	2026 only	cii	DRB1*01:01	cii
Dataset1	CTCCTAGTCTTGTACT-1	TRB:CASSYLGPDTQYF;TRA:CAAPYSGGGADGLTF	A04	CD4_Helper	control	CASSYLGPDTQYF	CAAPYSGGGADGLTF	1	784	0.0012755102040816326	CASSYLGPDTQYF+TCRBV06-06+TCRBJ02-03	TCRBV06-06	TCRBJ02-03	DRB1*01:01	cii	feature33517_DRB1_01_01	DRB1	True	DRB1*01:01	cii	2.4693723e-09	-8.607413427829753	h-DRB1_01_01-298	6.0	4.0	1.0	0.4997158283603296	DRB1	True	both	True	shared	cii	DRB1*01:01	cii
Dataset1	CTGCTGTCAGGTTTCA-1	TRB:CASSLAVGSYNEQFF;TRA:CAEGFGAGNNRKLIW;TRA:CVVSGNYGQNFVF	C08	CD4_CTL	supercentenarian	CASSLAVGSYNEQFF	CVVSGNYGQNFVF	25	1449	0.01725327812284334	CASSLAVGSYNEQFF+TCRBV06-05+TCRBJ02-01	TCRBV06-05	TCRBJ02-01					False	DRB1*15:01	cii	9.0958036e-10	-9.041158925668288	h-DRB1_15_01-992	4.0	14.0	0.9821428571428572	0.5981813015061097	DRB1	True	right_only	False	2026 only	cii	DRB1*15:01	cii
Dataset1	GAACCTACAACGATCT-1	TRB:CASSFGTGLNGYTF;TRA:CLVGDRAGGGADGLTF	C08	CD8_TEMRA	supercentenarian	CASSFGTGLNGYTF	CLVGDRAGGGADGLTF	9	1449	0.006211180124223602	CASSFGTGLNGYTF+TCRBV05-01+TCRBJ01-02	TCRBV05-01	TCRBJ01-02	B*52:01	ci	feature18241_B_52_01	B	True											False	left_only	False	2024 only	ci	B*52:01	ci
Dataset1	GACGGCTGTCTTGATG-1	TRB:CASSLAVGSYNEQFF;TRA:CAEGFGAGNNRKLIW;TRA:CVVSGNYGQNFVF	C08	CD4_CTL	supercentenarian	CASSLAVGSYNEQFF	CVVSGNYGQNFVF	25	1449	0.01725327812284334	CASSLAVGSYNEQFF+TCRBV06-05+TCRBJ02-01	TCRBV06-05	TCRBJ02-01					False	DRB1*15:01	cii	9.0958036e-10	-9.041158925668288	h-DRB1_15_01-992	4.0	14.0	0.9821428571428572	0.5981813015061097	DRB1	True	right_only	False	2026 only	cii	DRB1*15:01	cii
Dataset1	GATCGATTCACAGGCC-1	TRB:CASSLAVGSYNEQFF;TRA:CAEGFGAGNNRKLIW;TRA:CVVSGNYGQNFVF	C08	CD4_CTL	supercentenarian	CASSLAVGSYNEQFF	CVVSGNYGQNFVF	25	1449	0.01725327812284334	CASSLAVGSYNEQFF+TCRBV06-05+TCRBJ02-01	TCRBV06-05	TCRBJ02-01					False	DRB1*15:01	cii	9.0958036e-10	-9.041158925668288	h-DRB1_15_01-992	4.0	14.0	0.9821428571428572	0.5981813015061097	DRB1	True	right_only	False	2026 only	cii	DRB1*15:01	cii
Dataset1	GATTCAGTCGAGAACG-1	TRB:CASSLAVGSYNEQFF;TRA:CAEGFGAGNNRKLIW;TRA:CVVSGNYGQNFVF	C08	CD4_CTL	supercentenarian	CASSLAVGSYNEQFF	CVVSGNYGQNFVF	25	1449	0.01725327812284334	CASSLAVGSYNEQFF+TCRBV06-05+TCRBJ02-01	TCRBV06-05	TCRBJ02-01					False	DRB1*15:01	cii	9.0958036e-10	-9.041158925668288	h-DRB1_15_01-992	4.0	14.0	0.9821428571428572	0.5981813015061097	DRB1	True	right_only	False	2026 only	cii	DRB1*15:01	cii
Dataset1	GCAAACTTCAGGTTCA-1	TRB:CASSPGLAGGSGELFF;TRA:CAVTPTSYNTDKLIF	C08	CD4_Helper	supercentenarian	CASSPGLAGGSGELFF	CAVTPTSYNTDKLIF	1	1449	0.0006901311249137336	CASSPGLAGGSGELFF+TCRBV03-01/03-02+TCRBJ02-02	TCRBV03-01/03-02	TCRBJ02-02					False	DRB1*13:02	cii	2.747287e-10	-9.561095968899211	h-DRB1_13_02-563	1.0	3.0		0.5451832907075873	DRB1	True	right_only	False	2026 only	cii	DRB1*13:02	cii
Dataset1	GCGAGAACACCCATGG-1	TRB:CASSLAVGSYNEQFF;TRA:CAEGFGAGNNRKLIW;TRA:CVVSGNYGQNFVF	C08	CD4_CTL	supercentenarian	CASSLAVGSYNEQFF	CVVSGNYGQNFVF	25	1449	0.01725327812284334	CASSLAVGSYNEQFF+TCRBV06-05+TCRBJ02-01	TCRBV06-05	TCRBJ02-01					False	DRB1*15:01	cii	9.0958036e-10	-9.041158925668288	h-DRB1_15_01-992	4.0	14.0	0.9821428571428572	0.5981813015061097	DRB1	True	right_only	False	2026 only	cii	DRB1*15:01	cii
Dataset1	GCTTCCACAATGACCT-1	TRB:CASSEGGGGQETQYF;TRA:CAMKKTSYDKVIF;TRA:CAVSDQDGGSQGNLIF	C08	CD8_TEM	supercentenarian	CASSEGGGGQETQYF	CAVSDQDGGSQGNLIF	1	1449	0.0006901311249137336	CASSEGGGGQETQYF+TCRBV02-01+TCRBJ02-05	TCRBV02-01	TCRBJ02-05	B*52:01	ci	feature18241_B_52_01	B	True											False	left_only	False	2024 only	ci	B*52:01	ci
Dataset1	GGCAATTGTCGGCACT-1	TRB:CASSLSSGTDTQYF	A04	CD4_Helper	control	CASSLSSGTDTQYF		1	784	0.0012755102040816326	CASSLSSGTDTQYF+TCRBV05-01+TCRBJ02-03	TCRBV05-01	TCRBJ02-03	DQA1*01:03+DQB1*06:03	cii	feature31466_DQA1_01_03+DQB1_06_03	DQA1	True											False	left_only	False	2024 only	cii	DQA1*01:03+DQB1*06:03	cii
Dataset1	GGGAGATCAACACCTA-1	TRB:CASSLNSNQPQHF;TRA:CALSWRGNKLVF	A04	CD8_TEMRA	control	CASSLNSNQPQHF	CALSWRGNKLVF	3	784	0.003826530612244898	CASSLNSNQPQHF+TCRBV19-01+TCRBJ01-05	TCRBV19-01	TCRBJ01-05	A*26:01	ci	feature4514_A_26_01	A	True											False	left_only	False	2024 only	ci	A*26:01	ci
Dataset1	GGGTCTGGTCACAAGG-1	TRB:CASSLAVGSYNEQFF;TRA:CAEGFGAGNNRKLIW;TRA:CVVSGNYGQNFVF	C08	CD4_CTL	supercentenarian	CASSLAVGSYNEQFF	CVVSGNYGQNFVF	25	1449	0.01725327812284334	CASSLAVGSYNEQFF+TCRBV06-05+TCRBJ02-01	TCRBV06-05	TCRBJ02-01					False	DRB1*15:01	cii	9.0958036e-10	-9.041158925668288	h-DRB1_15_01-992	4.0	14.0	0.9821428571428572	0.5981813015061097	DRB1	True	right_only	False	2026 only	cii	DRB1*15:01	cii
Dataset1	GTACTTTAGTGTTGAA-1	TRB:CASSLAVGSYNEQFF;TRA:CAEGFGAGNNRKLIW;TRA:CVVSGNYGQNFVF	C08	CD4_CTL	supercentenarian	CASSLAVGSYNEQFF	CVVSGNYGQNFVF	25	1449	0.01725327812284334	CASSLAVGSYNEQFF+TCRBV06-05+TCRBJ02-01	TCRBV06-05	TCRBJ02-01					False	DRB1*15:01	cii	9.0958036e-10	-9.041158925668288	h-DRB1_15_01-992	4.0	14.0	0.9821428571428572	0.5981813015061097	DRB1	True	right_only	False	2026 only	cii	DRB1*15:01	cii
Dataset1	GTAGGCCGTGTTGAGG-1	TRB:CASSLAVGSYNEQFF;TRA:CAEGFGAGNNRKLIW;TRA:CVVSGNYGQNFVF	C08	CD4_CTL	supercentenarian	CASSLAVGSYNEQFF	CVVSGNYGQNFVF	25	1449	0.01725327812284334	CASSLAVGSYNEQFF+TCRBV06-05+TCRBJ02-01	TCRBV06-05	TCRBJ02-01					False	DRB1*15:01	cii	9.0958036e-10	-9.041158925668288	h-DRB1_15_01-992	4.0	14.0	0.9821428571428572	0.5981813015061097	DRB1	True	right_only	False	2026 only	cii	DRB1*15:01	cii
Dataset1	GTTAAGCCATGCTGGC-1	TRB:CASSFGTGLNGYTF;TRA:CLVGDRAGGGADGLTF	C08	CD8_TEMRA	supercentenarian	CASSFGTGLNGYTF	CLVGDRAGGGADGLTF	9	1449	0.006211180124223602	CASSFGTGLNGYTF+TCRBV05-01+TCRBJ01-02	TCRBV05-01	TCRBJ01-02	B*52:01	ci	feature18241_B_52_01	B	True											False	left_only	False	2024 only	ci	B*52:01	ci
Dataset1	TAGCCGGTCGCAAGCC-1	TRB:CASSLAVGSYNEQFF;TRA:CAEGFGAGNNRKLIW;TRA:CVVSGNYGQNFVF	C08	CD4_CTL	supercentenarian	CASSLAVGSYNEQFF	CVVSGNYGQNFVF	25	1449	0.01725327812284334	CASSLAVGSYNEQFF+TCRBV06-05+TCRBJ02-01	TCRBV06-05	TCRBJ02-01					False	DRB1*15:01	cii	9.0958036e-10	-9.041158925668288	h-DRB1_15_01-992	4.0	14.0	0.9821428571428572	0.5981813015061097	DRB1	True	right_only	False	2026 only	cii	DRB1*15:01	cii
Dataset1	TCGTAGACACACTGCG-1	TRB:CSAESGATYNEQFF;TRA:CAVGGSGGSNYKLTF	C08	CD4_Helper	supercentenarian	CSAESGATYNEQFF	CAVGGSGGSNYKLTF	1	1449	0.0006901311249137336	CSAESGATYNEQFF+TCRBV20-X+TCRBJ02-01	TCRBV20-X	TCRBJ02-01					False	DQA1*01:03+DQB1*06:01	cii	8.61576e-11	-10.064706407217894	h-DQA1_01_03_DQB1_06_01-269	2.0	1.0		0.5322534811025859	DQA1	True	right_only	False	2026 only	cii	DQA1*01:03+DQB1*06:01	cii
Dataset1	TCTGAGAGTTCGGGCT-1	TRB:CASSLAVGSYNEQFF;TRA:CAEGFGAGNNRKLIW;TRA:CVVSGNYGQNFVF	C08	CD4_CTL	supercentenarian	CASSLAVGSYNEQFF	CVVSGNYGQNFVF	25	1449	0.01725327812284334	CASSLAVGSYNEQFF+TCRBV06-05+TCRBJ02-01	TCRBV06-05	TCRBJ02-01					False	DRB1*15:01	cii	9.0958036e-10	-9.041158925668288	h-DRB1_15_01-992	4.0	14.0	0.9821428571428572	0.5981813015061097	DRB1	True	right_only	False	2026 only	cii	DRB1*15:01	cii
Dataset1	TCTTTCCAGACGACGT-1	TRB:CASSFGTGLNGYTF	C08	CD8_TEMRA	supercentenarian	CASSFGTGLNGYTF		3	1449	0.002070393374741201	CASSFGTGLNGYTF+TCRBV05-01+TCRBJ01-02	TCRBV05-01	TCRBJ01-02	B*52:01	ci	feature18241_B_52_01	B	True											False	left_only	False	2024 only	ci	B*52:01	ci
Dataset1	TGAGCATGTACAAGTA-1	TRB:CASSLAVGSYNEQFF;TRA:CAEGFGAGNNRKLIW;TRA:CVVSGNYGQNFVF	C08	CD4_CTL	supercentenarian	CASSLAVGSYNEQFF	CVVSGNYGQNFVF	25	1449	0.01725327812284334	CASSLAVGSYNEQFF+TCRBV06-05+TCRBJ02-01	TCRBV06-05	TCRBJ02-01					False	DRB1*15:01	cii	9.0958036e-10	-9.041158925668288	h-DRB1_15_01-992	4.0	14.0	0.9821428571428572	0.5981813015061097	DRB1	True	right_only	False	2026 only	cii	DRB1*15:01	cii
Dataset1	TGAGCCGTCCTCAACC-1	TRB:CASSLNPGSDTQYF;TRA:CAVQAWTSGSRLTF	A04	CD4_Naive	control	CASSLNPGSDTQYF	CAVQAWTSGSRLTF	1	784	0.0012755102040816326	CASSLNPGSDTQYF+TCRBV05-01+TCRBJ02-03	TCRBV05-01	TCRBJ02-03					False	DRB1*04:04	cii	6.9005535e-10	-9.161116072689579	h-DRB1_04_04-340	2.0	3.0		0.6024438761011651	DRB1	True	right_only	False	2026 only	cii	DRB1*04:04	cii
Dataset1	TGCCAAACAGCTGCTG-1	TRB:CASSLAVGSYNEQFF;TRA:CAEGFGAGNNRKLIW;TRA:CVVSGNYGQNFVF	C08	CD4_CTL	supercentenarian	CASSLAVGSYNEQFF	CVVSGNYGQNFVF	25	1449	0.01725327812284334	CASSLAVGSYNEQFF+TCRBV06-05+TCRBJ02-01	TCRBV06-05	TCRBJ02-01					False	DRB1*15:01	cii	9.0958036e-10	-9.041158925668288	h-DRB1_15_01-992	4.0	14.0	0.9821428571428572	0.5981813015061097	DRB1	True	right_only	False	2026 only	cii	DRB1*15:01	cii
Dataset1	TGCGGGTCACTTAACG-1	TRB:CASSFGTGLNGYTF;TRA:CLVGDRAGGGADGLTF	C08	CD8_TEMRA	supercentenarian	CASSFGTGLNGYTF	CLVGDRAGGGADGLTF	9	1449	0.006211180124223602	CASSFGTGLNGYTF+TCRBV05-01+TCRBJ01-02	TCRBV05-01	TCRBJ01-02	B*52:01	ci	feature18241_B_52_01	B	True											False	left_only	False	2024 only	ci	B*52:01	ci
Dataset1	TTAGGCACAGACGCAA-1	TRB:CASSSGLADYNEQFF;TRA:CAVRGYNKLIF;TRA:CPPLPTSRRALTF	C08	MAIT	supercentenarian	CASSSGLADYNEQFF	CPPLPTSRRALTF	1	1449	0.0006901311249137336	CASSSGLADYNEQFF+TCRBV06-05+TCRBJ02-01	TCRBV06-05	TCRBJ02-01	DRB5*02:02	cii	feature43549_DRB5_02_02	DRB5	True											False	left_only	False	2024 only	cii	DRB5*02:02	cii
Dataset1	TTATGCTCAGGTCTCG-1	TRB:CASSFGTGLNGYTF;TRA:CLVGDRAGGGADGLTF	C08	CD8_TEMRA	supercentenarian	CASSFGTGLNGYTF	CLVGDRAGGGADGLTF	9	1449	0.006211180124223602	CASSFGTGLNGYTF+TCRBV05-01+TCRBJ01-02	TCRBV05-01	TCRBJ01-02	B*52:01	ci	feature18241_B_52_01	B	True											False	left_only	False	2024 only	ci	B*52:01	ci
Dataset1	TTCGGTCAGAGCTGGT-1	TRB:CASSFGTGLNGYTF	C08	CD8_TEMRA	supercentenarian	CASSFGTGLNGYTF		3	1449	0.002070393374741201	CASSFGTGLNGYTF+TCRBV05-01+TCRBJ01-02	TCRBV05-01	TCRBJ01-02	B*52:01	ci	feature18241_B_52_01	B	True											False	left_only	False	2024 only	ci	B*52:01	ci
Dataset1	AACTCCCTCAGATAAG-2	TRB:CATSRVAGETQYF	A06	CD8_TEMRA	control	CATSRVAGETQYF		4	1360	0.0029411764705882353	CATSRVAGETQYF+TCRBV15-01+TCRBJ02-05	TCRBV15-01	TCRBJ02-05					False	C*07:02	ci	9.503298e-09	-8.022125652117346	h-C_07_02-298	6.0	7.0	0.5238095238095237	0.5475987496447854	C	True	right_only	False	2026 only	ci	C*07:02	ci
Dataset1	ACGAGCCTCCGGGTGT-2	TRB:CATSRVAGETQYF;TRA:CATEGNFGNEKLTF	A06	CD8_TEMRA	control	CATSRVAGETQYF	CATEGNFGNEKLTF	35	1360	0.025735294117647058	CATSRVAGETQYF+TCRBV15-01+TCRBJ02-05	TCRBV15-01	TCRBJ02-05					False	C*07:02	ci	9.503298e-09	-8.022125652117346	h-C_07_02-298	6.0	7.0	0.5238095238095237	0.5475987496447854	C	True	right_only	False	2026 only	ci	C*07:02	ci
Dataset1	AGAATAGCAATCCGAT-2	TRB:CATSRVAGETQYF;TRA:CATEGNFGNEKLTF	A06	CD8_TEMRA	control	CATSRVAGETQYF	CATEGNFGNEKLTF	35	1360	0.025735294117647058	CATSRVAGETQYF+TCRBV15-01+TCRBJ02-05	TCRBV15-01	TCRBJ02-05					False	C*07:02	ci	9.503298e-09	-8.022125652117346	h-C_07_02-298	6.0	7.0	0.5238095238095237	0.5475987496447854	C	True	right_only	False	2026 only	ci	C*07:02	ci
Dataset1	AGACGTTCATTTCACT-2	TRB:CASSEQDNEKLFF;TRA:CAMREGLGNSGYALNF	C10	CD8_TEM	supercentenarian	CASSEQDNEKLFF	CAMREGLGNSGYALNF	6	1306	0.004594180704441042	CASSEQDNEKLFF+TCRBV02-01+TCRBJ01-04	TCRBV02-01	TCRBJ01-04	C*04:01	ci	feature20022_C_04_01	C	True											False	left_only	False	2024 only	ci	C*04:01	ci
Dataset1	AGAGTGGTCACATAGC-2	TRB:CASSEQDNEKLFF;TRA:CAMREGLGNSGYALNF	C10	CD8_TEM	supercentenarian	CASSEQDNEKLFF	CAMREGLGNSGYALNF	6	1306	0.004594180704441042	CASSEQDNEKLFF+TCRBV02-01+TCRBJ01-04	TCRBV02-01	TCRBJ01-04	C*04:01	ci	feature20022_C_04_01	C	True											False	left_only	False	2024 only	ci	C*04:01	ci
Dataset1	AGCTTGACAAGCTGTT-2	TRB:CATSRVAGETQYF;TRA:CATEGNFGNEKLTF	A06	CD8_TEMRA	control	CATSRVAGETQYF	CATEGNFGNEKLTF	35	1360	0.025735294117647058	CATSRVAGETQYF+TCRBV15-01+TCRBJ02-05	TCRBV15-01	TCRBJ02-05					False	C*07:02	ci	9.503298e-09	-8.022125652117346	h-C_07_02-298	6.0	7.0	0.5238095238095237	0.5475987496447854	C	True	right_only	False	2026 only	ci	C*07:02	ci
Dataset1	AGGTCCGTCACATACG-2	TRB:CASSEQDNEKLFF;TRA:CAMREGLGNSGYALNF	C10	CD8_TEM	supercentenarian	CASSEQDNEKLFF	CAMREGLGNSGYALNF	6	1306	0.004594180704441042	CASSEQDNEKLFF+TCRBV02-01+TCRBJ01-04	TCRBV02-01	TCRBJ01-04	C*04:01	ci	feature20022_C_04_01	C	True											False	left_only	False	2024 only	ci	C*04:01	ci
Dataset1	AGTAGTCGTGTGTGCC-2	TRB:CASSLRLAGSTDTQYF;TRA:CVVTAQYGLNDMRF	A06	CD4_Naive	control	CASSLRLAGSTDTQYF	CVVTAQYGLNDMRF	1	1360	0.0007352941176470588	CASSLRLAGSTDTQYF+TCRBV06-02+TCRBJ02-03	TCRBV06-02	TCRBJ02-03					False	DRB1*07:01	cii	1.3420925e-09	-8.872217550593879	h-DRB1_07_01-718	11.0	19.0	0.9617224880382776	0.5242966751918158	DRB1	True	right_only	False	2026 only	cii	DRB1*07:01	cii
Dataset1	ATAAGAGTCTAGCACA-2	TRB:CATSRVAGETQYF;TRA:CATEGNFGNEKLTF	A06	CD8_TEMRA	control	CATSRVAGETQYF	CATEGNFGNEKLTF	35	1360	0.025735294117647058	CATSRVAGETQYF+TCRBV15-01+TCRBJ02-05	TCRBV15-01	TCRBJ02-05					False	C*07:02	ci	9.503298e-09	-8.022125652117346	h-C_07_02-298	6.0	7.0	0.5238095238095237	0.5475987496447854	C	True	right_only	False	2026 only	ci	C*07:02	ci
Dataset1	ATCCACCCAAGCTGTT-2	TRB:CATSRVAGETQYF;TRA:CATEGNFGNEKLTF	A06	CD8_TEMRA	control	CATSRVAGETQYF	CATEGNFGNEKLTF	35	1360	0.025735294117647058	CATSRVAGETQYF+TCRBV15-01+TCRBJ02-05	TCRBV15-01	TCRBJ02-05					False	C*07:02	ci	9.503298e-09	-8.022125652117346	h-C_07_02-298	6.0	7.0	0.5238095238095237	0.5475987496447854	C	True	right_only	False	2026 only	ci	C*07:02	ci
Dataset1	ATGGGAGTCGACGGAA-2	TRB:CATSRVAGETQYF;TRA:CATEGNFGNEKLTF	A06	CD8_TEMRA	control	CATSRVAGETQYF	CATEGNFGNEKLTF	35	1360	0.025735294117647058	CATSRVAGETQYF+TCRBV15-01+TCRBJ02-05	TCRBV15-01	TCRBJ02-05					False	C*07:02	ci	9.503298e-09	-8.022125652117346	h-C_07_02-298	6.0	7.0	0.5238095238095237	0.5475987496447854	C	True	right_only	False	2026 only	ci	C*07:02	ci
Dataset1	ATTGGTGCAGACGCAA-2	TRB:CASSLGTSAYNEQFF;TRA:CAMRKEAAGNKLTF	A06	CD4_Helper	control	CASSLGTSAYNEQFF	CAMRKEAAGNKLTF	1	1360	0.0007352941176470588	CASSLGTSAYNEQFF+TCRBV19-01+TCRBJ02-01	TCRBV19-01	TCRBJ02-01	DRB1*03:01	cii	feature34519_DRB1_03_01	DRB1	True	DRB3*01:01P	cii	4.893576e-10	-9.310373662454083	h-DRB3_01_01P-599	1.0	1.0		0.5562659846547315	DRB3	True	both	True	shared	cii	DRB1*03:01	cii
Dataset1	CAAGGCCTCACTGGGC-2	TRB:CATSRVAGETQYF;TRA:CATEGNFGNEKLTF	A06	CD8_TEMRA	control	CATSRVAGETQYF	CATEGNFGNEKLTF	35	1360	0.025735294117647058	CATSRVAGETQYF+TCRBV15-01+TCRBJ02-05	TCRBV15-01	TCRBJ02-05					False	C*07:02	ci	9.503298e-09	-8.022125652117346	h-C_07_02-298	6.0	7.0	0.5238095238095237	0.5475987496447854	C	True	right_only	False	2026 only	ci	C*07:02	ci
Dataset1	CAAGTTGCACCTTGTC-2	TRB:CATSRVAGETQYF;TRA:CATEGNFGNEKLTF	A06	CD8_TEMRA	control	CATSRVAGETQYF	CATEGNFGNEKLTF	35	1360	0.025735294117647058	CATSRVAGETQYF+TCRBV15-01+TCRBJ02-05	TCRBV15-01	TCRBJ02-05					False	C*07:02	ci	9.503298e-09	-8.022125652117346	h-C_07_02-298	6.0	7.0	0.5238095238095237	0.5475987496447854	C	True	right_only	False	2026 only	ci	C*07:02	ci
Dataset1	CACATTTGTGCACGAA-2	TRB:CASSLEQIAYEQYF;TRA:CAVRPGGNQFYF	C10	CD4_Naive	supercentenarian	CASSLEQIAYEQYF	CAVRPGGNQFYF	1	1306	0.0007656967840735069	CASSLEQIAYEQYF+TCRBV12-X+TCRBJ02-07	TCRBV12-X	TCRBJ02-07	DRB1*11:04	cii	feature39764_DRB1_11_04	DRB1	True											False	left_only	False	2024 only	cii	DRB1*11:04	cii
Dataset1	CAGCGACAGTTAAGTG-2	TRB:CATSRVAGETQYF;TRA:CATEGNFGNEKLTF	A06	CD8_TEMRA	control	CATSRVAGETQYF	CATEGNFGNEKLTF	35	1360	0.025735294117647058	CATSRVAGETQYF+TCRBV15-01+TCRBJ02-05	TCRBV15-01	TCRBJ02-05					False	C*07:02	ci	9.503298e-09	-8.022125652117346	h-C_07_02-298	6.0	7.0	0.5238095238095237	0.5475987496447854	C	True	right_only	False	2026 only	ci	C*07:02	ci
Dataset1	CAGGTGCTCATACGGT-2	TRB:CASSIRASYEQYF;TRA:CAENYDPNFGNEKLTF	A06	CD4_Naive	control	CASSIRASYEQYF	CAENYDPNFGNEKLTF	1	1360	0.0007352941176470588	CASSIRASYEQYF+TCRBV06-05+TCRBJ02-07	TCRBV06-05	TCRBJ02-07	DRB1*10:01	cii	feature39343_DRB1_10_01	DRB1	True											False	left_only	False	2024 only	cii	DRB1*10:01	cii
Dataset1	CATCGGGAGCCTTGAT-2	TRB:CASSPRGGQETQYF;TRA:CGAYTATGANNLFF	C10	CD4_Helper	supercentenarian	CASSPRGGQETQYF	CGAYTATGANNLFF	1	1306	0.0007656967840735069	CASSPRGGQETQYF+TCRBV07-09+TCRBJ02-05	TCRBV07-09	TCRBJ02-05	DPA1*01:03+DPB1*03:01	cii	feature23572_DPA1_01_03+DPB1_03_01	DPA1	True	DPA1*01:03+DPB1*104:01	cii	7.273719e-09	-8.138243480722421	h-DPA1_01_03_DPB1_104_01-411	6.0	9.0	1.0	0.5248650184711565	DPA1	True	both	True	shared	cii	DPA1*01:03+DPB1*03:01	cii
Dataset1	CATTATCAGGGTCGAT-2	TRB:CATSRVAGETQYF	A06	CD8_TEMRA	control	CATSRVAGETQYF		4	1360	0.0029411764705882353	CATSRVAGETQYF+TCRBV15-01+TCRBJ02-05	TCRBV15-01	TCRBJ02-05					False	C*07:02	ci	9.503298e-09	-8.022125652117346	h-C_07_02-298	6.0	7.0	0.5238095238095237	0.5475987496447854	C	True	right_only	False	2026 only	ci	C*07:02	ci
Dataset1	CCGGTAGTCAACGAAA-2	TRB:CATSRVAGETQYF;TRA:CATEGNFGNEKLTF	A06	CD8_TEMRA	control	CATSRVAGETQYF	CATEGNFGNEKLTF	35	1360	0.025735294117647058	CATSRVAGETQYF+TCRBV15-01+TCRBJ02-05	TCRBV15-01	TCRBJ02-05					False	C*07:02	ci	9.503298e-09	-8.022125652117346	h-C_07_02-298	6.0	7.0	0.5238095238095237	0.5475987496447854	C	True	right_only	False	2026 only	ci	C*07:02	ci
Dataset1	CCTAGCTAGCTACCTA-2	TRB:CATSRVAGETQYF;TRA:CATEGNFGNEKLTF	A06	CD8_TEMRA	control	CATSRVAGETQYF	CATEGNFGNEKLTF	35	1360	0.025735294117647058	CATSRVAGETQYF+TCRBV15-01+TCRBJ02-05	TCRBV15-01	TCRBJ02-05					False	C*07:02	ci	9.503298e-09	-8.022125652117346	h-C_07_02-298	6.0	7.0	0.5238095238095237	0.5475987496447854	C	True	right_only	False	2026 only	ci	C*07:02	ci
Dataset1	CCTAGCTCAGCCTATA-2	TRB:CATSRVAGETQYF	A06	CD8_TEMRA	control	CATSRVAGETQYF		4	1360	0.0029411764705882353	CATSRVAGETQYF+TCRBV15-01+TCRBJ02-05	TCRBV15-01	TCRBJ02-05					False	C*07:02	ci	9.503298e-09	-8.022125652117346	h-C_07_02-298	6.0	7.0	0.5238095238095237	0.5475987496447854	C	True	right_only	False	2026 only	ci	C*07:02	ci
Dataset1	CCTCAGTTCTACCAGA-2	TRB:CATSRVAGETQYF;TRA:CATEGNFGNEKLTF	A06	CD8_TEMRA	control	CATSRVAGETQYF	CATEGNFGNEKLTF	35	1360	0.025735294117647058	CATSRVAGETQYF+TCRBV15-01+TCRBJ02-05	TCRBV15-01	TCRBJ02-05					False	C*07:02	ci	9.503298e-09	-8.022125652117346	h-C_07_02-298	6.0	7.0	0.5238095238095237	0.5475987496447854	C	True	right_only	False	2026 only	ci	C*07:02	ci
Dataset1	CCTTACGTCAAACCGT-2	TRB:CASSFYNQPQHF;TRA:CAASGLAGGGNKLTF	A06	CD4_Naive	control	CASSFYNQPQHF	CAASGLAGGGNKLTF	1	1360	0.0007352941176470588	CASSFYNQPQHF+TCRBV13-01+TCRBJ01-05	TCRBV13-01	TCRBJ01-05	DRB1*07:01	cii	feature37525_DRB1_07_01	DRB1	True	DRB1*07:01	cii	3.714818e-09	-8.430062458762603	h-DRB1_07_01-718	11.0	19.0	0.9617224880382776	0.5242966751918158	DRB1	True	both	True	shared	cii	DRB1*07:01	cii
Dataset1	CGATCGGGTTCGTGAT-2	TRB:CATSRVAGETQYF;TRA:CATEGNFGNEKLTF	A06	CD8_TEMRA	control	CATSRVAGETQYF	CATEGNFGNEKLTF	35	1360	0.025735294117647058	CATSRVAGETQYF+TCRBV15-01+TCRBJ02-05	TCRBV15-01	TCRBJ02-05					False	C*07:02	ci	9.503298e-09	-8.022125652117346	h-C_07_02-298	6.0	7.0	0.5238095238095237	0.5475987496447854	C	True	right_only	False	2026 only	ci	C*07:02	ci
Dataset1	CGATGTAGTGTTCTTT-2	TRB:CATSRVAGETQYF;TRA:CATEGNFGNEKLTF	A06	CD8_TEMRA	control	CATSRVAGETQYF	CATEGNFGNEKLTF	35	1360	0.025735294117647058	CATSRVAGETQYF+TCRBV15-01+TCRBJ02-05	TCRBV15-01	TCRBJ02-05					False	C*07:02	ci	9.503298e-09	-8.022125652117346	h-C_07_02-298	6.0	7.0	0.5238095238095237	0.5475987496447854	C	True	right_only	False	2026 only	ci	C*07:02	ci
Dataset1	CGGACGTGTAGGAGTC-2	TRB:CATSRVAGETQYF;TRA:CATEGNFGNEKLTF	A06	CD8_TEMRA	control	CATSRVAGETQYF	CATEGNFGNEKLTF	35	1360	0.025735294117647058	CATSRVAGETQYF+TCRBV15-01+TCRBJ02-05	TCRBV15-01	TCRBJ02-05					False	C*07:02	ci	9.503298e-09	-8.022125652117346	h-C_07_02-298	6.0	7.0	0.5238095238095237	0.5475987496447854	C	True	right_only	False	2026 only	ci	C*07:02	ci
Dataset1	CGTAGCGGTACTTCTT-2	TRB:CASSSLRGDTQYF;TRA:CALFYNQGGKLIF	A06	CD4_Treg	control	CASSSLRGDTQYF	CALFYNQGGKLIF	1	1360	0.0007352941176470588	CASSSLRGDTQYF+TCRBV07-06+TCRBJ02-03	TCRBV07-06	TCRBJ02-03	DQA1*01:04+DQB1*05:03	cii	feature31659_DQA1_01_04+DQB1_05_03	DQA1	True	DRB1*14:01P	cii	7.714754e-10	-9.112677917707881	h-DRB1_14_01P-354	1.0	4.0		0.5595339585109407	DRB1	True	both	True	shared	cii	DQA1*01:04+DQB1*05:03	cii
Dataset1	CGTCAGGTCACCGGGT-2	TRB:CASSPSRNTEAFF;TRA:CAASIGNFGNEKLTF	C10	CD8_TEMRA	supercentenarian	CASSPSRNTEAFF	CAASIGNFGNEKLTF	1	1306	0.0007656967840735069	CASSPSRNTEAFF+TCRBV04-03+TCRBJ01-01	TCRBV04-03	TCRBJ01-01					False	B*07:02	ci	3.6551124e-09	-8.437099263316464	h-B_07_02-535	6.0	8.0	1.0	0.6116794543904518	B	True	right_only	False	2026 only	ci	B*07:02	ci
Dataset1	CGTCCATGTTTCCACC-2	TRB:CASSLPAGELFF;TRA:CAMWDQGAQKLVF	A06	CD4_Helper	control	CASSLPAGELFF	CAMWDQGAQKLVF	1	1360	0.0007352941176470588	CASSLPAGELFF+TCRBV06-02+TCRBJ02-02	TCRBV06-02	TCRBJ02-02	B*13:02	ci	feature8455_B_13_02	B	True											False	left_only	False	2024 only	ci	B*13:02	ci
Dataset1	CGTGTCTTCATAGCAC-2	TRB:CATSRVAGETQYF;TRA:CATEGNFGNEKLTF	A06	CD8_TEMRA	control	CATSRVAGETQYF	CATEGNFGNEKLTF	35	1360	0.025735294117647058	CATSRVAGETQYF+TCRBV15-01+TCRBJ02-05	TCRBV15-01	TCRBJ02-05					False	C*07:02	ci	9.503298e-09	-8.022125652117346	h-C_07_02-298	6.0	7.0	0.5238095238095237	0.5475987496447854	C	True	right_only	False	2026 only	ci	C*07:02	ci
Dataset1	CGTTAGACAGCTCGAC-2	TRB:CATSRVAGETQYF;TRA:CATEGNFGNEKLTF	A06	CD8_TEMRA	control	CATSRVAGETQYF	CATEGNFGNEKLTF	35	1360	0.025735294117647058	CATSRVAGETQYF+TCRBV15-01+TCRBJ02-05	TCRBV15-01	TCRBJ02-05					False	C*07:02	ci	9.503298e-09	-8.022125652117346	h-C_07_02-298	6.0	7.0	0.5238095238095237	0.5475987496447854	C	True	right_only	False	2026 only	ci	C*07:02	ci
Dataset1	CTAGCCTAGTGTACGG-2	TRB:CASSSEWGTDTQYF	A06	CD4_Treg	control	CASSSEWGTDTQYF		1	1360	0.0007352941176470588	CASSSEWGTDTQYF+TCRBV05-05+TCRBJ02-03	TCRBV05-05	TCRBJ02-03					False	DRB3*02:02	cii	7.9816175e-11	-10.09790908858152	h-DRB3_02_02-99	20.0	25.0	0.966	0.7067348678601876	DRB3	True	right_only	False	2026 only	cii	DRB3*02:02	cii
Dataset1	CTCGGGAGTGCACGAA-2	TRB:CASSLGQGRANVLTF;TRA:CALSDLSSGYSTLTF	A06	CD4_Helper	control	CASSLGQGRANVLTF	CALSDLSSGYSTLTF	1	1360	0.0007352941176470588	CASSLGQGRANVLTF+TCRBV07-06+TCRBJ02-06	TCRBV07-06	TCRBJ02-06					False	DRB1*08:04	cii	3.7070985e-10	-9.430965874332415	h-DRB1_08_04-228	0.0	0.0		0.539357772094345	DRB1	True	right_only	False	2026 only	cii	DRB1*08:04	cii
Dataset1	CTGATCCGTCCAAGTT-2	TRB:CASSPDGGSGNTIYF;TRA:CAVEDPSGGYNKLIF	A06	CD4_Naive	control	CASSPDGGSGNTIYF	CAVEDPSGGYNKLIF	1	1360	0.0007352941176470588	CASSPDGGSGNTIYF+TCRBV19-01+TCRBJ01-03	TCRBV19-01	TCRBJ01-03					False	DQA1*01:02+DQB1*06:02	cii	4.667763e-10	-9.330891202842002	h-DQA1_01_02_DQB1_06_02-7	4.0	13.0	1.0	0.5910770105143506	DQA1	True	right_only	False	2026 only	cii	DQA1*01:02+DQB1*06:02	cii
Dataset1	CTGTTTAGTCCGAATT-2	TRB:CATSRVAGETQYF;TRA:CATEGNFGNEKLTF	A06	CD8_TEMRA	control	CATSRVAGETQYF	CATEGNFGNEKLTF	35	1360	0.025735294117647058	CATSRVAGETQYF+TCRBV15-01+TCRBJ02-05	TCRBV15-01	TCRBJ02-05					False	C*07:02	ci	9.503298e-09	-8.022125652117346	h-C_07_02-298	6.0	7.0	0.5238095238095237	0.5475987496447854	C	True	right_only	False	2026 only	ci	C*07:02	ci
Dataset1	CTTAACTTCCTGCAGG-2	TRB:CASSLGPYEQYF;TRA:CAESDNNDMRF	C10	CD8_TEM	supercentenarian	CASSLGPYEQYF	CAESDNNDMRF	1	1306	0.0007656967840735069	CASSLGPYEQYF+TCRBV12-03/12-04+TCRBJ02-07	TCRBV12-03/12-04	TCRBJ02-07					False	DRB1*01:01	cii	7.77372e-08	-7.109371106185444	h-DRB1_01_01-298	6.0	4.0	1.0	0.4997158283603296	DRB1	True	right_only	False	2026 only	cii	DRB1*01:01	cii
Dataset1	CTTCTCTGTTCCCTTG-2	TRB:CATSRVAGETQYF;TRA:CATEGNFGNEKLTF	A06	CD8_TEMRA	control	CATSRVAGETQYF	CATEGNFGNEKLTF	35	1360	0.025735294117647058	CATSRVAGETQYF+TCRBV15-01+TCRBJ02-05	TCRBV15-01	TCRBJ02-05					False	C*07:02	ci	9.503298e-09	-8.022125652117346	h-C_07_02-298	6.0	7.0	0.5238095238095237	0.5475987496447854	C	True	right_only	False	2026 only	ci	C*07:02	ci
Dataset1	GAAACTCGTATTACCG-2	TRB:CASSEQDNEKLFF;TRA:CAMREGLGNSGYALNF	C10	CD8_TEM	supercentenarian	CASSEQDNEKLFF	CAMREGLGNSGYALNF	6	1306	0.004594180704441042	CASSEQDNEKLFF+TCRBV02-01+TCRBJ01-04	TCRBV02-01	TCRBJ01-04	C*04:01	ci	feature20022_C_04_01	C	True											False	left_only	False	2024 only	ci	C*04:01	ci
Dataset1	GAAATGAAGCACACAG-2	TRB:CATSRVAGETQYF;TRA:CATEGNFGNEKLTF	A06	CD8_TEMRA	control	CATSRVAGETQYF	CATEGNFGNEKLTF	35	1360	0.025735294117647058	CATSRVAGETQYF+TCRBV15-01+TCRBJ02-05	TCRBV15-01	TCRBJ02-05					False	C*07:02	ci	9.503298e-09	-8.022125652117346	h-C_07_02-298	6.0	7.0	0.5238095238095237	0.5475987496447854	C	True	right_only	False	2026 only	ci	C*07:02	ci
Dataset1	GAACCTAAGTCGAGTG-2	TRB:CATSRVAGETQYF;TRA:CATEGNFGNEKLTF	A06	CD8_TEMRA	control	CATSRVAGETQYF	CATEGNFGNEKLTF	35	1360	0.025735294117647058	CATSRVAGETQYF+TCRBV15-01+TCRBJ02-05	TCRBV15-01	TCRBJ02-05					False	C*07:02	ci	9.503298e-09	-8.022125652117346	h-C_07_02-298	6.0	7.0	0.5238095238095237	0.5475987496447854	C	True	right_only	False	2026 only	ci	C*07:02	ci
Dataset1	GACCAATTCAAACCAC-2	TRB:CATSRVAGETQYF;TRA:CATEGNFGNEKLTF	A06	CD8_TEMRA	control	CATSRVAGETQYF	CATEGNFGNEKLTF	35	1360	0.025735294117647058	CATSRVAGETQYF+TCRBV15-01+TCRBJ02-05	TCRBV15-01	TCRBJ02-05					False	C*07:02	ci	9.503298e-09	-8.022125652117346	h-C_07_02-298	6.0	7.0	0.5238095238095237	0.5475987496447854	C	True	right_only	False	2026 only	ci	C*07:02	ci
Dataset1	GAGCAGACACACTGCG-2	TRB:CATSRVAGETQYF;TRA:CATEGNFGNEKLTF	A06	CD8_TEMRA	control	CATSRVAGETQYF	CATEGNFGNEKLTF	35	1360	0.025735294117647058	CATSRVAGETQYF+TCRBV15-01+TCRBJ02-05	TCRBV15-01	TCRBJ02-05					False	C*07:02	ci	9.503298e-09	-8.022125652117346	h-C_07_02-298	6.0	7.0	0.5238095238095237	0.5475987496447854	C	True	right_only	False	2026 only	ci	C*07:02	ci
Dataset1	GCGCAACTCTACCTGC-2	TRB:CATSRVAGETQYF;TRA:CATEGNFGNEKLTF	A06	CD8_TEMRA	control	CATSRVAGETQYF	CATEGNFGNEKLTF	35	1360	0.025735294117647058	CATSRVAGETQYF+TCRBV15-01+TCRBJ02-05	TCRBV15-01	TCRBJ02-05					False	C*07:02	ci	9.503298e-09	-8.022125652117346	h-C_07_02-298	6.0	7.0	0.5238095238095237	0.5475987496447854	C	True	right_only	False	2026 only	ci	C*07:02	ci
Dataset1	GCGCAGTAGAATAGGG-2	TRB:CASSSGTSSYNEQFF;TRA:CAYRSALYGQNFVF	A06	CD8_TEM	control	CASSSGTSSYNEQFF	CAYRSALYGQNFVF	1	1360	0.0007352941176470588	CASSSGTSSYNEQFF+TCRBV02-01+TCRBJ02-01	TCRBV02-01	TCRBJ02-01					False	DRB3*01:01P	cii	1.7075932e-09	-8.76761558331782	h-DRB3_01_01P-599	1.0	1.0		0.5562659846547315	DRB3	True	right_only	False	2026 only	cii	DRB3*01:01P	cii
Dataset1	GCGCAGTAGAATAGGG-2	TRB:CASSSGTSSYNEQFF;TRA:CAYRSALYGQNFVF	A06	CD8_TEM	control	CASSSGTSSYNEQFF	CAYRSALYGQNFVF	1	1360	0.0007352941176470588	CASSSGTSSYNEQFF+TCRBV07-02+TCRBJ02-01	TCRBV07-02	TCRBJ02-01					False	DRB3*01:01P	cii	5.1192943e-09	-8.29078990284044	h-DRB3_01_01P-599	1.0	1.0		0.5562659846547315	DRB3	True	right_only	False	2026 only	cii	DRB3*01:01P	cii
Dataset1	GCGGGTTGTTACGCGC-2	TRB:CATSRVAGETQYF;TRA:CATEGNFGNEKLTF	A06	CD8_TEMRA	control	CATSRVAGETQYF	CATEGNFGNEKLTF	35	1360	0.025735294117647058	CATSRVAGETQYF+TCRBV15-01+TCRBJ02-05	TCRBV15-01	TCRBJ02-05					False	C*07:02	ci	9.503298e-09	-8.022125652117346	h-C_07_02-298	6.0	7.0	0.5238095238095237	0.5475987496447854	C	True	right_only	False	2026 only	ci	C*07:02	ci
Dataset1	GGACAGAGTGTCTGAT-2	TRB:CASSLGQHNEQFF;TRA:CAASGSNDYKLSF	A06	CD4_Naive	control	CASSLGQHNEQFF	CAASGSNDYKLSF	1	1360	0.0007352941176470588	CASSLGQHNEQFF+TCRBV09-01+TCRBJ02-01	TCRBV09-01	TCRBJ02-01	DRB1*13:01	cii	feature40548_DRB1_13_01	DRB1	True	DQA1*01:03+DQB1*06:03	cii	9.632661e-10	-9.016253723469672	h-DQA1_01_03_DQB1_06_03-508	1.0	2.0		0.522023302074453	DQA1	True	both	True	shared	cii	DRB1*13:01	cii
Dataset1	GGATGTTGTGTTGGGA-2	TRB:CASSEQDNEKLFF;TRA:CAMREGLGNSGYALNF	C10	CD8_TEM	supercentenarian	CASSEQDNEKLFF	CAMREGLGNSGYALNF	6	1306	0.004594180704441042	CASSEQDNEKLFF+TCRBV02-01+TCRBJ01-04	TCRBV02-01	TCRBJ01-04	C*04:01	ci	feature20022_C_04_01	C	True											False	left_only	False	2024 only	ci	C*04:01	ci
Dataset1	GGCGTGTGTGAGTATA-2	TRB:CATSRVAGETQYF	A06	CD8_TEMRA	control	CATSRVAGETQYF		4	1360	0.0029411764705882353	CATSRVAGETQYF+TCRBV15-01+TCRBJ02-05	TCRBV15-01	TCRBJ02-05					False	C*07:02	ci	9.503298e-09	-8.022125652117346	h-C_07_02-298	6.0	7.0	0.5238095238095237	0.5475987496447854	C	True	right_only	False	2026 only	ci	C*07:02	ci
Dataset1	GTCGTAATCCGGCACA-2	TRB:CASSLEGLAYEQYF;TRA:CAENRRGNMLTF	A06	CD4_Naive	control	CASSLEGLAYEQYF	CAENRRGNMLTF	1	1360	0.0007352941176470588	CASSLEGLAYEQYF+TCRBV05-06+TCRBJ02-07	TCRBV05-06	TCRBJ02-07	DQA1*01:03+DQB1*06:03	cii	feature31466_DQA1_01_03+DQB1_06_03	DQA1	True	DRB1*13:01	cii	6.568331e-09	-8.182544969796748	h-DRB1_13_01-221	2.0	5.0		0.6243250923557829	DRB1	True	both	True	shared	cii	DQA1*01:03+DQB1*06:03	cii
Dataset1	GTGTTAGTCTGGTATG-2	TRB:CASSESLGGYGYTF;TRA:CAPRRGGGSNYKLTF	C10	CD8_TEM	supercentenarian	CASSESLGGYGYTF	CAPRRGGGSNYKLTF	1	1306	0.0007656967840735069	CASSESLGGYGYTF+TCRBV10-01+TCRBJ01-02	TCRBV10-01	TCRBJ01-02					False	DRB5*01:01	cii	3.3483134e-09	-8.475173899089583	h-DRB5_01_01-883	0.0	1.0		0.6655299801079853	DRB5	True	right_only	False	2026 only	cii	DRB5*01:01	cii
Dataset1	GTTCATTCACGCCAGT-2	TRB:CASSLARGTYNEQFF;TRA:CAVNGDNNARLMF	A06	CD4_Helper	control	CASSLARGTYNEQFF	CAVNGDNNARLMF	1	1360	0.0007352941176470588	CASSLARGTYNEQFF+TCRBV11-02+TCRBJ02-01	TCRBV11-02	TCRBJ02-01					False	DRB1*04:04	cii	1.7846139e-09	-8.748455728704169	h-DRB1_04_04-340	2.0	3.0		0.6024438761011651	DRB1	True	right_only	False	2026 only	cii	DRB1*04:04	cii
Dataset1	TAAGTGCTCGCCGTGA-2	TRB:CATSRVAGETQYF;TRA:CATEGNFGNEKLTF	A06	CD8_TEMRA	control	CATSRVAGETQYF	CATEGNFGNEKLTF	35	1360	0.025735294117647058	CATSRVAGETQYF+TCRBV15-01+TCRBJ02-05	TCRBV15-01	TCRBJ02-05					False	C*07:02	ci	9.503298e-09	-8.022125652117346	h-C_07_02-298	6.0	7.0	0.5238095238095237	0.5475987496447854	C	True	right_only	False	2026 only	ci	C*07:02	ci
Dataset1	TAGACCACATTAACCG-2	TRB:CASSQGPSYEQYF;TRA:CAATIGRDDKIIF	C10	CD8_TEMRA	supercentenarian	CASSQGPSYEQYF	CAATIGRDDKIIF	1	1306	0.0007656967840735069	CASSQGPSYEQYF+TCRBV07-03+TCRBJ02-07	TCRBV07-03	TCRBJ02-07	B*44:02	ci	feature16055_B_44_02	B	True	B*44:02	ci	2.6230891e-08	-7.581186957224694	h-B_44_02-121	6.0	8.0	0.8333333333333333	0.5998863313441318	B	True	both	True	shared	ci	B*44:02	ci
Dataset1	TCAGGATAGATCCTGT-2	TRB:CASSSQQNTEAFF;TRA:CAMRERGVGRGLNSGGSNYKLTF	C10	CD4_Naive	supercentenarian	CASSSQQNTEAFF	CAMRERGVGRGLNSGGSNYKLTF	1	1306	0.0007656967840735069	CASSSQQNTEAFF+TCRBV19-01+TCRBJ01-01	TCRBV19-01	TCRBJ01-01	DQA1*01:01+DQB1*05:01	cii	feature29890_DQA1_01_01+DQB1_05_01	DQA1	True	DRB1*01:01	cii	9.1286667e-10	-9.039592649313155	h-DRB1_01_01-298	6.0	4.0	1.0	0.4997158283603296	DRB1	True	both	True	shared	cii	DQA1*01:01+DQB1*05:01	cii
Dataset1	TCATTTGAGTCACGCC-2	TRB:CASSEQDNEKLFF;TRA:CAMREGLGNSGYALNF	C10	CD8_TEM	supercentenarian	CASSEQDNEKLFF	CAMREGLGNSGYALNF	6	1306	0.004594180704441042	CASSEQDNEKLFF+TCRBV02-01+TCRBJ01-04	TCRBV02-01	TCRBJ01-04	C*04:01	ci	feature20022_C_04_01	C	True											False	left_only	False	2024 only	ci	C*04:01	ci
Dataset1	TCTATTGCAATGAATG-2	TRB:CATSRVAGETQYF;TRA:CATEGNFGNEKLTF	A06	CD8_TEMRA	control	CATSRVAGETQYF	CATEGNFGNEKLTF	35	1360	0.025735294117647058	CATSRVAGETQYF+TCRBV15-01+TCRBJ02-05	TCRBV15-01	TCRBJ02-05					False	C*07:02	ci	9.503298e-09	-8.022125652117346	h-C_07_02-298	6.0	7.0	0.5238095238095237	0.5475987496447854	C	True	right_only	False	2026 only	ci	C*07:02	ci
Dataset1	TCTGAGAAGGATGGAA-2	TRB:CASSFQGAVGYTF;TRA:CAVTGTASKLTF	C10	CD4_Naive	supercentenarian	CASSFQGAVGYTF	CAVTGTASKLTF	1	1306	0.0007656967840735069	CASSFQGAVGYTF+TCRBV06-05+TCRBJ01-02	TCRBV06-05	TCRBJ01-02					False	DRB1*07:01	cii	1.9376822e-10	-9.712717450249126	h-DRB1_07_01-718	11.0	19.0	0.9617224880382776	0.5242966751918158	DRB1	True	right_only	False	2026 only	cii	DRB1*07:01	cii
Dataset1	TCTGAGACACGCCAGT-2	TRB:CATSRVAGETQYF;TRA:CATEGNFGNEKLTF	A06	CD8_TEMRA	control	CATSRVAGETQYF	CATEGNFGNEKLTF	35	1360	0.025735294117647058	CATSRVAGETQYF+TCRBV15-01+TCRBJ02-05	TCRBV15-01	TCRBJ02-05					False	C*07:02	ci	9.503298e-09	-8.022125652117346	h-C_07_02-298	6.0	7.0	0.5238095238095237	0.5475987496447854	C	True	right_only	False	2026 only	ci	C*07:02	ci
Dataset1	TCTTTCCTCTGCTTGC-2	TRB:CATSRVAGETQYF;TRA:CATEGNFGNEKLTF	A06	CD8_TEMRA	control	CATSRVAGETQYF	CATEGNFGNEKLTF	35	1360	0.025735294117647058	CATSRVAGETQYF+TCRBV15-01+TCRBJ02-05	TCRBV15-01	TCRBJ02-05					False	C*07:02	ci	9.503298e-09	-8.022125652117346	h-C_07_02-298	6.0	7.0	0.5238095238095237	0.5475987496447854	C	True	right_only	False	2026 only	ci	C*07:02	ci
Dataset1	TGACAACGTCTAGTCA-2	TRB:CATSRVAGETQYF;TRA:CATEGNFGNEKLTF	A06	CD8_TEMRA	control	CATSRVAGETQYF	CATEGNFGNEKLTF	35	1360	0.025735294117647058	CATSRVAGETQYF+TCRBV15-01+TCRBJ02-05	TCRBV15-01	TCRBJ02-05					False	C*07:02	ci	9.503298e-09	-8.022125652117346	h-C_07_02-298	6.0	7.0	0.5238095238095237	0.5475987496447854	C	True	right_only	False	2026 only	ci	C*07:02	ci
Dataset1	TTCGAAGCACCACCAG-2	TRB:CATSRVAGETQYF;TRA:CATEGNFGNEKLTF	A06	CD8_TEMRA	control	CATSRVAGETQYF	CATEGNFGNEKLTF	35	1360	0.025735294117647058	CATSRVAGETQYF+TCRBV15-01+TCRBJ02-05	TCRBV15-01	TCRBJ02-05					False	C*07:02	ci	9.503298e-09	-8.022125652117346	h-C_07_02-298	6.0	7.0	0.5238095238095237	0.5475987496447854	C	True	right_only	False	2026 only	ci	C*07:02	ci
Dataset1	TTCTCAAAGAGTACCG-2	TRB:CATSRVAGETQYF;TRA:CATEGNFGNEKLTF	A06	MKI67	control	CATSRVAGETQYF	CATEGNFGNEKLTF	35	1360	0.025735294117647058	CATSRVAGETQYF+TCRBV15-01+TCRBJ02-05	TCRBV15-01	TCRBJ02-05					False	C*07:02	ci	9.503298e-09	-8.022125652117346	h-C_07_02-298	6.0	7.0	0.5238095238095237	0.5475987496447854	C	True	right_only	False	2026 only	ci	C*07:02	ci
Dataset1	TTCTCAAGTCTAGAGG-2	TRB:CATSRVAGETQYF;TRA:CATEGNFGNEKLTF	A06	CD8_TEMRA	control	CATSRVAGETQYF	CATEGNFGNEKLTF	35	1360	0.025735294117647058	CATSRVAGETQYF+TCRBV15-01+TCRBJ02-05	TCRBV15-01	TCRBJ02-05					False	C*07:02	ci	9.503298e-09	-8.022125652117346	h-C_07_02-298	6.0	7.0	0.5238095238095237	0.5475987496447854	C	True	right_only	False	2026 only	ci	C*07:02	ci
Dataset1	TTCTCCTTCGTACCGG-2	TRB:CATSRVAGETQYF;TRA:CATEGNFGNEKLTF	A06	CD8_TEMRA	control	CATSRVAGETQYF	CATEGNFGNEKLTF	35	1360	0.025735294117647058	CATSRVAGETQYF+TCRBV15-01+TCRBJ02-05	TCRBV15-01	TCRBJ02-05					False	C*07:02	ci	9.503298e-09	-8.022125652117346	h-C_07_02-298	6.0	7.0	0.5238095238095237	0.5475987496447854	C	True	right_only	False	2026 only	ci	C*07:02	ci
Dataset1	TTGACTTGTACGCACC-2	TRB:CASSPRGQGSNTEAFF;TRA:CAVRRNGQKLLF	A06	CD4_CTL	control	CASSPRGQGSNTEAFF	CAVRRNGQKLLF	1	1360	0.0007352941176470588	CASSPRGQGSNTEAFF+TCRBV18-01+TCRBJ01-01	TCRBV18-01	TCRBJ01-01	DPA1*02:02+DPB1*05:01	cii	feature29615_DPA1_02_02+DPB1_05_01	DPA1	True	DPA1*02:02+DPB1*05:01	cii	2.1876565e-09	-8.660020868748962	h-DPA1_02_02_DPB1_05_01-191	9.0	5.0	0.8888888888888888	0.5994600738846263	DPA1	True	both	True	shared	cii	DPA1*02:02+DPB1*05:01	cii
Dataset1	TTGGCAAGTGTTTGTG-2	TRB:CASQQGAGNTIYF;TRA:CAVDIQTSGSRLTF	A06	CD4_Naive	control	CASQQGAGNTIYF	CAVDIQTSGSRLTF	1	1360	0.0007352941176470588	CASQQGAGNTIYF+TCRBV12-05+TCRBJ01-03	TCRBV12-05	TCRBJ01-03					False	DRB1*07:01	cii	7.3510316e-11	-10.13365171033758	h-DRB1_07_01-718	11.0	19.0	0.9617224880382776	0.5242966751918158	DRB1	True	right_only	False	2026 only	cii	DRB1*07:01	cii
Dataset1	TTGTAGGAGCGAAGGG-2	TRB:CATSRVAGETQYF;TRA:CATEGNFGNEKLTF	A06	CD8_TEMRA	control	CATSRVAGETQYF	CATEGNFGNEKLTF	35	1360	0.025735294117647058	CATSRVAGETQYF+TCRBV15-01+TCRBJ02-05	TCRBV15-01	TCRBJ02-05					False	C*07:02	ci	9.503298e-09	-8.022125652117346	h-C_07_02-298	6.0	7.0	0.5238095238095237	0.5475987496447854	C	True	right_only	False	2026 only	ci	C*07:02	ci
Dataset1	AAAGCAAGTCAATGTC-3	TRB:CASSSGNEQFF;TRA:CLVGVLPGGTGRRALTF	A01	MAIT	control	CASSSGNEQFF	CLVGVLPGGTGRRALTF	1	2136	0.00046816479400749064	CASSSGNEQFF+TCRBV10-03+TCRBJ02-01	TCRBV10-03	TCRBJ02-01	B*35:03	ci	feature12626_B_35_03	B	True											False	left_only	False	2024 only	ci	B*35:03	ci
Dataset1	AACCATGAGTAGCCGA-3	TRB:CASSEIGATNYGYTF;TRA:CARNTGNQFYF	A01	CD8_TEMRA	control	CASSEIGATNYGYTF	CARNTGNQFYF	6	2136	0.0028089887640449437	CASSEIGATNYGYTF+TCRBV06-01+TCRBJ01-02	TCRBV06-01	TCRBJ01-02	A*02:01	ci	feature689_A_02_01	A	True	A*02:01	ci	1.4778737e-10	-9.830362679430243	h-A_02_01-15	23.0	32.0	0.9429347826086956	0.7256322818982666	A	True	both	True	shared	ci	A*02:01	ci
Dataset1	ACAGCTAGTGGGTATG-3	TRB:CASSFLTGTEAFF;TRA:CGTEQDSGNTPLVF;TRA:CVAIMNRDDKIIF	A01	CD4_Naive	control	CASSFLTGTEAFF	CVAIMNRDDKIIF	1	2136	0.00046816479400749064	CASSFLTGTEAFF+TCRBV06-04+TCRBJ01-01	TCRBV06-04	TCRBJ01-01	DRB1*14:54	cii	feature41470_DRB1_14_54	DRB1	True											False	left_only	False	2024 only	cii	DRB1*14:54	cii
Dataset1	ACGAGCCAGGGTATCG-3	TRB:CASSWTENTEAFF;TRA:CALMEYGNKLVF	C01	CD4_Helper	supercentenarian	CASSWTENTEAFF	CALMEYGNKLVF	3	1570	0.001910828025477707	CASSWTENTEAFF+TCRBV27-01+TCRBJ01-01	TCRBV27-01	TCRBJ01-01	DRB1*01:01	cii	feature33517_DRB1_01_01	DRB1	True	DRB1*01:01	cii	9.672814e-09	-8.01444716326049	h-DRB1_01_01-298	6.0	4.0	1.0	0.4997158283603296	DRB1	True	both	True	shared	cii	DRB1*01:01	cii
Dataset1	ACGGAGATCCTAGTGA-3	TRB:CASSLDRGSEQFF	A01	CD4_Naive	control	CASSLDRGSEQFF		1	2136	0.00046816479400749064	CASSLDRGSEQFF+TCRBV07-03+TCRBJ02-01	TCRBV07-03	TCRBJ02-01					False	DRB1*01:01	cii	1.4961263e-09	-8.825031742649514	h-DRB1_01_01-298	6.0	4.0	1.0	0.4997158283603296	DRB1	True	right_only	False	2026 only	cii	DRB1*01:01	cii
Dataset1	ACTATCTTCCGAATGT-3	TRB:CASSEFAVREQYF;TRA:CVVNMGGYQKVTF	C01	CD4_Helper	supercentenarian	CASSEFAVREQYF	CVVNMGGYQKVTF	2	1570	0.0012738853503184713	CASSEFAVREQYF+TCRBV06-01+TCRBJ02-07	TCRBV06-01	TCRBJ02-07					False	DRB1*01:01	cii	2.3833517e-11	-10.622811866130645	h-DRB1_01_01-298	6.0	4.0	1.0	0.4997158283603296	DRB1	True	right_only	False	2026 only	cii	DRB1*01:01	cii
Dataset1	ACTGTCCGTCTTGTCC-3	TRB:CASSTGVGQPQHF;TRA:CAMRPYNTDKLIF	A01	CD8_TEM	control	CASSTGVGQPQHF	CAMRPYNTDKLIF	1	2136	0.00046816479400749064	CASSTGVGQPQHF+TCRBV07-08+TCRBJ01-05	TCRBV07-08	TCRBJ01-05	A*11:01	ci	feature2347_A_11_01	A	True											False	left_only	False	2024 only	ci	A*11:01	ci
Dataset1	AGAATAGAGCTTATCG-3	TRB:CASSLATGGGETQYF;TRA:CALSVINTGTASKLTF;TRA:CATMIQGAQKLVF	A01	CD4_Helper	control	CASSLATGGGETQYF	CATMIQGAQKLVF	1	2136	0.00046816479400749064	CASSLATGGGETQYF+TCRBV11-02+TCRBJ02-05	TCRBV11-02	TCRBJ02-05	DQA1*01:01+DQB1*05:01	cii	feature29890_DQA1_01_01+DQB1_05_01	DQA1	True	DQA1*01:01+DQB1*05:01	cii	1.1195783e-09	-8.950945527749273	h-DQA1_01_01_DQB1_05_01-323	9.0	8.0	1.0	0.6351236146632566	DQA1	True	both	True	shared	cii	DQA1*01:01+DQB1*05:01	cii
Dataset1	AGAGCGAGTGACCAAG-3	TRB:CASSETDTQYF;TRA:CAASRADNTDKLIF	C01	CD8_TEM	supercentenarian	CASSETDTQYF	CAASRADNTDKLIF	5	1570	0.0031847133757961785	CASSETDTQYF+TCRBV06-01+TCRBJ02-03	TCRBV06-01	TCRBJ02-03					False	A*31:01	ci	2.3794435e-08	-7.623524603086089	h-A_31_01-92	2.0	1.0		0.5889457232168229	A	True	right_only	False	2026 only	ci	A*31:01	ci
Dataset1	AGCGTATGTCGACTAT-3	TRB:CASSVDRGGQPQHF;TRA:CAYRSRNAGNMLTF	A01	CD4_Treg	control	CASSVDRGGQPQHF	CAYRSRNAGNMLTF	1	2136	0.00046816479400749064	CASSVDRGGQPQHF+TCRBV10-02+TCRBJ01-05	TCRBV10-02	TCRBJ01-05	DQA1*01:03+DQB1*06:03	cii	feature31466_DQA1_01_03+DQB1_06_03	DQA1	True											False	left_only	False	2024 only	cii	DQA1*01:03+DQB1*06:03	cii
Dataset1	CAACCAAGTCCTGCTT-3	TRB:CASSFGVGNSPLHF;TRA:CAVDTDKLIF	C01	CD4_Naive	supercentenarian	CASSFGVGNSPLHF	CAVDTDKLIF	1	1570	0.0006369426751592356	CASSFGVGNSPLHF+TCRBV12-X+TCRBJ01-06	TCRBV12-X	TCRBJ01-06					False	DQA1*01:02+DQB1*06:02	cii	3.6744155e-10	-9.43481173557667	h-DQA1_01_02_DQB1_06_02-7	4.0	13.0	1.0	0.5910770105143506	DQA1	True	right_only	False	2026 only	cii	DQA1*01:02+DQB1*06:02	cii
Dataset1	CACAAACAGAGGTTAT-3	TRB:CASTPGDTIYF;TRA:CAMKTSYDKVIF	C01	CD8_TEM	supercentenarian	CASTPGDTIYF	CAMKTSYDKVIF	1	1570	0.0006369426751592356	CASTPGDTIYF+TCRBV25-01+TCRBJ01-03	TCRBV25-01	TCRBJ01-03	C*07:02	ci	feature20421_C_07_02	C	True	C*07:02	ci	2.7316027e-10	-9.563582466683417	h-C_07_02-300	6.0	7.0	0.9166666666666669	0.5562659846547314	C	True	both	True	shared	ci	C*07:02	ci
Dataset1	CACACCTGTGACCAAG-3	TRB:CASSETDTQYF;TRA:CAASRADNTDKLIF	C01	CD8_TEM	supercentenarian	CASSETDTQYF	CAASRADNTDKLIF	5	1570	0.0031847133757961785	CASSETDTQYF+TCRBV06-01+TCRBJ02-03	TCRBV06-01	TCRBJ02-03					False	A*31:01	ci	2.3794435e-08	-7.623524603086089	h-A_31_01-92	2.0	1.0		0.5889457232168229	A	True	right_only	False	2026 only	ci	A*31:01	ci
Dataset1	CAGTCCTCAATCCAAC-3	TRB:CASSPQVAGNTIYF;TRA:CAVNTNAGKSTF	A01	CD4_Helper	control	CASSPQVAGNTIYF	CAVNTNAGKSTF	1	2136	0.00046816479400749064	CASSPQVAGNTIYF+TCRBV28-01+TCRBJ01-03	TCRBV28-01	TCRBJ01-03	DRB5*01:01	cii	feature43191_DRB5_01_01	DRB5	True	DRB5*01:01	cii	2.5606872e-10	-9.59164346940771	h-DRB5_01_01-883	0.0	1.0		0.6655299801079853	DRB5	True	both	True	shared	cii	DRB5*01:01	cii
Dataset1	CCACGGACAGTTCCCT-3	TRB:CASSTGTSSYNEQFF;TRA:CAVTLSGNTGKLIF	C01	CD4_Naive	supercentenarian	CASSTGTSSYNEQFF	CAVTLSGNTGKLIF	1	1570	0.0006369426751592356	CASSTGTSSYNEQFF+TCRBV02-01+TCRBJ02-01	TCRBV02-01	TCRBJ02-01					False	DRB3*01:01P	cii	9.752029e-10	-9.010905015908824	h-DRB3_01_01P-599	1.0	1.0		0.5562659846547315	DRB3	True	right_only	False	2026 only	cii	DRB3*01:01P	cii
Dataset1	CCACGGACAGTTCCCT-3	TRB:CASSTGTSSYNEQFF;TRA:CAVTLSGNTGKLIF	C01	CD4_Naive	supercentenarian	CASSTGTSSYNEQFF	CAVTLSGNTGKLIF	1	1570	0.0006369426751592356	CASSTGTSSYNEQFF+TCRBV07-02+TCRBJ02-01	TCRBV07-02	TCRBJ02-01					False	DRB3*01:01P	cii	1.3963278e-09	-8.855012615366483	h-DRB3_01_01P-599	1.0	1.0		0.5562659846547315	DRB3	True	right_only	False	2026 only	cii	DRB3*01:01P	cii
Dataset1	CCACGGACAGTTCCCT-3	TRB:CASSTGTSSYNEQFF;TRA:CAVTLSGNTGKLIF	C01	CD4_Naive	supercentenarian	CASSTGTSSYNEQFF	CAVTLSGNTGKLIF	1	1570	0.0006369426751592356	CASSTGTSSYNEQFF+TCRBV07-03+TCRBJ02-01	TCRBV07-03	TCRBJ02-01	DRB1*13:01	cii	feature40548_DRB1_13_01	DRB1	True	DRB1*13:01	cii	7.575982e-09	-8.120561065856679	h-DRB1_13_01-221	2.0	5.0		0.6243250923557829	DRB1	True	both	True	shared	cii	DRB1*13:01	cii
Dataset1	CCACGGATCTCCAACC-3	TRB:CASSLLAGVSYEQYF;TRA:CATDGAGSYQLTF	C01	CD4_Helper	supercentenarian	CASSLLAGVSYEQYF	CATDGAGSYQLTF	1	1570	0.0006369426751592356	CASSLLAGVSYEQYF+TCRBV14-01+TCRBJ02-07	TCRBV14-01	TCRBJ02-07					False	DRB1*07:01	cii	1.6122434e-09	-8.79256939224731	h-DRB1_07_01-718	11.0	19.0	0.9617224880382776	0.5242966751918158	DRB1	True	right_only	False	2026 only	cii	DRB1*07:01	cii
Dataset1	CCACTACCAAGGACTG-3	TRB:CASSETDTQYF;TRA:CAASRADNTDKLIF	C01	CD8_TEM	supercentenarian	CASSETDTQYF	CAASRADNTDKLIF	5	1570	0.0031847133757961785	CASSETDTQYF+TCRBV06-01+TCRBJ02-03	TCRBV06-01	TCRBJ02-03					False	A*31:01	ci	2.3794435e-08	-7.623524603086089	h-A_31_01-92	2.0	1.0		0.5889457232168229	A	True	right_only	False	2026 only	ci	A*31:01	ci
Dataset1	CCATGTCAGTACGTAA-3	TRB:CASSGQGSYNEQFF;TRA:CATDAGAGRRALTF	A01	CD4_Naive	control	CASSGQGSYNEQFF	CATDAGAGRRALTF	1	2136	0.00046816479400749064	CASSGQGSYNEQFF+TCRBV07-09+TCRBJ02-01	TCRBV07-09	TCRBJ02-01	B*38:01	ci	feature13621_B_38_01	B	True											False	left_only	False	2024 only	ci	B*38:01	ci
Dataset1	CCATTCGGTAGCTCCG-3	TRB:CASSWTENTEAFF;TRA:CALMEYGNKLVF	C01	MKI67	supercentenarian	CASSWTENTEAFF	CALMEYGNKLVF	3	1570	0.001910828025477707	CASSWTENTEAFF+TCRBV27-01+TCRBJ01-01	TCRBV27-01	TCRBJ01-01	DRB1*01:01	cii	feature33517_DRB1_01_01	DRB1	True	DRB1*01:01	cii	9.672814e-09	-8.01444716326049	h-DRB1_01_01-298	6.0	4.0	1.0	0.4997158283603296	DRB1	True	both	True	shared	cii	DRB1*01:01	cii
Dataset1	CCTACACTCTCCAGGG-3	TRB:CSVGADYEQYF;TRA:CAVERGSTLGRLYF	C01	CD4_Helper	supercentenarian	CSVGADYEQYF	CAVERGSTLGRLYF	2	1570	0.0012738853503184713	CSVGADYEQYF+TCRBV29-01+TCRBJ02-07	TCRBV29-01	TCRBJ02-07	DQA1*01:01+DQB1*05:01	cii	feature29890_DQA1_01_01+DQB1_05_01	DQA1	True											False	left_only	False	2024 only	cii	DQA1*01:01+DQB1*05:01	cii
Dataset1	CCTATTAAGCCGTCGT-3	TRB:CSVGADYEQYF;TRA:CAVERGSTLGRLYF	C01	CD4_Helper	supercentenarian	CSVGADYEQYF	CAVERGSTLGRLYF	2	1570	0.0012738853503184713	CSVGADYEQYF+TCRBV29-01+TCRBJ02-07	TCRBV29-01	TCRBJ02-07	DQA1*01:01+DQB1*05:01	cii	feature29890_DQA1_01_01+DQB1_05_01	DQA1	True											False	left_only	False	2024 only	cii	DQA1*01:01+DQB1*05:01	cii
Dataset1	CGCGTTTGTCACCTAA-3	TRB:CASSEFAVREQYF;TRA:CVVNMGGYQKVTF	C01	CD4_Helper	supercentenarian	CASSEFAVREQYF	CVVNMGGYQKVTF	2	1570	0.0012738853503184713	CASSEFAVREQYF+TCRBV06-01+TCRBJ02-07	TCRBV06-01	TCRBJ02-07					False	DRB1*01:01	cii	2.3833517e-11	-10.622811866130645	h-DRB1_01_01-298	6.0	4.0	1.0	0.4997158283603296	DRB1	True	right_only	False	2026 only	cii	DRB1*01:01	cii
Dataset1	CGCTATCAGGTAGCCA-3	TRB:CASSETDTQYF;TRA:CAASRADNTDKLIF	C01	CD8_TEM	supercentenarian	CASSETDTQYF	CAASRADNTDKLIF	5	1570	0.0031847133757961785	CASSETDTQYF+TCRBV06-01+TCRBJ02-03	TCRBV06-01	TCRBJ02-03					False	A*31:01	ci	2.3794435e-08	-7.623524603086089	h-A_31_01-92	2.0	1.0		0.5889457232168229	A	True	right_only	False	2026 only	ci	A*31:01	ci
Dataset1	CGTAGGCGTGCATCTA-3	TRB:CASSSPGQGVYEQYF;TRA:CAFKSTSGSRLTF	A01	CD8_TEM	control	CASSSPGQGVYEQYF	CAFKSTSGSRLTF	1	2136	0.00046816479400749064	CASSSPGQGVYEQYF+TCRBV06-05+TCRBJ02-07	TCRBV06-05	TCRBJ02-07	DPA1*01:03+DPB1*04:01	cii	feature23833_DPA1_01_03+DPB1_04_01	DPA1	True	DPA1*01:03+DPB1*04:01	cii	2.2718747e-09	-8.643615624809248	h-DPA1_01_03_DPB1_04_01-21	51.0	69.0	0.8027848820687695	0.8027848820687695	DPA1	True	both	True	shared	cii	DPA1*01:03+DPB1*04:01	cii
Dataset1	CGTCCATGTGAGGCTA-3	TRB:CASSLASDTQYF;TRA:CACGTGRRALTF	C01	CD4_Naive	supercentenarian	CASSLASDTQYF	CACGTGRRALTF	1	1570	0.0006369426751592356	CASSLASDTQYF+TCRBV19-01+TCRBJ02-03	TCRBV19-01	TCRBJ02-03					False	DRB1*04:01	cii	3.5873957e-09	-8.445220716759119	h-DRB1_04_01-510	3.0	10.0	1.0	0.5666382495026998	DRB1	True	right_only	False	2026 only	cii	DRB1*04:01	cii
Dataset1	CGTTCTGAGGTGCTTT-3	TRB:CASSLRPPTDTQYF	A01	CD8_TEM	control	CASSLRPPTDTQYF		1	2136	0.00046816479400749064	CASSLRPPTDTQYF+TCRBV07-09+TCRBJ02-03	TCRBV07-09	TCRBJ02-03					False	DRB1*04:01	cii	5.161058e-10	-9.287261260298695	h-DRB1_04_01-510	3.0	10.0	1.0	0.5666382495026998	DRB1	True	right_only	False	2026 only	cii	DRB1*04:01	cii
Dataset1	CTAACTTCAAAGTCAA-3	TRB:CASSQGQGFTDTQYF;TRA:CATATLTGNQFYF	C01	CD4_Helper	supercentenarian	CASSQGQGFTDTQYF	CATATLTGNQFYF	1	1570	0.0006369426751592356	CASSQGQGFTDTQYF+TCRBV03-01/03-02+TCRBJ02-03	TCRBV03-01/03-02	TCRBJ02-03	DRB1*01:01	cii	feature33517_DRB1_01_01	DRB1	True	DRB1*01:01	cii	1.6213222e-09	-8.790130670668285	h-DRB1_01_01-298	6.0	4.0	1.0	0.4997158283603296	DRB1	True	both	True	shared	cii	DRB1*01:01	cii
Dataset1	CTAGAGTGTCTAGAGG-3	TRB:CASSVGQGNTGELFF;TRA:CAASGGDKSTF	C01	CD4_Naive	supercentenarian	CASSVGQGNTGELFF	CAASGGDKSTF	1	1570	0.0006369426751592356	CASSVGQGNTGELFF+TCRBV05-01+TCRBJ02-02	TCRBV05-01	TCRBJ02-02					False	DQA1*01:02+DQB1*06:02	cii	3.997576e-09	-8.398203270904586	h-DQA1_01_02_DQB1_06_02-7	4.0	13.0	1.0	0.5910770105143506	DQA1	True	right_only	False	2026 only	cii	DQA1*01:02+DQB1*06:02	cii
Dataset1	CTCTACGAGGTGCTTT-3	TRB:CASSEIGATNYGYTF;TRA:CARNTGNQFYF	A01	CD8_TEMRA	control	CASSEIGATNYGYTF	CARNTGNQFYF	6	2136	0.0028089887640449437	CASSEIGATNYGYTF+TCRBV06-01+TCRBJ01-02	TCRBV06-01	TCRBJ01-02	A*02:01	ci	feature689_A_02_01	A	True	A*02:01	ci	1.4778737e-10	-9.830362679430243	h-A_02_01-15	23.0	32.0	0.9429347826086956	0.7256322818982666	A	True	both	True	shared	ci	A*02:01	ci
Dataset1	CTTCTCTGTAGTAGTA-3	TRB:CASSEIGATNYGYTF;TRA:CARNTGNQFYF	A01	CD8_TEMRA	control	CASSEIGATNYGYTF	CARNTGNQFYF	6	2136	0.0028089887640449437	CASSEIGATNYGYTF+TCRBV06-01+TCRBJ01-02	TCRBV06-01	TCRBJ01-02	A*02:01	ci	feature689_A_02_01	A	True	A*02:01	ci	1.4778737e-10	-9.830362679430243	h-A_02_01-15	23.0	32.0	0.9429347826086956	0.7256322818982666	A	True	both	True	shared	ci	A*02:01	ci
Dataset1	GAATGAATCCTGTAGA-3	TRB:CASSEAYSNQPQHF;TRA:CASQTSGSRLTF	C01	CD8_TEM	supercentenarian	CASSEAYSNQPQHF	CASQTSGSRLTF	2	1570	0.0012738853503184713	CASSEAYSNQPQHF+TCRBV02-01+TCRBJ01-05	TCRBV02-01	TCRBJ01-05					False	C*07:02	ci	3.2196705e-09	-8.49218857158179	h-C_07_02-298	6.0	7.0	0.5238095238095237	0.5475987496447854	C	True	right_only	False	2026 only	ci	C*07:02	ci
Dataset1	GACAGAGTCTAACCGA-3	TRB:CASSSPGQGRYEQYF	A01	CD4_Helper	control	CASSSPGQGRYEQYF		1	2136	0.00046816479400749064	CASSSPGQGRYEQYF+TCRBV06-05+TCRBJ02-07	TCRBV06-05	TCRBJ02-07	DPA1*01:03+DPB1*04:01	cii	feature23833_DPA1_01_03+DPB1_04_01	DPA1	True	DPA1*01:03+DPB1*04:01	cii	3.07056e-09	-8.51278241190685	h-DPA1_01_03_DPB1_04_01-21	51.0	69.0	0.8027848820687695	0.8027848820687695	DPA1	True	both	True	shared	cii	DPA1*01:03+DPB1*04:01	cii
Dataset1	GACGTGCAGAGACTTA-3	TRB:CASSLETGELFF;TRA:CAVLTNFGNEKLTF	A01	CD8_TEM	control	CASSLETGELFF	CAVLTNFGNEKLTF	1	2136	0.00046816479400749064	CASSLETGELFF+TCRBV28-01+TCRBJ02-02	TCRBV28-01	TCRBJ02-02	DRB1*01:02	cii	feature33868_DRB1_01_02	DRB1	True	DRB1*01:02	cii	9.166188e-09	-8.037811239549743	h-DRB1_01_02-455	0.0	0.0		0.5728900255754475	DRB1	True	both	True	shared	cii	DRB1*01:02	cii
Dataset1	GACTACACACAGGAGT-3	TRB:CASKGFGYTF;TRA:CVVIGGGFKTIF	A01	CD8_TEM	control	CASKGFGYTF	CVVIGGGFKTIF	1	2136	0.00046816479400749064	CASKGFGYTF+TCRBV19-01+TCRBJ01-02	TCRBV19-01	TCRBJ01-02					False	B*15:01	ci	2.664518e-09	-8.574381341561455	h-B_15_01-190	10.0	8.0	0.8875	0.5583972719522592	B	True	right_only	False	2026 only	ci	B*15:01	ci
Dataset1	GACTGCGTCATGTGGT-3	TRB:CASSSVSSYEQYF;TRA:CAVRDKNSGYSTLTF	A01	CD8_TEM	control	CASSSVSSYEQYF	CAVRDKNSGYSTLTF	1	2136	0.00046816479400749064	CASSSVSSYEQYF+TCRBV05-01+TCRBJ02-07	TCRBV05-01	TCRBJ02-07					False	DQA1*01:01+DQB1*05:01	cii	2.144456e-08	-7.668682860198161	h-DQA1_01_01_DQB1_05_01-323	9.0	8.0	1.0	0.6351236146632566	DQA1	True	right_only	False	2026 only	cii	DQA1*01:01+DQB1*05:01	cii
Dataset1	GACTGCGTCCATGAGT-3	TRB:CSVGQGAFNEQFF	C01	CD4_Naive	supercentenarian	CSVGQGAFNEQFF		1	1570	0.0006369426751592356	CSVGQGAFNEQFF+TCRBV29-01+TCRBJ02-01	TCRBV29-01	TCRBJ02-01					False	DRB1*01:01	cii	3.3314426e-10	-9.477367665126751	h-DRB1_01_01-298	6.0	4.0	1.0	0.4997158283603296	DRB1	True	right_only	False	2026 only	cii	DRB1*01:01	cii
Dataset1	GAGCAGATCTTACCGC-3	TRB:CASSGSTGGNEQFF;TRA:CAASYFGNEKLTF	A01	CD8_TEM	control	CASSGSTGGNEQFF	CAASYFGNEKLTF	2	2136	0.0009363295880149813	CASSGSTGGNEQFF+TCRBV07-09+TCRBJ02-01	TCRBV07-09	TCRBJ02-01	B*15:01	ci	feature9526_B_15_01	B	True	B*15:01	ci	1.4227976e-10	-9.846856876061205	h-B_15_01-190	10.0	8.0	0.8875	0.5583972719522592	B	True	both	True	shared	ci	B*15:01	ci
Dataset1	GAGTCCGGTTGCTCCT-3	TRB:CASSEAYSNQPQHF;TRA:CASQTSGSRLTF	C01	CD8_TEM	supercentenarian	CASSEAYSNQPQHF	CASQTSGSRLTF	2	1570	0.0012738853503184713	CASSEAYSNQPQHF+TCRBV02-01+TCRBJ01-05	TCRBV02-01	TCRBJ01-05					False	C*07:02	ci	3.2196705e-09	-8.49218857158179	h-C_07_02-298	6.0	7.0	0.5238095238095237	0.5475987496447854	C	True	right_only	False	2026 only	ci	C*07:02	ci
Dataset1	GATCGTAGTCTTCTCG-3	TRB:CASSLRGENTEAFF;TRA:CALLRSARQLTF	A01	CD4_Helper	control	CASSLRGENTEAFF	CALLRSARQLTF	1	2136	0.00046816479400749064	CASSLRGENTEAFF+TCRBV07-03+TCRBJ01-01	TCRBV07-03	TCRBJ01-01	DPA1*01:03+DPB1*03:01	cii	feature23572_DPA1_01_03+DPB1_03_01	DPA1	True	DPA1*01:03+DPB1*03:01	cii	2.2883379e-08	-7.640479846456653	h-DPA1_01_03_DPB1_03_01-38	6.0	13.0	0.8653846153846154	0.5004262574595055	DPA1	True	both	True	shared	cii	DPA1*01:03+DPB1*03:01	cii
Dataset1	GCAAACTGTCCAGTAT-3	TRB:CASSGSTGGNEQFF;TRA:CAASYFGNEKLTF	A01	CD8_TEM	control	CASSGSTGGNEQFF	CAASYFGNEKLTF	2	2136	0.0009363295880149813	CASSGSTGGNEQFF+TCRBV07-09+TCRBJ02-01	TCRBV07-09	TCRBJ02-01	B*15:01	ci	feature9526_B_15_01	B	True	B*15:01	ci	1.4227976e-10	-9.846856876061205	h-B_15_01-190	10.0	8.0	0.8875	0.5583972719522592	B	True	both	True	shared	ci	B*15:01	ci
Dataset1	GCAGTTACAATCCAAC-3	TRB:CASSLGSSSYNEQFF;TRA:CISRSTWGSGNTGKLIF	A01	CD4_Naive	control	CASSLGSSSYNEQFF	CISRSTWGSGNTGKLIF	1	2136	0.00046816479400749064	CASSLGSSSYNEQFF+TCRBV07-02+TCRBJ02-01	TCRBV07-02	TCRBJ02-01	DRB1*03:01	cii	feature34519_DRB1_03_01	DRB1	True	DRB3*01:01P	cii	3.768048e-09	-8.423883573500616	h-DRB3_01_01P-599	1.0	1.0		0.5562659846547315	DRB3	True	both	True	shared	cii	DRB1*03:01	cii
Dataset1	GCAGTTACAATCCAAC-3	TRB:CASSLGSSSYNEQFF;TRA:CISRSTWGSGNTGKLIF	A01	CD4_Naive	control	CASSLGSSSYNEQFF	CISRSTWGSGNTGKLIF	1	2136	0.00046816479400749064	CASSLGSSSYNEQFF+TCRBV07-03+TCRBJ02-01	TCRBV07-03	TCRBJ02-01	DRB1*03:01	cii	feature34519_DRB1_03_01	DRB1	True	DRB3*01:01P	cii	6.4722223e-09	-8.188946574522278	h-DRB3_01_01P-599	1.0	1.0		0.5562659846547315	DRB3	True	both	True	shared	cii	DRB1*03:01	cii
Dataset1	GCAGTTACAATCCAAC-3	TRB:CASSLGSSSYNEQFF;TRA:CISRSTWGSGNTGKLIF	A01	CD4_Naive	control	CASSLGSSSYNEQFF	CISRSTWGSGNTGKLIF	1	2136	0.00046816479400749064	CASSLGSSSYNEQFF+TCRBV07-07+TCRBJ02-01	TCRBV07-07	TCRBJ02-01					False	DRB3*01:01P	cii	1.0094472e-09	-8.995916392270951	h-DRB3_01_01P-599	1.0	1.0		0.5562659846547315	DRB3	True	right_only	False	2026 only	cii	DRB3*01:01P	cii
Dataset1	GCAGTTACAATCCAAC-3	TRB:CASSLGSSSYNEQFF;TRA:CISRSTWGSGNTGKLIF	A01	CD4_Naive	control	CASSLGSSSYNEQFF	CISRSTWGSGNTGKLIF	1	2136	0.00046816479400749064	CASSLGSSSYNEQFF+TCRBV14-01+TCRBJ02-01	TCRBV14-01	TCRBJ02-01					False	DRB3*01:01P	cii	1.5051015e-09	-8.822434211429918	h-DRB3_01_01P-599	1.0	1.0		0.5562659846547315	DRB3	True	right_only	False	2026 only	cii	DRB3*01:01P	cii
Dataset1	GCAGTTACAATCCAAC-3	TRB:CASSLGSSSYNEQFF;TRA:CISRSTWGSGNTGKLIF	A01	CD4_Naive	control	CASSLGSSSYNEQFF	CISRSTWGSGNTGKLIF	1	2136	0.00046816479400749064	CASSLGSSSYNEQFF+TCRBV19-01+TCRBJ02-01	TCRBV19-01	TCRBJ02-01					False	DRB3*01:01P	cii	1.5541932e-09	-8.80849499552315	h-DRB3_01_01P-599	1.0	1.0		0.5562659846547315	DRB3	True	right_only	False	2026 only	cii	DRB3*01:01P	cii
Dataset1	GCATACATCCGTAGGC-3	TRB:CASSERTDTQYF;TRA:CAASKGSNYQLIW	C01	CD4_Helper	supercentenarian	CASSERTDTQYF	CAASKGSNYQLIW	1	1570	0.0006369426751592356	CASSERTDTQYF+TCRBV11-02+TCRBJ02-03	TCRBV11-02	TCRBJ02-03	A*32:01	ci	feature6445_A_32_01	A	True											False	left_only	False	2024 only	ci	A*32:01	ci
Dataset1	GCGCAACTCGTCCGTT-3	TRB:CASSSQGGGTDTQYF;TRA:CVPMDSSYKLIF	A01	CD4_Helper	control	CASSSQGGGTDTQYF	CVPMDSSYKLIF	1	2136	0.00046816479400749064	CASSSQGGGTDTQYF+TCRBV11-03+TCRBJ02-03	TCRBV11-03	TCRBJ02-03	DRB1*04:04	cii	feature36338_DRB1_04_04	DRB1	True											False	left_only	False	2024 only	cii	DRB1*04:04	cii
Dataset1	GGACGTCTCTTCAACT-3	TRB:CASSVGGSSDEQYF;TRA:CAVIEPGGGADGLTF	A01	CD4_Treg	control	CASSVGGSSDEQYF	CAVIEPGGGADGLTF	1	2136	0.00046816479400749064	CASSVGGSSDEQYF+TCRBV09-01+TCRBJ02-07	TCRBV09-01	TCRBJ02-07	DRB5*02:02	cii	feature43549_DRB5_02_02	DRB5	True											False	left_only	False	2024 only	cii	DRB5*02:02	cii
Dataset1	GGCTGGTAGGGCTTCC-3	TRB:CASSFTSNTGELFF;TRA:CATDAREYGNKLVF	A01	CD4_Helper	control	CASSFTSNTGELFF	CATDAREYGNKLVF	1	2136	0.00046816479400749064	CASSFTSNTGELFF+TCRBV07-02+TCRBJ02-02	TCRBV07-02	TCRBJ02-02	DPA1*01:03+DPB1*03:01	cii	feature23572_DPA1_01_03+DPB1_03_01	DPA1	True											False	left_only	False	2024 only	cii	DPA1*01:03+DPB1*03:01	cii
Dataset1	GGGTCTGGTAAGTGGC-3	TRB:CASSQLAGVSYEQYF;TRA:CAENTISGYALNF	A01	CD4_Helper	control	CASSQLAGVSYEQYF	CAENTISGYALNF	1	2136	0.00046816479400749064	CASSQLAGVSYEQYF+TCRBV14-01+TCRBJ02-07	TCRBV14-01	TCRBJ02-07	DRB1*07:01	cii	feature37525_DRB1_07_01	DRB1	True	DRB1*07:01	cii	3.8575863e-09	-8.41368434933622	h-DRB1_07_01-718	11.0	19.0	0.9617224880382776	0.5242966751918158	DRB1	True	both	True	shared	cii	DRB1*07:01	cii
Dataset1	GGTGAAGGTAGCTCCG-3	TRB:CASSHRGSSGNTIYF;TRA:CAVRGDSNYQLIW	A01	CD4_Helper	control	CASSHRGSSGNTIYF	CAVRGDSNYQLIW	2	2136	0.0009363295880149813	CASSHRGSSGNTIYF+TCRBV14-01+TCRBJ01-03	TCRBV14-01	TCRBJ01-03	DRB5*01:01	cii	feature43193_DRB5_01_01	DRB5	True	DRB1*15:01	cii	8.632504e-09	-8.06386321174161	h-DRB1_15_01-992	4.0	14.0	0.9821428571428572	0.5981813015061097	DRB1	True	both	True	shared	cii	DRB5*01:01	cii
Dataset1	GGTGAAGTCTCTAGGA-3	TRB:CSAGQGAGQPQHF;TRA:CAVGANNDMRF	C01	CD4_Helper	supercentenarian	CSAGQGAGQPQHF	CAVGANNDMRF	1	1570	0.0006369426751592356	CSAGQGAGQPQHF+TCRBV20-X+TCRBJ01-05	TCRBV20-X	TCRBJ01-05	DQA1*01:05+DQB1*05:01	cii	feature31856_DQA1_01_05+DQB1_05_01	DQA1	True	DQA1*01:05+DQB1*05:01	cii	8.160237e-09	-8.088297227729287	h-DQA1_01_05_DQB1_05_01-588	1.0	0.0		0.5953395851094061	DQA1	True	both	True	shared	cii	DQA1*01:05+DQB1*05:01	cii
Dataset1	GTAACTGCAGATAATG-3	TRB:CASSLVPSGRAADTQYF;TRA:CAPPGNQFYF;TRA:CAVRPRRNFNKFYF	A01	CD4_Helper	control	CASSLVPSGRAADTQYF	CAVRPRRNFNKFYF	1	2136	0.00046816479400749064	CASSLVPSGRAADTQYF+TCRBV05-08+TCRBJ02-03	TCRBV05-08	TCRBJ02-03	DPA1*01:03+DPB1*02:01	cii	feature22887_DPA1_01_03+DPB1_02_01	DPA1	True											False	left_only	False	2024 only	cii	DPA1*01:03+DPB1*02:01	cii
Dataset1	GTAACTGTCTCGAGTA-3	TRB:CASSSPGQGFYEQYF;TRA:CAVRMKTSYDKVIF	C01	CD8_TEM	supercentenarian	CASSSPGQGFYEQYF	CAVRMKTSYDKVIF	1	1570	0.0006369426751592356	CASSSPGQGFYEQYF+TCRBV06-05+TCRBJ02-07	TCRBV06-05	TCRBJ02-07	DPA1*01:03+DPB1*04:01	cii	feature23833_DPA1_01_03+DPB1_04_01	DPA1	True	DPA1*01:03+DPB1*04:01	cii	1.7191685e-09	-8.764681554939548	h-DPA1_01_03_DPB1_04_01-21	51.0	69.0	0.8027848820687695	0.8027848820687695	DPA1	True	both	True	shared	cii	DPA1*01:03+DPB1*04:01	cii
Dataset1	GTAGGCCAGACAGGCT-3	TRB:CASSEIGATNYGYTF;TRA:CARNTGNQFYF	A01	CD8_TEM	control	CASSEIGATNYGYTF	CARNTGNQFYF	6	2136	0.0028089887640449437	CASSEIGATNYGYTF+TCRBV06-01+TCRBJ01-02	TCRBV06-01	TCRBJ01-02	A*02:01	ci	feature689_A_02_01	A	True	A*02:01	ci	1.4778737e-10	-9.830362679430243	h-A_02_01-15	23.0	32.0	0.9429347826086956	0.7256322818982666	A	True	both	True	shared	ci	A*02:01	ci
Dataset1	GTGCAGCTCAACACTG-3	TRB:CASSHRGSSGNTIYF;TRA:CAVRGDSNYQLIW	A01	CD4_Helper	control	CASSHRGSSGNTIYF	CAVRGDSNYQLIW	2	2136	0.0009363295880149813	CASSHRGSSGNTIYF+TCRBV14-01+TCRBJ01-03	TCRBV14-01	TCRBJ01-03	DRB5*01:01	cii	feature43193_DRB5_01_01	DRB5	True	DRB1*15:01	cii	8.632504e-09	-8.06386321174161	h-DRB1_15_01-992	4.0	14.0	0.9821428571428572	0.5981813015061097	DRB1	True	both	True	shared	cii	DRB5*01:01	cii
Dataset1	GTGCTTCTCCTGCTTG-3	TRB:CASSLDRGEETQYF;TRA:CAVSNQAGTALIF	C01	CD4_Naive	supercentenarian	CASSLDRGEETQYF	CAVSNQAGTALIF	1	1570	0.0006369426751592356	CASSLDRGEETQYF+TCRBV27-01+TCRBJ02-05	TCRBV27-01	TCRBJ02-05	C*06:02	ci	feature20216_C_06_02	C	True											False	left_only	False	2024 only	ci	C*06:02	ci
Dataset1	GTGTTAGCAATGAAAC-3	TRB:CASSWTENTEAFF;TRA:CALMEYGNKLVF	C01	CD4_Helper	supercentenarian	CASSWTENTEAFF	CALMEYGNKLVF	3	1570	0.001910828025477707	CASSWTENTEAFF+TCRBV27-01+TCRBJ01-01	TCRBV27-01	TCRBJ01-01	DRB1*01:01	cii	feature33517_DRB1_01_01	DRB1	True	DRB1*01:01	cii	9.672814e-09	-8.01444716326049	h-DRB1_01_01-298	6.0	4.0	1.0	0.4997158283603296	DRB1	True	both	True	shared	cii	DRB1*01:01	cii
Dataset1	GTTAAGCAGTTAAGTG-3	TRB:CASSETDTQYF;TRA:CAASRADNTDKLIF	C01	CD8_TEM	supercentenarian	CASSETDTQYF	CAASRADNTDKLIF	5	1570	0.0031847133757961785	CASSETDTQYF+TCRBV06-01+TCRBJ02-03	TCRBV06-01	TCRBJ02-03					False	A*31:01	ci	2.3794435e-08	-7.623524603086089	h-A_31_01-92	2.0	1.0		0.5889457232168229	A	True	right_only	False	2026 only	ci	A*31:01	ci
Dataset1	TACCTATTCAGCTCTC-3	TRB:CASSRDRGNYGYTF;TRA:CALEDTGRRALTF	A01	CD4_Helper	control	CASSRDRGNYGYTF	CALEDTGRRALTF	1	2136	0.00046816479400749064	CASSRDRGNYGYTF+TCRBV28-01+TCRBJ01-02	TCRBV28-01	TCRBJ01-02					False	DQA1*01:02+DQB1*06:09	cii	1.6952901e-08	-7.7707559741282095	h-DQA1_01_02_DQB1_06_09-73	0.0	0.0		0.4569479965899403	DQA1	True	right_only	False	2026 only	cii	DQA1*01:02+DQB1*06:09	cii
Dataset1	TATCAGGCAGCTATTG-3	TRB:CASSLQGGTEAFF;TRA:CAVNRYGGATNKLIF	A01	CD4_Helper	control	CASSLQGGTEAFF	CAVNRYGGATNKLIF	1	2136	0.00046816479400749064	CASSLQGGTEAFF+TCRBV05-05+TCRBJ01-01	TCRBV05-05	TCRBJ01-01					False	DRB1*04:07	cii	8.908491e-09	-8.050195854422679	h-DRB1_04_07-321	2.0	1.0		0.5612389883489628	DRB1	True	right_only	False	2026 only	cii	DRB1*04:07	cii
Dataset1	TATTACCTCTTGCAAG-3	TRB:CASSQMNTEAFF;TRA:CAASGGSQGNLIF	A01	CD8_TEM	control	CASSQMNTEAFF	CAASGGSQGNLIF	1	2136	0.00046816479400749064	CASSQMNTEAFF+TCRBV06-05+TCRBJ01-01	TCRBV06-05	TCRBJ01-01					False	DRB1*07:01	cii	1.25665505e-08	-7.90078391916444	h-DRB1_07_01-718	11.0	19.0	0.9617224880382776	0.5242966751918158	DRB1	True	right_only	False	2026 only	cii	DRB1*07:01	cii
Dataset1	TCCACACGTCAAGCGA-3	TRB:CASSLNTYEQYF;TRA:CALGANAGKSTF	A01	CD4_Helper	control	CASSLNTYEQYF	CALGANAGKSTF	1	2136	0.00046816479400749064	CASSLNTYEQYF+TCRBV28-01+TCRBJ02-07	TCRBV28-01	TCRBJ02-07	C*08:02	ci	feature21047_C_08_02	C	True											False	left_only	False	2024 only	ci	C*08:02	ci
Dataset1	TCTGGAAGTCAACATC-3	TRB:CASSGAFSNQPQHF;TRA:CAGPGSGNTGKLIF;TRA:CALGSGAGSYQLTF	A01	CD4_Helper	control	CASSGAFSNQPQHF	CALGSGAGSYQLTF	1	2136	0.00046816479400749064	CASSGAFSNQPQHF+TCRBV06-05+TCRBJ01-05	TCRBV06-05	TCRBJ01-05					False	DRB5*01:01	cii	1.3470818e-09	-8.870606031441095	h-DRB5_01_01-883	0.0	1.0		0.6655299801079853	DRB5	True	right_only	False	2026 only	cii	DRB5*01:01	cii
Dataset1	TCTGGAAGTCAACATC-3	TRB:CASSGAFSNQPQHF;TRA:CAGPGSGNTGKLIF;TRA:CALGSGAGSYQLTF	A01	CD4_Helper	control	CASSGAFSNQPQHF	CALGSGAGSYQLTF	1	2136	0.00046816479400749064	CASSGAFSNQPQHF+TCRBV06-X+TCRBJ01-05	TCRBV06-X	TCRBJ01-05					False	DQA1*01:02+DQB1*06:02	cii	1.3986259e-09	-8.85429843367984	h-DQA1_01_02_DQB1_06_02-7	4.0	13.0	1.0	0.5910770105143506	DQA1	True	right_only	False	2026 only	cii	DQA1*01:02+DQB1*06:02	cii
Dataset1	TCTTTCCGTACCGTTA-3	TRB:CASSEIGATNYGYTF;TRA:CARNTGNQFYF	A01	CD8_TEMRA	control	CASSEIGATNYGYTF	CARNTGNQFYF	6	2136	0.0028089887640449437	CASSEIGATNYGYTF+TCRBV06-01+TCRBJ01-02	TCRBV06-01	TCRBJ01-02	A*02:01	ci	feature689_A_02_01	A	True	A*02:01	ci	1.4778737e-10	-9.830362679430243	h-A_02_01-15	23.0	32.0	0.9429347826086956	0.7256322818982666	A	True	both	True	shared	ci	A*02:01	ci
Dataset1	TGAAAGACAAGCCTAT-3	TRB:CASSLGGRNTEAFF;TRA:CAVRAAYSGAGSYQLTF	A01	CD4_Helper	control	CASSLGGRNTEAFF	CAVRAAYSGAGSYQLTF	1	2136	0.00046816479400749064	CASSLGGRNTEAFF+TCRBV11-01+TCRBJ01-01	TCRBV11-01	TCRBJ01-01					False	DRB1*01:03	cii	6.1609735e-09	-8.21035065921966	h-DRB1_01_03-344	3.0	1.0		0.5453253765274226	DRB1	True	right_only	False	2026 only	cii	DRB1*01:03	cii
Dataset1	TGCCCATAGCCCAGCT-3	TRB:CASSEIGATNYGYTF;TRA:CARNTGNQFYF	A01	CD8_TEMRA	control	CASSEIGATNYGYTF	CARNTGNQFYF	6	2136	0.0028089887640449437	CASSEIGATNYGYTF+TCRBV06-01+TCRBJ01-02	TCRBV06-01	TCRBJ01-02	A*02:01	ci	feature689_A_02_01	A	True	A*02:01	ci	1.4778737e-10	-9.830362679430243	h-A_02_01-15	23.0	32.0	0.9429347826086956	0.7256322818982666	A	True	both	True	shared	ci	A*02:01	ci
Dataset1	AACTCAGCATTACCTT-4	TRB:CASSSWDRDNSPLHF;TRA:CATVPNTGFQKLVF	C05	CD8_TEMRA	supercentenarian	CASSSWDRDNSPLHF	CATVPNTGFQKLVF	54	1223	0.044153720359771054	CASSSWDRDNSPLHF+TCRBV07-09+TCRBJ01-06	TCRBV07-09	TCRBJ01-06					False	DRB1*08:01	cii	1.3039128e-10	-9.884751451353408	h-DRB1_08_01-455	0.0	2.0		0.5458937198067633	DRB1	True	right_only	False	2026 only	cii	DRB1*08:01	cii
Dataset1	AACTCTTCAACAACCT-4	TRB:CASSSWDRDNSPLHF;TRA:CATVPNTGFQKLVF	C05	CD8_TEMRA	supercentenarian	CASSSWDRDNSPLHF	CATVPNTGFQKLVF	54	1223	0.044153720359771054	CASSSWDRDNSPLHF+TCRBV07-09+TCRBJ01-06	TCRBV07-09	TCRBJ01-06					False	DRB1*08:01	cii	1.3039128e-10	-9.884751451353408	h-DRB1_08_01-455	0.0	2.0		0.5458937198067633	DRB1	True	right_only	False	2026 only	cii	DRB1*08:01	cii
Dataset1	AACTTTCGTCTGATTG-4	TRB:CASSSWDRDNSPLHF;TRA:CATVPNTGFQKLVF	C05	CD8_TEMRA	supercentenarian	CASSSWDRDNSPLHF	CATVPNTGFQKLVF	54	1223	0.044153720359771054	CASSSWDRDNSPLHF+TCRBV07-09+TCRBJ01-06	TCRBV07-09	TCRBJ01-06					False	DRB1*08:01	cii	1.3039128e-10	-9.884751451353408	h-DRB1_08_01-455	0.0	2.0		0.5458937198067633	DRB1	True	right_only	False	2026 only	cii	DRB1*08:01	cii
Dataset1	AATCGGTGTCCGAACC-4	TRB:CASSLGRSSYNEQFF;TRA:CAVSVNLGTALIF	A03	CD4_Naive	control	CASSLGRSSYNEQFF	CAVSVNLGTALIF	1	1471	0.0006798096532970768	CASSLGRSSYNEQFF+TCRBV07-02+TCRBJ02-01	TCRBV07-02	TCRBJ02-01	DQA1*05:01+DQB1*02:01	cii	feature33069_DQA1_05_01+DQB1_02_01	DQA1	True	DRB3*01:01P	cii	9.122134e-09	-8.039903552459787	h-DRB3_01_01P-599	1.0	1.0		0.5562659846547315	DRB3	True	both	True	shared	cii	DQA1*05:01+DQB1*02:01	cii
Dataset1	AATCGGTGTCCGAACC-4	TRB:CASSLGRSSYNEQFF;TRA:CAVSVNLGTALIF	A03	CD4_Naive	control	CASSLGRSSYNEQFF	CAVSVNLGTALIF	1	1471	0.0006798096532970768	CASSLGRSSYNEQFF+TCRBV07-03+TCRBJ02-01	TCRBV07-03	TCRBJ02-01	DRB1*03:01	cii	feature34519_DRB1_03_01	DRB1	True	DRB3*01:01P	cii	1.6374113e-08	-7.785842216810322	h-DRB3_01_01P-599	1.0	1.0		0.5562659846547315	DRB3	True	both	True	shared	cii	DRB1*03:01	cii
Dataset1	ACATGGTTCCAAGCCG-4	TRB:CASSSWDRDNSPLHF;TRA:CATVPNTGFQKLVF	C05	CD8_TEMRA	supercentenarian	CASSSWDRDNSPLHF	CATVPNTGFQKLVF	54	1223	0.044153720359771054	CASSSWDRDNSPLHF+TCRBV07-09+TCRBJ01-06	TCRBV07-09	TCRBJ01-06					False	DRB1*08:01	cii	1.3039128e-10	-9.884751451353408	h-DRB1_08_01-455	0.0	2.0		0.5458937198067633	DRB1	True	right_only	False	2026 only	cii	DRB1*08:01	cii
Dataset1	ACGGGCTTCACGAAGG-4	TRB:CASSSWDRDNSPLHF;TRA:CATVPNTGFQKLVF	C05	CD8_TEMRA	supercentenarian	CASSSWDRDNSPLHF	CATVPNTGFQKLVF	54	1223	0.044153720359771054	CASSSWDRDNSPLHF+TCRBV07-09+TCRBJ01-06	TCRBV07-09	TCRBJ01-06					False	DRB1*08:01	cii	1.3039128e-10	-9.884751451353408	h-DRB1_08_01-455	0.0	2.0		0.5458937198067633	DRB1	True	right_only	False	2026 only	cii	DRB1*08:01	cii
Dataset1	ACGGGTCAGCGGATCA-4	TRB:CASSSWDRDNSPLHF;TRA:CATVPNTGFQKLVF	C05	CD8_TEMRA	supercentenarian	CASSSWDRDNSPLHF	CATVPNTGFQKLVF	54	1223	0.044153720359771054	CASSSWDRDNSPLHF+TCRBV07-09+TCRBJ01-06	TCRBV07-09	TCRBJ01-06					False	DRB1*08:01	cii	1.3039128e-10	-9.884751451353408	h-DRB1_08_01-455	0.0	2.0		0.5458937198067633	DRB1	True	right_only	False	2026 only	cii	DRB1*08:01	cii
Dataset1	AGAATAGTCTATCGCC-4	TRB:CASSSWDRDNSPLHF;TRA:CATVPNTGFQKLVF	C05	CD8_TEMRA	supercentenarian	CASSSWDRDNSPLHF	CATVPNTGFQKLVF	54	1223	0.044153720359771054	CASSSWDRDNSPLHF+TCRBV07-09+TCRBJ01-06	TCRBV07-09	TCRBJ01-06					False	DRB1*08:01	cii	1.3039128e-10	-9.884751451353408	h-DRB1_08_01-455	0.0	2.0		0.5458937198067633	DRB1	True	right_only	False	2026 only	cii	DRB1*08:01	cii
Dataset1	AGAGTGGGTGTGGTTT-4	TRB:CASSSWDRDNSPLHF;TRA:CATVPNTGFQKLVF	C05	CD8_TEMRA	supercentenarian	CASSSWDRDNSPLHF	CATVPNTGFQKLVF	54	1223	0.044153720359771054	CASSSWDRDNSPLHF+TCRBV07-09+TCRBJ01-06	TCRBV07-09	TCRBJ01-06					False	DRB1*08:01	cii	1.3039128e-10	-9.884751451353408	h-DRB1_08_01-455	0.0	2.0		0.5458937198067633	DRB1	True	right_only	False	2026 only	cii	DRB1*08:01	cii
Dataset1	AGATCTGGTCTGCGGT-4	TRB:CASSSWDRDNSPLHF;TRA:CATVPNTGFQKLVF	C05	CD8_TEMRA	supercentenarian	CASSSWDRDNSPLHF	CATVPNTGFQKLVF	54	1223	0.044153720359771054	CASSSWDRDNSPLHF+TCRBV07-09+TCRBJ01-06	TCRBV07-09	TCRBJ01-06					False	DRB1*08:01	cii	1.3039128e-10	-9.884751451353408	h-DRB1_08_01-455	0.0	2.0		0.5458937198067633	DRB1	True	right_only	False	2026 only	cii	DRB1*08:01	cii
Dataset1	AGCATACCACTGTGTA-4	TRB:CASSSWDRDNSPLHF;TRA:CATVPNTGFQKLVF	C05	CD8_TEMRA	supercentenarian	CASSSWDRDNSPLHF	CATVPNTGFQKLVF	54	1223	0.044153720359771054	CASSSWDRDNSPLHF+TCRBV07-09+TCRBJ01-06	TCRBV07-09	TCRBJ01-06					False	DRB1*08:01	cii	1.3039128e-10	-9.884751451353408	h-DRB1_08_01-455	0.0	2.0		0.5458937198067633	DRB1	True	right_only	False	2026 only	cii	DRB1*08:01	cii
Dataset1	AGGGAGTGTCGACTGC-4	TRB:CASSSWDRDNSPLHF;TRA:CATVPNTGFQKLVF	C05	CD8_TEMRA	supercentenarian	CASSSWDRDNSPLHF	CATVPNTGFQKLVF	54	1223	0.044153720359771054	CASSSWDRDNSPLHF+TCRBV07-09+TCRBJ01-06	TCRBV07-09	TCRBJ01-06					False	DRB1*08:01	cii	1.3039128e-10	-9.884751451353408	h-DRB1_08_01-455	0.0	2.0		0.5458937198067633	DRB1	True	right_only	False	2026 only	cii	DRB1*08:01	cii
Dataset1	AGGGATGAGGCAAAGA-4	TRB:CASSSWDRDNSPLHF;TRA:CATVPNTGFQKLVF	C05	CD8_TEMRA	supercentenarian	CASSSWDRDNSPLHF	CATVPNTGFQKLVF	54	1223	0.044153720359771054	CASSSWDRDNSPLHF+TCRBV07-09+TCRBJ01-06	TCRBV07-09	TCRBJ01-06					False	DRB1*08:01	cii	1.3039128e-10	-9.884751451353408	h-DRB1_08_01-455	0.0	2.0		0.5458937198067633	DRB1	True	right_only	False	2026 only	cii	DRB1*08:01	cii
Dataset1	ATCACGACAAGACACG-4	TRB:CASSSWDRDNSPLHF;TRA:CATVPNTGFQKLVF	C05	CD8_TEMRA	supercentenarian	CASSSWDRDNSPLHF	CATVPNTGFQKLVF	54	1223	0.044153720359771054	CASSSWDRDNSPLHF+TCRBV07-09+TCRBJ01-06	TCRBV07-09	TCRBJ01-06					False	DRB1*08:01	cii	1.3039128e-10	-9.884751451353408	h-DRB1_08_01-455	0.0	2.0		0.5458937198067633	DRB1	True	right_only	False	2026 only	cii	DRB1*08:01	cii
Dataset1	ATCCACCTCCAAAGTC-4	TRB:CASSSWDRDNSPLHF;TRA:CATVPNTGFQKLVF	C05	CD8_TEMRA	supercentenarian	CASSSWDRDNSPLHF	CATVPNTGFQKLVF	54	1223	0.044153720359771054	CASSSWDRDNSPLHF+TCRBV07-09+TCRBJ01-06	TCRBV07-09	TCRBJ01-06					False	DRB1*08:01	cii	1.3039128e-10	-9.884751451353408	h-DRB1_08_01-455	0.0	2.0		0.5458937198067633	DRB1	True	right_only	False	2026 only	cii	DRB1*08:01	cii
Dataset1	CAAGATCTCTGACCTC-4	TRB:CASSQARNTDTQYF;TRA:CAALMDSNYQLIW	A03	CD4_Naive	control	CASSQARNTDTQYF	CAALMDSNYQLIW	1	1471	0.0006798096532970768	CASSQARNTDTQYF+TCRBV14-01+TCRBJ02-03	TCRBV14-01	TCRBJ02-03					False	A*68:01	ci	3.282819e-09	-8.483753061671578	h-A_68_01-150	6.0	6.0	0.75	0.5225916453537937	A	True	right_only	False	2026 only	ci	A*68:01	ci
Dataset1	CAAGTTGAGGATATAC-4	TRB:CASSSWDRDNSPLHF;TRA:CATVPNTGFQKLVF	C05	CD8_TEMRA	supercentenarian	CASSSWDRDNSPLHF	CATVPNTGFQKLVF	54	1223	0.044153720359771054	CASSSWDRDNSPLHF+TCRBV07-09+TCRBJ01-06	TCRBV07-09	TCRBJ01-06					False	DRB1*08:01	cii	1.3039128e-10	-9.884751451353408	h-DRB1_08_01-455	0.0	2.0		0.5458937198067633	DRB1	True	right_only	False	2026 only	cii	DRB1*08:01	cii
Dataset1	CACCACTCAATAAGCA-4	TRB:CASGSGANVLTF;TRA:CAVVDSGGGADGLTF	A03	CD4_Naive	control	CASGSGANVLTF	CAVVDSGGGADGLTF	1	1471	0.0006798096532970768	CASGSGANVLTF+TCRBV09-01+TCRBJ02-06	TCRBV09-01	TCRBJ02-06	B*58:01	ci	feature19814_B_58_01	B	True	B*58:01	ci	4.2694848e-09	-8.369624528257514	h-B_58_01-77	2.0	4.0		0.4708724069337879	B	True	both	True	shared	ci	B*58:01	ci
Dataset1	CACCTTGTCGCAAACT-4	TRB:CASSEMGQDGYTF;TRB:CASSLKDEQYF;TRA:CVLRGAGSYQLTF	A03	CD4_Naive	control	CASSLKDEQYF	CVLRGAGSYQLTF	1	1471	0.0006798096532970768	CASSLKDEQYF+TCRBV05-05+TCRBJ02-07	TCRBV05-05	TCRBJ02-07	A*25:01	ci	feature3974_A_25_01	A	True											False	left_only	False	2024 only	ci	A*25:01	ci
Dataset1	CAGTCCTTCTGCTGCT-4	TRB:CASSLRGYEQFF;TRA:CAVERGSGTYKYIF	C05	CD4_CTL	supercentenarian	CASSLRGYEQFF	CAVERGSGTYKYIF	2	1223	0.001635322976287817	CASSLRGYEQFF+TCRBV03-01/03-02+TCRBJ02-01	TCRBV03-01/03-02	TCRBJ02-01	DRB1*09:01	cii	feature38923_DRB1_09_01	DRB1	True	DRB1*09:01	cii	2.5228029e-09	-8.59811667845037	h-DRB1_09_01-549	5.0	3.0	1.0	0.5788576300085251	DRB1	True	both	True	shared	cii	DRB1*09:01	cii
Dataset1	CATATTCTCCCGGATG-4	TRB:CASSSWDRDNSPLHF;TRA:CATVPNTGFQKLVF	C05	CD8_TEMRA	supercentenarian	CASSSWDRDNSPLHF	CATVPNTGFQKLVF	54	1223	0.044153720359771054	CASSSWDRDNSPLHF+TCRBV07-09+TCRBJ01-06	TCRBV07-09	TCRBJ01-06					False	DRB1*08:01	cii	1.3039128e-10	-9.884751451353408	h-DRB1_08_01-455	0.0	2.0		0.5458937198067633	DRB1	True	right_only	False	2026 only	cii	DRB1*08:01	cii
Dataset1	CCACCTACAGCCTATA-4	TRB:CASSSWDRDNSPLHF;TRA:CATVPNTGFQKLVF	C05	CD8_TEMRA	supercentenarian	CASSSWDRDNSPLHF	CATVPNTGFQKLVF	54	1223	0.044153720359771054	CASSSWDRDNSPLHF+TCRBV07-09+TCRBJ01-06	TCRBV07-09	TCRBJ01-06					False	DRB1*08:01	cii	1.3039128e-10	-9.884751451353408	h-DRB1_08_01-455	0.0	2.0		0.5458937198067633	DRB1	True	right_only	False	2026 only	cii	DRB1*08:01	cii
Dataset1	CCCAGTTCACACATGT-4	TRB:CASSSWDRDNSPLHF;TRA:CATVPNTGFQKLVF	C05	CD8_TEMRA	supercentenarian	CASSSWDRDNSPLHF	CATVPNTGFQKLVF	54	1223	0.044153720359771054	CASSSWDRDNSPLHF+TCRBV07-09+TCRBJ01-06	TCRBV07-09	TCRBJ01-06					False	DRB1*08:01	cii	1.3039128e-10	-9.884751451353408	h-DRB1_08_01-455	0.0	2.0		0.5458937198067633	DRB1	True	right_only	False	2026 only	cii	DRB1*08:01	cii
Dataset1	CCGTTCACACAACGTT-4	TRB:CASSVDGTGQETQYF;TRA:CAMREGGAGAGGSYIPTF	C05	CD8_TEMRA	supercentenarian	CASSVDGTGQETQYF	CAMREGGAGAGGSYIPTF	1	1223	0.0008176614881439084	CASSVDGTGQETQYF+TCRBV09-01+TCRBJ02-05	TCRBV09-01	TCRBJ02-05	A*02:01	ci	feature689_A_02_01	A	True	A*02:01	ci	3.864366e-09	-8.412921747615536	h-A_02_01-15	23.0	32.0	0.9429347826086956	0.7256322818982666	A	True	both	True	shared	ci	A*02:01	ci
Dataset1	CCTAGCTCAGCTCCGA-4	TRB:CASSSWDRDNSPLHF;TRA:CATVPNTGFQKLVF	C05	CD8_TEMRA	supercentenarian	CASSSWDRDNSPLHF	CATVPNTGFQKLVF	54	1223	0.044153720359771054	CASSSWDRDNSPLHF+TCRBV07-09+TCRBJ01-06	TCRBV07-09	TCRBJ01-06					False	DRB1*08:01	cii	1.3039128e-10	-9.884751451353408	h-DRB1_08_01-455	0.0	2.0		0.5458937198067633	DRB1	True	right_only	False	2026 only	cii	DRB1*08:01	cii
Dataset1	CCTAGCTGTTAAGATG-4	TRB:CASSFAGVTYEQYF;TRA:CAERFSGGGADGLTF	A03	CD4_Helper	control	CASSFAGVTYEQYF	CAERFSGGGADGLTF	1	1471	0.0006798096532970768	CASSFAGVTYEQYF+TCRBV07-09+TCRBJ02-07	TCRBV07-09	TCRBJ02-07					False	B*08:01	ci	3.8591336e-10	-9.413510186254092	h-B_08_01-497	5.0	5.0	0.92	0.5950554134697357	B	True	right_only	False	2026 only	ci	B*08:01	ci
Dataset1	CCTTTCTGTGCGCTTG-4	TRB:CASSYSGEDTQYF;TRA:CVVRNSGYALNF	A03	CD8_TEMRA	control	CASSYSGEDTQYF	CVVRNSGYALNF	2	1471	0.0013596193065941536	CASSYSGEDTQYF+TCRBV06-05+TCRBJ02-03	TCRBV06-05	TCRBJ02-03	B*40:01	ci	feature14970_B_40_01	B	True											False	left_only	False	2024 only	ci	B*40:01	ci
Dataset1	CGATCGGGTACCAGTT-4	TRB:CASSSWDRDNSPLHF;TRA:CATVPNTGFQKLVF	C05	CD8_TEMRA	supercentenarian	CASSSWDRDNSPLHF	CATVPNTGFQKLVF	54	1223	0.044153720359771054	CASSSWDRDNSPLHF+TCRBV07-09+TCRBJ01-06	TCRBV07-09	TCRBJ01-06					False	DRB1*08:01	cii	1.3039128e-10	-9.884751451353408	h-DRB1_08_01-455	0.0	2.0		0.5458937198067633	DRB1	True	right_only	False	2026 only	cii	DRB1*08:01	cii
Dataset1	CGATGTAGTAAGGGAA-4	TRB:CASSLGTSGTYEQYF;TRA:CAASMRSGNQFYF	A03	CD4_Naive	control	CASSLGTSGTYEQYF	CAASMRSGNQFYF	1	1471	0.0006798096532970768	CASSLGTSGTYEQYF+TCRBV04-01+TCRBJ02-07	TCRBV04-01	TCRBJ02-07					False	B*40:02	ci	1.1894562e-09	-8.924651545596898	h-B_40_02-68	4.0	3.0	0.7083333333333333	0.4990053992611538	B	True	right_only	False	2026 only	ci	B*40:02	ci
Dataset1	CGATGTAGTAAGGGAA-4	TRB:CASSLGTSGTYEQYF;TRA:CAASMRSGNQFYF	A03	CD4_Naive	control	CASSLGTSGTYEQYF	CAASMRSGNQFYF	1	1471	0.0006798096532970768	CASSLGTSGTYEQYF+TCRBV07-08+TCRBJ02-07	TCRBV07-08	TCRBJ02-07	DQA1*01:04+DQB1*05:03	cii	feature31659_DQA1_01_04+DQB1_05_03	DQA1	True											False	left_only	False	2024 only	cii	DQA1*01:04+DQB1*05:03	cii
Dataset1	CGGACGTTCTTTCCTC-4	TRB:CASSFLAGSDTQYF	C05	CD4_Helper	supercentenarian	CASSFLAGSDTQYF		1	1223	0.0008176614881439084	CASSFLAGSDTQYF+TCRBV05-06+TCRBJ02-03	TCRBV05-06	TCRBJ02-03	B*44:02	ci	feature16055_B_44_02	B	True											False	left_only	False	2024 only	ci	B*44:02	ci
Dataset1	CGGACTGAGGTGCTAG-4	TRB:CASSSWDRDNSPLHF;TRA:CATVPNTGFQKLVF	C05	CD8_TEMRA	supercentenarian	CASSSWDRDNSPLHF	CATVPNTGFQKLVF	54	1223	0.044153720359771054	CASSSWDRDNSPLHF+TCRBV07-09+TCRBJ01-06	TCRBV07-09	TCRBJ01-06					False	DRB1*08:01	cii	1.3039128e-10	-9.884751451353408	h-DRB1_08_01-455	0.0	2.0		0.5458937198067633	DRB1	True	right_only	False	2026 only	cii	DRB1*08:01	cii
Dataset1	CGGTTAAAGTACATGA-4	TRB:CASSSWDRDNSPLHF;TRA:CATVPNTGFQKLVF	C05	CD8_TEMRA	supercentenarian	CASSSWDRDNSPLHF	CATVPNTGFQKLVF	54	1223	0.044153720359771054	CASSSWDRDNSPLHF+TCRBV07-09+TCRBJ01-06	TCRBV07-09	TCRBJ01-06					False	DRB1*08:01	cii	1.3039128e-10	-9.884751451353408	h-DRB1_08_01-455	0.0	2.0		0.5458937198067633	DRB1	True	right_only	False	2026 only	cii	DRB1*08:01	cii
Dataset1	CGTCCATCAGGGTTAG-4	TRB:CASSSWDRDNSPLHF;TRA:CATVPNTGFQKLVF	C05	CD8_TEMRA	supercentenarian	CASSSWDRDNSPLHF	CATVPNTGFQKLVF	54	1223	0.044153720359771054	CASSSWDRDNSPLHF+TCRBV07-09+TCRBJ01-06	TCRBV07-09	TCRBJ01-06					False	DRB1*08:01	cii	1.3039128e-10	-9.884751451353408	h-DRB1_08_01-455	0.0	2.0		0.5458937198067633	DRB1	True	right_only	False	2026 only	cii	DRB1*08:01	cii
Dataset1	CGTCTACTCGAATGGG-4	TRB:CASSLGLAGVETQYF;TRA:CAVRDDTGGFKTIF	A03	CD4_Helper	control	CASSLGLAGVETQYF	CAVRDDTGGFKTIF	1	1471	0.0006798096532970768	CASSLGLAGVETQYF+TCRBV11-03+TCRBJ02-05	TCRBV11-03	TCRBJ02-05	DRB3*02:02	cii	feature42584_DRB3_02_02	DRB3	True	DRB3*02:02	cii	3.6898404e-09	-8.432992418366231	h-DRB3_02_02-99	20.0	25.0	0.966	0.7067348678601876	DRB3	True	both	True	shared	cii	DRB3*02:02	cii
Dataset1	CTAAGACGTATAATGG-4	TRB:CASSSWDRDNSPLHF;TRA:CATVPNTGFQKLVF	C05	CD8_TEMRA	supercentenarian	CASSSWDRDNSPLHF	CATVPNTGFQKLVF	54	1223	0.044153720359771054	CASSSWDRDNSPLHF+TCRBV07-09+TCRBJ01-06	TCRBV07-09	TCRBJ01-06					False	DRB1*08:01	cii	1.3039128e-10	-9.884751451353408	h-DRB1_08_01-455	0.0	2.0		0.5458937198067633	DRB1	True	right_only	False	2026 only	cii	DRB1*08:01	cii
Dataset1	CTCGTACTCAGTTCGA-4	TRB:CASSSWDRDNSPLHF;TRA:CATVPNTGFQKLVF	C05	CD8_TEMRA	supercentenarian	CASSSWDRDNSPLHF	CATVPNTGFQKLVF	54	1223	0.044153720359771054	CASSSWDRDNSPLHF+TCRBV07-09+TCRBJ01-06	TCRBV07-09	TCRBJ01-06					False	DRB1*08:01	cii	1.3039128e-10	-9.884751451353408	h-DRB1_08_01-455	0.0	2.0		0.5458937198067633	DRB1	True	right_only	False	2026 only	cii	DRB1*08:01	cii
Dataset1	CTCGTACTCTGCAAGT-4	TRB:CASSWAGEETQYF;TRA:CAVGARSNDYKLSF	A03	CD4_Naive	control	CASSWAGEETQYF	CAVGARSNDYKLSF	1	1471	0.0006798096532970768	CASSWAGEETQYF+TCRBV12-03/12-04+TCRBJ02-05	TCRBV12-03/12-04	TCRBJ02-05					False	DRB3*02:02	cii	1.2893615e-09	-8.889625301851904	h-DRB3_02_02-99	20.0	25.0	0.966	0.7067348678601876	DRB3	True	right_only	False	2026 only	cii	DRB3*02:02	cii
Dataset1	CTGTTTAGTTCACGGC-4	TRB:CASSSWDRDNSPLHF;TRA:CATVPNTGFQKLVF	C05	CD8_TEMRA	supercentenarian	CASSSWDRDNSPLHF	CATVPNTGFQKLVF	54	1223	0.044153720359771054	CASSSWDRDNSPLHF+TCRBV07-09+TCRBJ01-06	TCRBV07-09	TCRBJ01-06					False	DRB1*08:01	cii	1.3039128e-10	-9.884751451353408	h-DRB1_08_01-455	0.0	2.0		0.5458937198067633	DRB1	True	right_only	False	2026 only	cii	DRB1*08:01	cii
Dataset1	GAACGGAGTGCTTCTC-4	TRB:CASSSWDRDNSPLHF;TRA:CATVPNTGFQKLVF	C05	CD8_TEMRA	supercentenarian	CASSSWDRDNSPLHF	CATVPNTGFQKLVF	54	1223	0.044153720359771054	CASSSWDRDNSPLHF+TCRBV07-09+TCRBJ01-06	TCRBV07-09	TCRBJ01-06					False	DRB1*08:01	cii	1.3039128e-10	-9.884751451353408	h-DRB1_08_01-455	0.0	2.0		0.5458937198067633	DRB1	True	right_only	False	2026 only	cii	DRB1*08:01	cii
Dataset1	GAATAAGTCCCAGGTG-4	TRB:CASSSWDRDNSPLHF;TRA:CATVPNTGFQKLVF	C05	CD8_TEMRA	supercentenarian	CASSSWDRDNSPLHF	CATVPNTGFQKLVF	54	1223	0.044153720359771054	CASSSWDRDNSPLHF+TCRBV07-09+TCRBJ01-06	TCRBV07-09	TCRBJ01-06					False	DRB1*08:01	cii	1.3039128e-10	-9.884751451353408	h-DRB1_08_01-455	0.0	2.0		0.5458937198067633	DRB1	True	right_only	False	2026 only	cii	DRB1*08:01	cii
Dataset1	GACAGAGTCATAAAGG-4	TRB:CASSSWDRDNSPLHF;TRA:CATVPNTGFQKLVF	C05	CD8_TEMRA	supercentenarian	CASSSWDRDNSPLHF	CATVPNTGFQKLVF	54	1223	0.044153720359771054	CASSSWDRDNSPLHF+TCRBV07-09+TCRBJ01-06	TCRBV07-09	TCRBJ01-06					False	DRB1*08:01	cii	1.3039128e-10	-9.884751451353408	h-DRB1_08_01-455	0.0	2.0		0.5458937198067633	DRB1	True	right_only	False	2026 only	cii	DRB1*08:01	cii
Dataset1	GACAGAGTCTCTGAGA-4	TRB:CASSSWDRDNSPLHF;TRA:CATVPNTGFQKLVF	C05	CD8_TEMRA	supercentenarian	CASSSWDRDNSPLHF	CATVPNTGFQKLVF	54	1223	0.044153720359771054	CASSSWDRDNSPLHF+TCRBV07-09+TCRBJ01-06	TCRBV07-09	TCRBJ01-06					False	DRB1*08:01	cii	1.3039128e-10	-9.884751451353408	h-DRB1_08_01-455	0.0	2.0		0.5458937198067633	DRB1	True	right_only	False	2026 only	cii	DRB1*08:01	cii
Dataset1	GACGCGTCATACTACG-4	TRB:CASSSWDRDNSPLHF;TRA:CATVPNTGFQKLVF	C05	CD8_TEMRA	supercentenarian	CASSSWDRDNSPLHF	CATVPNTGFQKLVF	54	1223	0.044153720359771054	CASSSWDRDNSPLHF+TCRBV07-09+TCRBJ01-06	TCRBV07-09	TCRBJ01-06					False	DRB1*08:01	cii	1.3039128e-10	-9.884751451353408	h-DRB1_08_01-455	0.0	2.0		0.5458937198067633	DRB1	True	right_only	False	2026 only	cii	DRB1*08:01	cii
Dataset1	GAGGTGACACGTGAGA-4	TRB:CASSLHGDTQYF;TRA:CAFMKPSNFGNEKLTF	A03	CD4_CTL	control	CASSLHGDTQYF	CAFMKPSNFGNEKLTF	3	1471	0.0020394289598912306	CASSLHGDTQYF+TCRBV11-03+TCRBJ02-03	TCRBV11-03	TCRBJ02-03	DQA1*01:03+DQB1*06:03	cii	feature31466_DQA1_01_03+DQB1_06_03	DQA1	True	DQA1*01:03+DQB1*06:03	cii	1.5040371e-09	-8.822741450894274	h-DQA1_01_03_DQB1_06_03-508	1.0	2.0		0.522023302074453	DQA1	True	both	True	shared	cii	DQA1*01:03+DQB1*06:03	cii
Dataset1	GATCAGTCACGGTTTA-4	TRB:CASSYSGEDTQYF;TRA:CVVRNSGYALNF	A03	CD8_TEMRA	control	CASSYSGEDTQYF	CVVRNSGYALNF	2	1471	0.0013596193065941536	CASSYSGEDTQYF+TCRBV06-05+TCRBJ02-03	TCRBV06-05	TCRBJ02-03	B*40:01	ci	feature14970_B_40_01	B	True											False	left_only	False	2024 only	ci	B*40:01	ci
Dataset1	GATCTAGTCGTTGACA-4	TRB:CASSSWDRDNSPLHF;TRA:CATVPNTGFQKLVF	C05	CD8_TEMRA	supercentenarian	CASSSWDRDNSPLHF	CATVPNTGFQKLVF	54	1223	0.044153720359771054	CASSSWDRDNSPLHF+TCRBV07-09+TCRBJ01-06	TCRBV07-09	TCRBJ01-06					False	DRB1*08:01	cii	1.3039128e-10	-9.884751451353408	h-DRB1_08_01-455	0.0	2.0		0.5458937198067633	DRB1	True	right_only	False	2026 only	cii	DRB1*08:01	cii
Dataset1	GCAAACTCAACCGCCA-4	TRB:CASSSWDRDNSPLHF;TRA:CATVPNTGFQKLVF	C05	CD8_TEMRA	supercentenarian	CASSSWDRDNSPLHF	CATVPNTGFQKLVF	54	1223	0.044153720359771054	CASSSWDRDNSPLHF+TCRBV07-09+TCRBJ01-06	TCRBV07-09	TCRBJ01-06					False	DRB1*08:01	cii	1.3039128e-10	-9.884751451353408	h-DRB1_08_01-455	0.0	2.0		0.5458937198067633	DRB1	True	right_only	False	2026 only	cii	DRB1*08:01	cii
Dataset1	GCGGGTTTCCGGCACA-4	TRB:CASSLHGDTQYF	A03	CD8_TEMRA	control	CASSLHGDTQYF		1	1471	0.0006798096532970768	CASSLHGDTQYF+TCRBV11-03+TCRBJ02-03	TCRBV11-03	TCRBJ02-03	DQA1*01:03+DQB1*06:03	cii	feature31466_DQA1_01_03+DQB1_06_03	DQA1	True	DQA1*01:03+DQB1*06:03	cii	1.5040371e-09	-8.822741450894274	h-DQA1_01_03_DQB1_06_03-508	1.0	2.0		0.522023302074453	DQA1	True	both	True	shared	cii	DQA1*01:03+DQB1*06:03	cii
Dataset1	GCTGCGATCACTCTTA-4	TRB:CASSSGTSGSNEQFF;TRA:CALRRYGGATNKLIF	A03	CD4_Naive	control	CASSSGTSGSNEQFF	CALRRYGGATNKLIF	1	1471	0.0006798096532970768	CASSSGTSGSNEQFF+TCRBV06-02+TCRBJ02-01	TCRBV06-02	TCRBJ02-01	DRB1*13:03	cii	feature41340_DRB1_13_03	DRB1	True	DRB1*13:03	cii	3.2016754e-09	-8.494622700878544	h-DRB1_13_03-448	0.0	0.0		0.5601023017902813	DRB1	True	both	True	shared	cii	DRB1*13:03	cii
Dataset1	GCTGCGATCACTCTTA-4	TRB:CASSSGTSGSNEQFF;TRA:CALRRYGGATNKLIF	A03	CD4_Naive	control	CASSSGTSGSNEQFF	CALRRYGGATNKLIF	1	1471	0.0006798096532970768	CASSSGTSGSNEQFF+TCRBV06-02/06-03+TCRBJ02-01	TCRBV06-02/06-03	TCRBJ02-01	DRB1*13:03	cii	feature41340_DRB1_13_03	DRB1	True	DRB1*13:03	cii	1.3493697e-09	-8.869869046122732	h-DRB1_13_03-448	0.0	0.0		0.5601023017902813	DRB1	True	both	True	shared	cii	DRB1*13:03	cii
Dataset1	GGAACTTGTGCATCTA-4	TRB:CASSSWDRDNSPLHF;TRA:CATVPNTGFQKLVF	C05	CD8_TEMRA	supercentenarian	CASSSWDRDNSPLHF	CATVPNTGFQKLVF	54	1223	0.044153720359771054	CASSSWDRDNSPLHF+TCRBV07-09+TCRBJ01-06	TCRBV07-09	TCRBJ01-06					False	DRB1*08:01	cii	1.3039128e-10	-9.884751451353408	h-DRB1_08_01-455	0.0	2.0		0.5458937198067633	DRB1	True	right_only	False	2026 only	cii	DRB1*08:01	cii
Dataset1	GGACATTCATGGTCAT-4	TRB:CASTSGRSYEQYF;TRA:CAERRAAGNKLTF	A03	CD4_Helper	control	CASTSGRSYEQYF	CAERRAAGNKLTF	1	1471	0.0006798096532970768	CASTSGRSYEQYF+TCRBV02-01+TCRBJ02-07	TCRBV02-01	TCRBJ02-07					False	DRB1*07:01	cii	4.2033514e-09	-8.376404301476452	h-DRB1_07_01-718	11.0	19.0	0.9617224880382776	0.5242966751918158	DRB1	True	right_only	False	2026 only	cii	DRB1*07:01	cii
Dataset1	GGATTACCAGGTCCAC-4	TRB:CASSSWDRDNSPLHF;TRA:CATVPNTGFQKLVF	C05	CD8_TEMRA	supercentenarian	CASSSWDRDNSPLHF	CATVPNTGFQKLVF	54	1223	0.044153720359771054	CASSSWDRDNSPLHF+TCRBV07-09+TCRBJ01-06	TCRBV07-09	TCRBJ01-06					False	DRB1*08:01	cii	1.3039128e-10	-9.884751451353408	h-DRB1_08_01-455	0.0	2.0		0.5458937198067633	DRB1	True	right_only	False	2026 only	cii	DRB1*08:01	cii
Dataset1	GGCAATTTCTACTTAC-4	TRB:CASSSWDRDNSPLHF;TRA:CATVPNTGFQKLVF	C05	CD8_TEMRA	supercentenarian	CASSSWDRDNSPLHF	CATVPNTGFQKLVF	54	1223	0.044153720359771054	CASSSWDRDNSPLHF+TCRBV07-09+TCRBJ01-06	TCRBV07-09	TCRBJ01-06					False	DRB1*08:01	cii	1.3039128e-10	-9.884751451353408	h-DRB1_08_01-455	0.0	2.0		0.5458937198067633	DRB1	True	right_only	False	2026 only	cii	DRB1*08:01	cii
Dataset1	GGGATGAAGTTTAGGA-4	TRB:CASSPQRAYEQYF;TRA:CIVRGARDDKIIF	A03	CD4_Helper	control	CASSPQRAYEQYF	CIVRGARDDKIIF	1	1471	0.0006798096532970768	CASSPQRAYEQYF+TCRBV05-06+TCRBJ02-07	TCRBV05-06	TCRBJ02-07	DQA1*01:02+DQB1*06:02	cii	feature30119_DQA1_01_02+DQB1_06_02	DQA1	True	DQA1*01:02+DQB1*06:02	cii	2.1634676e-09	-8.664849604392494	h-DQA1_01_02_DQB1_06_02-7	4.0	13.0	1.0	0.5910770105143506	DQA1	True	both	True	shared	cii	DQA1*01:02+DQB1*06:02	cii
Dataset1	GGGATGATCGCAAGCC-4	TRB:CASSSWDRDNSPLHF;TRA:CATVPNTGFQKLVF	C05	CD8_TEMRA	supercentenarian	CASSSWDRDNSPLHF	CATVPNTGFQKLVF	54	1223	0.044153720359771054	CASSSWDRDNSPLHF+TCRBV07-09+TCRBJ01-06	TCRBV07-09	TCRBJ01-06					False	DRB1*08:01	cii	1.3039128e-10	-9.884751451353408	h-DRB1_08_01-455	0.0	2.0		0.5458937198067633	DRB1	True	right_only	False	2026 only	cii	DRB1*08:01	cii
Dataset1	GGTGAAGCAGATGGCA-4	TRB:CASSSWDRDNSPLHF;TRA:CATVPNTGFQKLVF	C05	CD8_TEMRA	supercentenarian	CASSSWDRDNSPLHF	CATVPNTGFQKLVF	54	1223	0.044153720359771054	CASSSWDRDNSPLHF+TCRBV07-09+TCRBJ01-06	TCRBV07-09	TCRBJ01-06					False	DRB1*08:01	cii	1.3039128e-10	-9.884751451353408	h-DRB1_08_01-455	0.0	2.0		0.5458937198067633	DRB1	True	right_only	False	2026 only	cii	DRB1*08:01	cii
Dataset1	GGTGCGTAGACTTGAA-4	TRB:CASSSWDRDNSPLHF;TRA:CATVPNTGFQKLVF	C05	CD8_TEMRA	supercentenarian	CASSSWDRDNSPLHF	CATVPNTGFQKLVF	54	1223	0.044153720359771054	CASSSWDRDNSPLHF+TCRBV07-09+TCRBJ01-06	TCRBV07-09	TCRBJ01-06					False	DRB1*08:01	cii	1.3039128e-10	-9.884751451353408	h-DRB1_08_01-455	0.0	2.0		0.5458937198067633	DRB1	True	right_only	False	2026 only	cii	DRB1*08:01	cii
Dataset1	GTACGTACAGCCTTGG-4	TRB:CASSSWDRDNSPLHF;TRA:CATVPNTGFQKLVF	C05	CD8_TEMRA	supercentenarian	CASSSWDRDNSPLHF	CATVPNTGFQKLVF	54	1223	0.044153720359771054	CASSSWDRDNSPLHF+TCRBV07-09+TCRBJ01-06	TCRBV07-09	TCRBJ01-06					False	DRB1*08:01	cii	1.3039128e-10	-9.884751451353408	h-DRB1_08_01-455	0.0	2.0		0.5458937198067633	DRB1	True	right_only	False	2026 only	cii	DRB1*08:01	cii
Dataset1	GTAGTCATCCTTCAAT-4	TRB:CASSSWDRDNSPLHF;TRA:CATVPNTGFQKLVF	C05	CD8_TEMRA	supercentenarian	CASSSWDRDNSPLHF	CATVPNTGFQKLVF	54	1223	0.044153720359771054	CASSSWDRDNSPLHF+TCRBV07-09+TCRBJ01-06	TCRBV07-09	TCRBJ01-06					False	DRB1*08:01	cii	1.3039128e-10	-9.884751451353408	h-DRB1_08_01-455	0.0	2.0		0.5458937198067633	DRB1	True	right_only	False	2026 only	cii	DRB1*08:01	cii
Dataset1	GTGCATAAGCCTCGTG-4	TRB:CASSIGQGYEQYF	C05	CD4_Naive	supercentenarian	CASSIGQGYEQYF		1	1223	0.0008176614881439084	CASSIGQGYEQYF+TCRBV28-01+TCRBJ02-07	TCRBV28-01	TCRBJ02-07	C*08:02	ci	feature21047_C_08_02	C	True	C*08:02	ci	5.033489e-09	-8.298130876142595	h-C_08_02-249	3.0	2.0		0.5512929809605002	C	True	both	True	shared	ci	C*08:02	ci
Dataset1	GTGCTTCCACAGGAGT-4	TRB:CASSSWDRDNSPLHF;TRA:CATVPNTGFQKLVF	C05	CD8_TEMRA	supercentenarian	CASSSWDRDNSPLHF	CATVPNTGFQKLVF	54	1223	0.044153720359771054	CASSSWDRDNSPLHF+TCRBV07-09+TCRBJ01-06	TCRBV07-09	TCRBJ01-06					False	DRB1*08:01	cii	1.3039128e-10	-9.884751451353408	h-DRB1_08_01-455	0.0	2.0		0.5458937198067633	DRB1	True	right_only	False	2026 only	cii	DRB1*08:01	cii
Dataset1	GTGTGCGAGCCACGTC-4	TRB:CASSSWDRDNSPLHF;TRA:CATVPNTGFQKLVF	C05	CD8_TEMRA	supercentenarian	CASSSWDRDNSPLHF	CATVPNTGFQKLVF	54	1223	0.044153720359771054	CASSSWDRDNSPLHF+TCRBV07-09+TCRBJ01-06	TCRBV07-09	TCRBJ01-06					False	DRB1*08:01	cii	1.3039128e-10	-9.884751451353408	h-DRB1_08_01-455	0.0	2.0		0.5458937198067633	DRB1	True	right_only	False	2026 only	cii	DRB1*08:01	cii
Dataset1	GTTACAGCAGCTGTTA-4	TRB:CASSSWDRDNSPLHF;TRA:CATVPNTGFQKLVF	C05	CD8_TEMRA	supercentenarian	CASSSWDRDNSPLHF	CATVPNTGFQKLVF	54	1223	0.044153720359771054	CASSSWDRDNSPLHF+TCRBV07-09+TCRBJ01-06	TCRBV07-09	TCRBJ01-06					False	DRB1*08:01	cii	1.3039128e-10	-9.884751451353408	h-DRB1_08_01-455	0.0	2.0		0.5458937198067633	DRB1	True	right_only	False	2026 only	cii	DRB1*08:01	cii
Dataset1	TACCTATTCGTTGACA-4	TRB:CASSSWDRDNSPLHF;TRA:CATVPNTGFQKLVF	C05	CD8_TEMRA	supercentenarian	CASSSWDRDNSPLHF	CATVPNTGFQKLVF	54	1223	0.044153720359771054	CASSSWDRDNSPLHF+TCRBV07-09+TCRBJ01-06	TCRBV07-09	TCRBJ01-06					False	DRB1*08:01	cii	1.3039128e-10	-9.884751451353408	h-DRB1_08_01-455	0.0	2.0		0.5458937198067633	DRB1	True	right_only	False	2026 only	cii	DRB1*08:01	cii
Dataset1	TATCTCATCAAAGTAG-4	TRB:CASSSWDRDNSPLHF;TRA:CATVPNTGFQKLVF	C05	CD8_TEMRA	supercentenarian	CASSSWDRDNSPLHF	CATVPNTGFQKLVF	54	1223	0.044153720359771054	CASSSWDRDNSPLHF+TCRBV07-09+TCRBJ01-06	TCRBV07-09	TCRBJ01-06					False	DRB1*08:01	cii	1.3039128e-10	-9.884751451353408	h-DRB1_08_01-455	0.0	2.0		0.5458937198067633	DRB1	True	right_only	False	2026 only	cii	DRB1*08:01	cii
Dataset1	TCAGATGAGTCTCGGC-4	TRB:CASSSWDRDNSPLHF;TRA:CATVPNTGFQKLVF	C05	CD8_TEMRA	supercentenarian	CASSSWDRDNSPLHF	CATVPNTGFQKLVF	54	1223	0.044153720359771054	CASSSWDRDNSPLHF+TCRBV07-09+TCRBJ01-06	TCRBV07-09	TCRBJ01-06					False	DRB1*08:01	cii	1.3039128e-10	-9.884751451353408	h-DRB1_08_01-455	0.0	2.0		0.5458937198067633	DRB1	True	right_only	False	2026 only	cii	DRB1*08:01	cii
Dataset1	TCAGATGGTGGGTATG-4	TRB:CASSSWDRDNSPLHF;TRA:CATVPNTGFQKLVF	C05	CD8_TEMRA	supercentenarian	CASSSWDRDNSPLHF	CATVPNTGFQKLVF	54	1223	0.044153720359771054	CASSSWDRDNSPLHF+TCRBV07-09+TCRBJ01-06	TCRBV07-09	TCRBJ01-06					False	DRB1*08:01	cii	1.3039128e-10	-9.884751451353408	h-DRB1_08_01-455	0.0	2.0		0.5458937198067633	DRB1	True	right_only	False	2026 only	cii	DRB1*08:01	cii
Dataset1	TCAGCAAGTAACGACG-4	TRB:CASSLGGTNTGELFF;TRA:CAVRDRLTGGGNKLTF	A03	CD4_Naive	control	CASSLGGTNTGELFF	CAVRDRLTGGGNKLTF	1	1471	0.0006798096532970768	CASSLGGTNTGELFF+TCRBV06-05+TCRBJ02-02	TCRBV06-05	TCRBJ02-02	DRB1*04:04	cii	feature36338_DRB1_04_04	DRB1	True											False	left_only	False	2024 only	cii	DRB1*04:04	cii
Dataset1	TCGTACCAGCGTTGCC-4	TRB:CASSSWDRDNSPLHF;TRA:CATVPNTGFQKLVF	C05	CD8_TEMRA	supercentenarian	CASSSWDRDNSPLHF	CATVPNTGFQKLVF	54	1223	0.044153720359771054	CASSSWDRDNSPLHF+TCRBV07-09+TCRBJ01-06	TCRBV07-09	TCRBJ01-06					False	DRB1*08:01	cii	1.3039128e-10	-9.884751451353408	h-DRB1_08_01-455	0.0	2.0		0.5458937198067633	DRB1	True	right_only	False	2026 only	cii	DRB1*08:01	cii
Dataset1	TGAGAGGAGTAGCCGA-4	TRB:CASSSWDRDNSPLHF	C05	CD8_TEMRA	supercentenarian	CASSSWDRDNSPLHF		1	1223	0.0008176614881439084	CASSSWDRDNSPLHF+TCRBV07-09+TCRBJ01-06	TCRBV07-09	TCRBJ01-06					False	DRB1*08:01	cii	1.3039128e-10	-9.884751451353408	h-DRB1_08_01-455	0.0	2.0		0.5458937198067633	DRB1	True	right_only	False	2026 only	cii	DRB1*08:01	cii
Dataset1	TGAGCCGGTCTGGTCG-4	TRB:CASSSWDRDNSPLHF;TRA:CATVPNTGFQKLVF	C05	CD8_TEMRA	supercentenarian	CASSSWDRDNSPLHF	CATVPNTGFQKLVF	54	1223	0.044153720359771054	CASSSWDRDNSPLHF+TCRBV07-09+TCRBJ01-06	TCRBV07-09	TCRBJ01-06					False	DRB1*08:01	cii	1.3039128e-10	-9.884751451353408	h-DRB1_08_01-455	0.0	2.0		0.5458937198067633	DRB1	True	right_only	False	2026 only	cii	DRB1*08:01	cii
Dataset1	TGCCAAAGTTTACTCT-4	TRB:CASSLHGDTQYF;TRA:CAFMKPSNFGNEKLTF	A03	CD4_CTL	control	CASSLHGDTQYF	CAFMKPSNFGNEKLTF	3	1471	0.0020394289598912306	CASSLHGDTQYF+TCRBV11-03+TCRBJ02-03	TCRBV11-03	TCRBJ02-03	DQA1*01:03+DQB1*06:03	cii	feature31466_DQA1_01_03+DQB1_06_03	DQA1	True	DQA1*01:03+DQB1*06:03	cii	1.5040371e-09	-8.822741450894274	h-DQA1_01_03_DQB1_06_03-508	1.0	2.0		0.522023302074453	DQA1	True	both	True	shared	cii	DQA1*01:03+DQB1*06:03	cii
Dataset1	TGCCCTAAGACTCGGA-4	TRB:CASSSWDRDNSPLHF;TRA:CATVPNTGFQKLVF	C05	CD8_TEMRA	supercentenarian	CASSSWDRDNSPLHF	CATVPNTGFQKLVF	54	1223	0.044153720359771054	CASSSWDRDNSPLHF+TCRBV07-09+TCRBJ01-06	TCRBV07-09	TCRBJ01-06					False	DRB1*08:01	cii	1.3039128e-10	-9.884751451353408	h-DRB1_08_01-455	0.0	2.0		0.5458937198067633	DRB1	True	right_only	False	2026 only	cii	DRB1*08:01	cii
Dataset1	TGGGAAGGTTATTCTC-4	TRB:CASSSDRGPGETQYF	C05	CD4_Helper	supercentenarian	CASSSDRGPGETQYF		1	1223	0.0008176614881439084	CASSSDRGPGETQYF+TCRBV06-05+TCRBJ02-05	TCRBV06-05	TCRBJ02-05					False	DRB1*13:02	cii	2.8225658e-10	-9.549355924958773	h-DRB1_13_02-563	1.0	3.0		0.5451832907075873	DRB1	True	right_only	False	2026 only	cii	DRB1*13:02	cii
Dataset1	TGGTTCCTCGTCTGAA-4	TRB:CASSRRQNTEAFF;TRA:CAETPPPSNTGKLIF	C05	CD4_Helper	supercentenarian	CASSRRQNTEAFF	CAETPPPSNTGKLIF	1	1223	0.0008176614881439084	CASSRRQNTEAFF+TCRBV05-08+TCRBJ01-01	TCRBV05-08	TCRBJ01-01	DRB1*04:02	cii	feature35565_DRB1_04_02	DRB1	True											False	left_only	False	2024 only	cii	DRB1*04:02	cii
Dataset1	TGTCCCACATGGTTGT-4	TRB:CASSSWDRDNSPLHF;TRA:CATVPNTGFQKLVF	C05	CD8_TEMRA	supercentenarian	CASSSWDRDNSPLHF	CATVPNTGFQKLVF	54	1223	0.044153720359771054	CASSSWDRDNSPLHF+TCRBV07-09+TCRBJ01-06	TCRBV07-09	TCRBJ01-06					False	DRB1*08:01	cii	1.3039128e-10	-9.884751451353408	h-DRB1_08_01-455	0.0	2.0		0.5458937198067633	DRB1	True	right_only	False	2026 only	cii	DRB1*08:01	cii
Dataset1	TGTGTTTCACAACGCC-4	TRB:CASSSRTGAYNEQFF;TRA:CVVNMLRPSGTYKYIF	A03	CD4_Naive	control	CASSSRTGAYNEQFF	CVVNMLRPSGTYKYIF	1	1471	0.0006798096532970768	CASSSRTGAYNEQFF+TCRBV28-01+TCRBJ02-01	TCRBV28-01	TCRBJ02-01	DPA1*02:02+DPB1*05:01	cii	feature29615_DPA1_02_02+DPB1_05_01	DPA1	True	DPA1*02:02+DPB1*05:01	cii	1.0090297e-09	-8.996096050456567	h-DPA1_02_02_DPB1_05_01-191	9.0	5.0	0.8888888888888888	0.5994600738846263	DPA1	True	both	True	shared	cii	DPA1*02:02+DPB1*05:01	cii
Dataset1	TTCGAAGAGACTTGAA-4	TRB:CASSLHGDTQYF;TRA:CAFMKPSNFGNEKLTF	A03	CD4_CTL	control	CASSLHGDTQYF	CAFMKPSNFGNEKLTF	3	1471	0.0020394289598912306	CASSLHGDTQYF+TCRBV11-03+TCRBJ02-03	TCRBV11-03	TCRBJ02-03	DQA1*01:03+DQB1*06:03	cii	feature31466_DQA1_01_03+DQB1_06_03	DQA1	True	DQA1*01:03+DQB1*06:03	cii	1.5040371e-09	-8.822741450894274	h-DQA1_01_03_DQB1_06_03-508	1.0	2.0		0.522023302074453	DQA1	True	both	True	shared	cii	DQA1*01:03+DQB1*06:03	cii
Dataset1	TTCTCCTGTATCACCA-4	TRB:CASSSASTDTQYF;TRA:CLVGAWMDSSYKLIF	C05	CD4_Treg	supercentenarian	CASSSASTDTQYF	CLVGAWMDSSYKLIF	1	1223	0.0008176614881439084	CASSSASTDTQYF+TCRBV18-01+TCRBJ02-03	TCRBV18-01	TCRBJ02-03					False	DQA1*05:01+DQB1*02:01	cii	3.362638e-09	-8.473319883522267	h-DQA1_05_01_DQB1_02_01-630	12.0	12.0	0.9583333333333331	0.6351236146632567	DQA1	True	right_only	False	2026 only	cii	DQA1*05:01+DQB1*02:01	cii
Dataset1	TTGTAGGAGCCCGAAA-4	TRB:CASSSWDRDNSPLHF;TRA:CATVPNTGFQKLVF	C05	CD8_TEMRA	supercentenarian	CASSSWDRDNSPLHF	CATVPNTGFQKLVF	54	1223	0.044153720359771054	CASSSWDRDNSPLHF+TCRBV07-09+TCRBJ01-06	TCRBV07-09	TCRBJ01-06					False	DRB1*08:01	cii	1.3039128e-10	-9.884751451353408	h-DRB1_08_01-455	0.0	2.0		0.5458937198067633	DRB1	True	right_only	False	2026 only	cii	DRB1*08:01	cii
Dataset1	TTTATGCAGTAGGCCA-4	TRB:CASSLRGYEQFF;TRA:CAVERGSGTYKYIF	C05	CD4_CTL	supercentenarian	CASSLRGYEQFF	CAVERGSGTYKYIF	2	1223	0.001635322976287817	CASSLRGYEQFF+TCRBV03-01/03-02+TCRBJ02-01	TCRBV03-01/03-02	TCRBJ02-01	DRB1*09:01	cii	feature38923_DRB1_09_01	DRB1	True	DRB1*09:01	cii	2.5228029e-09	-8.59811667845037	h-DRB1_09_01-549	5.0	3.0	1.0	0.5788576300085251	DRB1	True	both	True	shared	cii	DRB1*09:01	cii
Dataset1	TTTATGCCATTACCTT-4	TRB:CASSSWDRDNSPLHF;TRA:CATVPNTGFQKLVF	C05	CD8_TEMRA	supercentenarian	CASSSWDRDNSPLHF	CATVPNTGFQKLVF	54	1223	0.044153720359771054	CASSSWDRDNSPLHF+TCRBV07-09+TCRBJ01-06	TCRBV07-09	TCRBJ01-06					False	DRB1*08:01	cii	1.3039128e-10	-9.884751451353408	h-DRB1_08_01-455	0.0	2.0		0.5458937198067633	DRB1	True	right_only	False	2026 only	cii	DRB1*08:01	cii
Dataset1	AACTCTTTCAGCGACC-5	TRB:CASSLGIDTEAFF;TRA:CALTPTSGTYKYIF	C06	CD4_Naive	supercentenarian	CASSLGIDTEAFF	CALTPTSGTYKYIF	1	1474	0.0006784260515603799	CASSLGIDTEAFF+TCRBV11-02+TCRBJ01-01	TCRBV11-02	TCRBJ01-01					False	DRB1*14:01P	cii	1.2098065e-09	-8.917284086462368	h-DRB1_14_01P-354	1.0	4.0		0.5595339585109407	DRB1	True	right_only	False	2026 only	cii	DRB1*14:01P	cii
Dataset1	AAGGAGCTCTCGATGA-5	TRB:CASSLGDRDNSPLHF;TRA:CAAPSSTLTF	C06	CD8_TEM	supercentenarian	CASSLGDRDNSPLHF	CAAPSSTLTF	31	1474	0.02103120759837178	CASSLGDRDNSPLHF+TCRBV13-01+TCRBJ01-06	TCRBV13-01	TCRBJ01-06					False	B*44:02	ci	1.2817997e-09	-8.892179834396796	h-B_44_02-121	6.0	8.0	0.8333333333333333	0.5998863313441318	B	True	right_only	False	2026 only	ci	B*44:02	ci
Dataset1	AAGTCTGCACAACGTT-5	TRB:CASSLGDRDNSPLHF;TRA:CAAPSSTLTF	C06	CD8_TEMRA	supercentenarian	CASSLGDRDNSPLHF	CAAPSSTLTF	31	1474	0.02103120759837178	CASSLGDRDNSPLHF+TCRBV13-01+TCRBJ01-06	TCRBV13-01	TCRBJ01-06					False	B*44:02	ci	1.2817997e-09	-8.892179834396796	h-B_44_02-121	6.0	8.0	0.8333333333333333	0.5998863313441318	B	True	right_only	False	2026 only	ci	B*44:02	ci
Dataset1	AATCCAGCAGCGTAAG-5	TRB:CASSHRGNEQFF;TRA:CAMSAREGTSYGKLTF	A05	CD4_Helper	control	CASSHRGNEQFF	CAMSAREGTSYGKLTF	1	1799	0.0005558643690939411	CASSHRGNEQFF+TCRBV10-01+TCRBJ02-01	TCRBV10-01	TCRBJ02-01	DRB1*10:01	cii	feature39343_DRB1_10_01	DRB1	True	DRB1*10:01	cii	2.5926914e-09	-8.586249172876999	h-DRB1_10_01-393	0.0	0.0		0.4717249218527991	DRB1	True	both	True	shared	cii	DRB1*10:01	cii
Dataset1	ACATCAGGTGATGCCC-5	TRB:CASSLGDRDNSPLHF;TRA:CAAPSSTLTF	C06	CD8_TEM	supercentenarian	CASSLGDRDNSPLHF	CAAPSSTLTF	31	1474	0.02103120759837178	CASSLGDRDNSPLHF+TCRBV13-01+TCRBJ01-06	TCRBV13-01	TCRBJ01-06					False	B*44:02	ci	1.2817997e-09	-8.892179834396796	h-B_44_02-121	6.0	8.0	0.8333333333333333	0.5998863313441318	B	True	right_only	False	2026 only	ci	B*44:02	ci
Dataset1	ACCCACTCAGTACACT-5	TRB:CASSLGDRDNSPLHF;TRA:CAAPSSTLTF	C06	CD8_TEM	supercentenarian	CASSLGDRDNSPLHF	CAAPSSTLTF	31	1474	0.02103120759837178	CASSLGDRDNSPLHF+TCRBV13-01+TCRBJ01-06	TCRBV13-01	TCRBJ01-06					False	B*44:02	ci	1.2817997e-09	-8.892179834396796	h-B_44_02-121	6.0	8.0	0.8333333333333333	0.5998863313441318	B	True	right_only	False	2026 only	ci	B*44:02	ci
Dataset1	ACGATGTTCTGCTGTC-5	TRB:CASSLGDRDNSPLHF;TRA:CAAPSSTLTF	C06	CD8_TEMRA	supercentenarian	CASSLGDRDNSPLHF	CAAPSSTLTF	31	1474	0.02103120759837178	CASSLGDRDNSPLHF+TCRBV13-01+TCRBJ01-06	TCRBV13-01	TCRBJ01-06					False	B*44:02	ci	1.2817997e-09	-8.892179834396796	h-B_44_02-121	6.0	8.0	0.8333333333333333	0.5998863313441318	B	True	right_only	False	2026 only	ci	B*44:02	ci
Dataset1	ACGCAGCGTAAATGTG-5	TRB:CASSLAGGPHEQYF;TRA:CAVGPLSATNKLIF;TRA:CAVKRQLTF	C06	CD4_Naive	supercentenarian	CASSLAGGPHEQYF	CAVKRQLTF	1	1474	0.0006784260515603799	CASSLAGGPHEQYF+TCRBV06-05+TCRBJ02-07	TCRBV06-05	TCRBJ02-07	DRB1*13:03	cii	feature41340_DRB1_13_03	DRB1	True											False	left_only	False	2024 only	cii	DRB1*13:03	cii
Dataset1	ACGGCCAGTGAGGGTT-5	TRB:CASSIFGEQFF	A05	CD8_TEM	control	CASSIFGEQFF		1	1799	0.0005558643690939411	CASSIFGEQFF+TCRBV19-01+TCRBJ02-01	TCRBV19-01	TCRBJ02-01	B*44:03	ci	feature16423_B_44_03	B	True	B*44:03	ci	1.9304243e-09	-8.714347224206664	h-B_44_03-229	1.0	2.0		0.5485933503836318	B	True	both	True	shared	ci	B*44:03	ci
Dataset1	ACGTCAATCTCTTATG-5	TRB:CASSLGAGGPADTQYF;TRA:CALTLTGNQFYF	A05	CD8_TEM	control	CASSLGAGGPADTQYF	CALTLTGNQFYF	7	1799	0.0038910505836575876	CASSLGAGGPADTQYF+TCRBV05-04+TCRBJ02-03	TCRBV05-04	TCRBJ02-03	B*52:01	ci	feature18241_B_52_01	B	True											False	left_only	False	2024 only	ci	B*52:01	ci
Dataset1	ACTGTCCTCTTCAACT-5	TRB:CASSLGDRDNSPLHF;TRA:CAAPSSTLTF	C06	CD8_TEMRA	supercentenarian	CASSLGDRDNSPLHF	CAAPSSTLTF	31	1474	0.02103120759837178	CASSLGDRDNSPLHF+TCRBV13-01+TCRBJ01-06	TCRBV13-01	TCRBJ01-06					False	B*44:02	ci	1.2817997e-09	-8.892179834396796	h-B_44_02-121	6.0	8.0	0.8333333333333333	0.5998863313441318	B	True	right_only	False	2026 only	ci	B*44:02	ci
Dataset1	AGCTCCTTCGATCCCT-5	TRB:CASSLGDRDNSPLHF;TRA:CAAPSSTLTF	C06	CD8_TEMRA	supercentenarian	CASSLGDRDNSPLHF	CAAPSSTLTF	31	1474	0.02103120759837178	CASSLGDRDNSPLHF+TCRBV13-01+TCRBJ01-06	TCRBV13-01	TCRBJ01-06					False	B*44:02	ci	1.2817997e-09	-8.892179834396796	h-B_44_02-121	6.0	8.0	0.8333333333333333	0.5998863313441318	B	True	right_only	False	2026 only	ci	B*44:02	ci
Dataset1	ATAACGCAGACCACGA-5	TRB:CASSPFGSNTEAFF;TRA:CAVVPGTASKLTF	A05	CD8_TEM	control	CASSPFGSNTEAFF	CAVVPGTASKLTF	1	1799	0.0005558643690939411	CASSPFGSNTEAFF+TCRBV18-01+TCRBJ01-01	TCRBV18-01	TCRBJ01-01					False	DQA1*01:03+DQB1*06:03	cii	6.8195305e-10	-9.166245523918011	h-DQA1_01_03_DQB1_06_03-508	1.0	2.0		0.522023302074453	DQA1	True	right_only	False	2026 only	cii	DQA1*01:03+DQB1*06:03	cii
Dataset1	ATTTCTGGTGTTGAGG-5	TRB:CASSLGDRDNSPLHF;TRA:CAAPSSTLTF	C06	CD8_TEMRA	supercentenarian	CASSLGDRDNSPLHF	CAAPSSTLTF	31	1474	0.02103120759837178	CASSLGDRDNSPLHF+TCRBV13-01+TCRBJ01-06	TCRBV13-01	TCRBJ01-06					False	B*44:02	ci	1.2817997e-09	-8.892179834396796	h-B_44_02-121	6.0	8.0	0.8333333333333333	0.5998863313441318	B	True	right_only	False	2026 only	ci	B*44:02	ci
Dataset1	CAAGAAAAGAAGATTC-5	TRB:CASSLGDRDNSPLHF;TRA:CAAPSSTLTF	C06	CD8_TEMRA	supercentenarian	CASSLGDRDNSPLHF	CAAPSSTLTF	31	1474	0.02103120759837178	CASSLGDRDNSPLHF+TCRBV13-01+TCRBJ01-06	TCRBV13-01	TCRBJ01-06					False	B*44:02	ci	1.2817997e-09	-8.892179834396796	h-B_44_02-121	6.0	8.0	0.8333333333333333	0.5998863313441318	B	True	right_only	False	2026 only	ci	B*44:02	ci
Dataset1	CAGTCCTCAACACGCC-5	TRB:CASSLGAGGPADTQYF;TRA:CALTLTGNQFYF	A05	CD8_TEMRA	control	CASSLGAGGPADTQYF	CALTLTGNQFYF	7	1799	0.0038910505836575876	CASSLGAGGPADTQYF+TCRBV05-04+TCRBJ02-03	TCRBV05-04	TCRBJ02-03	B*52:01	ci	feature18241_B_52_01	B	True											False	left_only	False	2024 only	ci	B*52:01	ci
Dataset1	CAGTCCTTCTGTTGAG-5	TRB:CASSLGDRDNSPLHF	C06	CD8_TEMRA	supercentenarian	CASSLGDRDNSPLHF		1	1474	0.0006784260515603799	CASSLGDRDNSPLHF+TCRBV13-01+TCRBJ01-06	TCRBV13-01	TCRBJ01-06					False	B*44:02	ci	1.2817997e-09	-8.892179834396796	h-B_44_02-121	6.0	8.0	0.8333333333333333	0.5998863313441318	B	True	right_only	False	2026 only	ci	B*44:02	ci
Dataset1	CATGACAGTCCGTGAC-5	TRB:CASIEGSSYNSPLHF	A05	CD4_Naive	control	CASIEGSSYNSPLHF		1	1799	0.0005558643690939411	CASIEGSSYNSPLHF+TCRBV07-08+TCRBJ01-06	TCRBV07-08	TCRBJ01-06					False	B*15:01	ci	4.7593044e-11	-10.322456517304092	h-B_15_01-190	10.0	8.0	0.8875	0.5583972719522592	B	True	right_only	False	2026 only	ci	B*15:01	ci
Dataset1	CATGCCTGTCAACATC-5	TRB:CASSLGDRDNSPLHF;TRA:CAAPSSTLTF	C06	CD8_TEMRA	supercentenarian	CASSLGDRDNSPLHF	CAAPSSTLTF	31	1474	0.02103120759837178	CASSLGDRDNSPLHF+TCRBV13-01+TCRBJ01-06	TCRBV13-01	TCRBJ01-06					False	B*44:02	ci	1.2817997e-09	-8.892179834396796	h-B_44_02-121	6.0	8.0	0.8333333333333333	0.5998863313441318	B	True	right_only	False	2026 only	ci	B*44:02	ci
Dataset1	CATGGCGCAAGTCTAC-5	TRB:CASSLGDRDNSPLHF;TRA:CAAPSSTLTF	C06	CD8_TEMRA	supercentenarian	CASSLGDRDNSPLHF	CAAPSSTLTF	31	1474	0.02103120759837178	CASSLGDRDNSPLHF+TCRBV13-01+TCRBJ01-06	TCRBV13-01	TCRBJ01-06					False	B*44:02	ci	1.2817997e-09	-8.892179834396796	h-B_44_02-121	6.0	8.0	0.8333333333333333	0.5998863313441318	B	True	right_only	False	2026 only	ci	B*44:02	ci
Dataset1	CCAATCCCAAGGACTG-5	TRB:CASSLGAGGPADTQYF;TRA:CALTLTGNQFYF	A05	CD8_TEM	control	CASSLGAGGPADTQYF	CALTLTGNQFYF	7	1799	0.0038910505836575876	CASSLGAGGPADTQYF+TCRBV05-04+TCRBJ02-03	TCRBV05-04	TCRBJ02-03	B*52:01	ci	feature18241_B_52_01	B	True											False	left_only	False	2024 only	ci	B*52:01	ci
Dataset1	CCGGGATAGGAGCGTT-5	TRB:CASRQGSANEKLFF;TRA:CAASPGTSGTYKYIF	A05	CD4_Naive	control	CASRQGSANEKLFF	CAASPGTSGTYKYIF	1	1799	0.0005558643690939411	CASRQGSANEKLFF+TCRBV02-01+TCRBJ01-04	TCRBV02-01	TCRBJ01-04					False	DRB1*14:01P	cii	2.0151389e-10	-9.695695013332058	h-DRB1_14_01P-354	1.0	4.0		0.5595339585109407	DRB1	True	right_only	False	2026 only	cii	DRB1*14:01P	cii
Dataset1	CCGTGGATCTGGAGCC-5	TRB:CASSLGDRDNSPLHF;TRA:CAAPSSTLTF	C06	CD8_TEMRA	supercentenarian	CASSLGDRDNSPLHF	CAAPSSTLTF	31	1474	0.02103120759837178	CASSLGDRDNSPLHF+TCRBV13-01+TCRBJ01-06	TCRBV13-01	TCRBJ01-06					False	B*44:02	ci	1.2817997e-09	-8.892179834396796	h-B_44_02-121	6.0	8.0	0.8333333333333333	0.5998863313441318	B	True	right_only	False	2026 only	ci	B*44:02	ci
Dataset1	CCTTACGGTTAAGTAG-5	TRB:CASSLGDRDNSPLHF;TRA:CAAPSSTLTF	C06	CD8_TEM	supercentenarian	CASSLGDRDNSPLHF	CAAPSSTLTF	31	1474	0.02103120759837178	CASSLGDRDNSPLHF+TCRBV13-01+TCRBJ01-06	TCRBV13-01	TCRBJ01-06					False	B*44:02	ci	1.2817997e-09	-8.892179834396796	h-B_44_02-121	6.0	8.0	0.8333333333333333	0.5998863313441318	B	True	right_only	False	2026 only	ci	B*44:02	ci
Dataset1	CCTTTCTCAATGAATG-5	TRB:CASSLGPSSGNTIYF;TRA:CAVDREGGNQFYF	A05	CD8_TEM	control	CASSLGPSSGNTIYF	CAVDREGGNQFYF	2	1799	0.0011117287381878821	CASSLGPSSGNTIYF+TCRBV07-03+TCRBJ01-03	TCRBV07-03	TCRBJ01-03	DPA1*01:03+DPB1*03:01	cii	feature23572_DPA1_01_03+DPB1_03_01	DPA1	True	DPA1*01:03+DPB1*03:01	cii	4.129618e-09	-8.384090119812111	h-DPA1_01_03_DPB1_03_01-38	6.0	13.0	0.8653846153846154	0.5004262574595055	DPA1	True	both	True	shared	cii	DPA1*01:03+DPB1*03:01	cii
Dataset1	CGATGGCCATTTGCCC-5	TRB:CASSPGPPYEQYF;TRA:CATLLSNTGNQFYF	A05	CD4_Helper	control	CASSPGPPYEQYF	CATLLSNTGNQFYF	1	1799	0.0005558643690939411	CASSPGPPYEQYF+TCRBV27-01+TCRBJ02-07	TCRBV27-01	TCRBJ02-07	DRB1*11:04	cii	feature39764_DRB1_11_04	DRB1	True	DRB1*11:04	cii	1.577766e-08	-7.801957406984924	h-DRB1_11_04-484	0.0	1.0		0.4452969593634555	DRB1	True	both	True	shared	cii	DRB1*11:04	cii
Dataset1	CGCTATCTCTGTCCGT-5	TRB:CASSLGAGGPADTQYF;TRA:CALTLTGNQFYF	A05	CD8_TEMRA	control	CASSLGAGGPADTQYF	CALTLTGNQFYF	7	1799	0.0038910505836575876	CASSLGAGGPADTQYF+TCRBV05-04+TCRBJ02-03	TCRBV05-04	TCRBJ02-03	B*52:01	ci	feature18241_B_52_01	B	True											False	left_only	False	2024 only	ci	B*52:01	ci
Dataset1	CGCTTCATCCCTGACT-5	TRB:CASSYGGVTTDTQYF;TRA:CAVKKGTYKYIF	C06	CD4_Naive	supercentenarian	CASSYGGVTTDTQYF	CAVKKGTYKYIF	1	1474	0.0006784260515603799	CASSYGGVTTDTQYF+TCRBV06-02/06-03+TCRBJ02-03	TCRBV06-02/06-03	TCRBJ02-03	DQA1*01:03+DQB1*06:03	cii	feature31466_DQA1_01_03+DQB1_06_03	DQA1	True											False	left_only	False	2024 only	cii	DQA1*01:03+DQB1*06:03	cii
Dataset1	CGTCTACAGACGACGT-5	TRB:CASSLGAGGPADTQYF	A05	CD8_TEM	control	CASSLGAGGPADTQYF		2	1799	0.0011117287381878821	CASSLGAGGPADTQYF+TCRBV05-04+TCRBJ02-03	TCRBV05-04	TCRBJ02-03	B*52:01	ci	feature18241_B_52_01	B	True											False	left_only	False	2024 only	ci	B*52:01	ci
Dataset1	CGTGTAACAGACGCTC-5	TRB:CASSLRTGPYNEQFF;TRA:CAVGEATSYDKVIF	A05	CD4_Naive	control	CASSLRTGPYNEQFF	CAVGEATSYDKVIF	1	1799	0.0005558643690939411	CASSLRTGPYNEQFF+TCRBV28-01+TCRBJ02-01	TCRBV28-01	TCRBJ02-01					False	DPA1*02:02+DPB1*05:01	cii	1.9068702e-09	-8.719678868224209	h-DPA1_02_02_DPB1_05_01-191	9.0	5.0	0.8888888888888888	0.5994600738846263	DPA1	True	right_only	False	2026 only	cii	DPA1*02:02+DPB1*05:01	cii
Dataset1	CGTGTAAGTCAATGTC-5	TRB:CASSEQGYNEQFF;TRA:CAVEDSNFNKFYF;TRA:CAVLNAGNNRKLIW	C06	CD4_Naive	supercentenarian	CASSEQGYNEQFF	CAVLNAGNNRKLIW	1	1474	0.0006784260515603799	CASSEQGYNEQFF+TCRBV05-01+TCRBJ02-01	TCRBV05-01	TCRBJ02-01					False	DRB3*02:02	cii	5.5504192e-09	-8.255674215188735	h-DRB3_02_02-99	20.0	25.0	0.966	0.7067348678601876	DRB3	True	right_only	False	2026 only	cii	DRB3*02:02	cii
Dataset1	CTACGTCGTTATCCGA-5	TRB:CASSLGDRDNSPLHF;TRA:CAAPSSTLTF	C06	CD8_TEMRA	supercentenarian	CASSLGDRDNSPLHF	CAAPSSTLTF	31	1474	0.02103120759837178	CASSLGDRDNSPLHF+TCRBV13-01+TCRBJ01-06	TCRBV13-01	TCRBJ01-06					False	B*44:02	ci	1.2817997e-09	-8.892179834396796	h-B_44_02-121	6.0	8.0	0.8333333333333333	0.5998863313441318	B	True	right_only	False	2026 only	ci	B*44:02	ci
Dataset1	CTCATTAAGAGCCCAA-5	TRB:CASSLGDRDNSPLHF;TRA:CAAPSSTLTF	C06	CD8_TEM	supercentenarian	CASSLGDRDNSPLHF	CAAPSSTLTF	31	1474	0.02103120759837178	CASSLGDRDNSPLHF+TCRBV13-01+TCRBJ01-06	TCRBV13-01	TCRBJ01-06					False	B*44:02	ci	1.2817997e-09	-8.892179834396796	h-B_44_02-121	6.0	8.0	0.8333333333333333	0.5998863313441318	B	True	right_only	False	2026 only	ci	B*44:02	ci
Dataset1	CTCGGAGTCGATGAGG-5	TRB:CASSLGDRDNSPLHF;TRA:CAAPSSTLTF	C06	CD8_TEM	supercentenarian	CASSLGDRDNSPLHF	CAAPSSTLTF	31	1474	0.02103120759837178	CASSLGDRDNSPLHF+TCRBV13-01+TCRBJ01-06	TCRBV13-01	TCRBJ01-06					False	B*44:02	ci	1.2817997e-09	-8.892179834396796	h-B_44_02-121	6.0	8.0	0.8333333333333333	0.5998863313441318	B	True	right_only	False	2026 only	ci	B*44:02	ci
Dataset1	CTGAAGTAGAATTGTG-5	TRB:CASSQEGFNQPQHF;TRA:CAAGNSGNTPLVF	A05	gamma_delta2	control	CASSQEGFNQPQHF	CAAGNSGNTPLVF	1	1799	0.0005558643690939411	CASSQEGFNQPQHF+TCRBV04-01+TCRBJ01-05	TCRBV04-01	TCRBJ01-05	B*51:01	ci	feature17945_B_51_01	B	True	B*51:01	ci	4.8653366e-09	-8.312887108434527	h-B_51_01-88	6.0	7.0	0.880952380952381	0.6010230179028133	B	True	both	True	shared	ci	B*51:01	ci
Dataset1	CTGATCCTCAGGTTCA-5	TRB:CASSLGDRDNSPLHF;TRA:CAAPSSTLTF	C06	CD8_TEMRA	supercentenarian	CASSLGDRDNSPLHF	CAAPSSTLTF	31	1474	0.02103120759837178	CASSLGDRDNSPLHF+TCRBV13-01+TCRBJ01-06	TCRBV13-01	TCRBJ01-06					False	B*44:02	ci	1.2817997e-09	-8.892179834396796	h-B_44_02-121	6.0	8.0	0.8333333333333333	0.5998863313441318	B	True	right_only	False	2026 only	ci	B*44:02	ci
Dataset1	CTTAACTGTGAGTGAC-5	TRB:CASSLGDRDNSPLHF;TRA:CAAPSSTLTF	C06	CD8_TEMRA	supercentenarian	CASSLGDRDNSPLHF	CAAPSSTLTF	31	1474	0.02103120759837178	CASSLGDRDNSPLHF+TCRBV13-01+TCRBJ01-06	TCRBV13-01	TCRBJ01-06					False	B*44:02	ci	1.2817997e-09	-8.892179834396796	h-B_44_02-121	6.0	8.0	0.8333333333333333	0.5998863313441318	B	True	right_only	False	2026 only	ci	B*44:02	ci
Dataset1	CTTCTCTCATGGTCTA-5	TRB:CASSPPSASTDTQYF;TRA:CAGPFPLTGGGNKLTF	C06	CD4_Helper	supercentenarian	CASSPPSASTDTQYF	CAGPFPLTGGGNKLTF	1	1474	0.0006784260515603799	CASSPPSASTDTQYF+TCRBV28-01+TCRBJ02-03	TCRBV28-01	TCRBJ02-03	DPA1*01:03+DPB1*02:01	cii	feature22887_DPA1_01_03+DPB1_02_01	DPA1	True	DPA1*01:03+DPB1*02:01	cii	3.714791e-10	-9.430065615308528	h-DPA1_01_03_DPB1_02_01-66	15.0	14.0	0.9523809523809524	0.6676612674055129	DPA1	True	both	True	shared	cii	DPA1*01:03+DPB1*02:01	cii
Dataset1	CTTGGCTGTTGCGCAC-5	TRB:CASSLLGGNTGELFF;TRA:CAVNGNNRLAF	A05	CD4_Naive	control	CASSLLGGNTGELFF	CAVNGNNRLAF	1	1799	0.0005558643690939411	CASSLLGGNTGELFF+TCRBV07-03+TCRBJ02-02	TCRBV07-03	TCRBJ02-02	B*58:01	ci	feature19814_B_58_01	B	True											False	left_only	False	2024 only	ci	B*58:01	ci
Dataset1	GACGCGTGTGCAACTT-5	TRB:CASSLGAGGPADTQYF;TRA:CALTLTGNQFYF	A05	CD8_TEM	control	CASSLGAGGPADTQYF	CALTLTGNQFYF	7	1799	0.0038910505836575876	CASSLGAGGPADTQYF+TCRBV05-04+TCRBJ02-03	TCRBV05-04	TCRBJ02-03	B*52:01	ci	feature18241_B_52_01	B	True											False	left_only	False	2024 only	ci	B*52:01	ci
Dataset1	GCGACCAGTGGCCCTA-5	TRB:CASSLGDRDNSPLHF;TRA:CAAPSSTLTF	C06	CD8_TEMRA	supercentenarian	CASSLGDRDNSPLHF	CAAPSSTLTF	31	1474	0.02103120759837178	CASSLGDRDNSPLHF+TCRBV13-01+TCRBJ01-06	TCRBV13-01	TCRBJ01-06					False	B*44:02	ci	1.2817997e-09	-8.892179834396796	h-B_44_02-121	6.0	8.0	0.8333333333333333	0.5998863313441318	B	True	right_only	False	2026 only	ci	B*44:02	ci
Dataset1	GCGCAGTAGTCTCCTC-5	TRB:CASSLGDRDNSPLHF;TRA:CAAPSSTLTF	C06	CD8_TEMRA	supercentenarian	CASSLGDRDNSPLHF	CAAPSSTLTF	31	1474	0.02103120759837178	CASSLGDRDNSPLHF+TCRBV13-01+TCRBJ01-06	TCRBV13-01	TCRBJ01-06					False	B*44:02	ci	1.2817997e-09	-8.892179834396796	h-B_44_02-121	6.0	8.0	0.8333333333333333	0.5998863313441318	B	True	right_only	False	2026 only	ci	B*44:02	ci
Dataset1	GCTGCAGGTACCGGCT-5	TRB:CASSLRAGAGANVLTF;TRB:CSVGPPSSSYNEQFF;TRA:CIVRPNFGNEKLTF	C06	CD4_CTL	supercentenarian	CSVGPPSSSYNEQFF	CIVRPNFGNEKLTF	2	1474	0.0013568521031207597	CSVGPPSSSYNEQFF+TCRBV29-01+TCRBJ02-01	TCRBV29-01	TCRBJ02-01	DRB1*09:01	cii	feature38923_DRB1_09_01	DRB1	True	DRB1*09:01	cii	1.506795e-10	-9.821945829586378	h-DRB1_09_01-549	5.0	3.0	1.0	0.5788576300085251	DRB1	True	both	True	shared	cii	DRB1*09:01	cii
Dataset1	GCTGCTTAGATGGCGT-5	TRB:CASSLGAGGPADTQYF;TRA:CALTLTGNQFYF	A05	CD8_TEM	control	CASSLGAGGPADTQYF	CALTLTGNQFYF	7	1799	0.0038910505836575876	CASSLGAGGPADTQYF+TCRBV05-04+TCRBJ02-03	TCRBV05-04	TCRBJ02-03	B*52:01	ci	feature18241_B_52_01	B	True											False	left_only	False	2024 only	ci	B*52:01	ci
Dataset1	GGAATAAGTTAAGACA-5	TRB:CASSLGDRDNSPLHF;TRA:CAAPSSTLTF	C06	CD8_TEMRA	supercentenarian	CASSLGDRDNSPLHF	CAAPSSTLTF	31	1474	0.02103120759837178	CASSLGDRDNSPLHF+TCRBV13-01+TCRBJ01-06	TCRBV13-01	TCRBJ01-06					False	B*44:02	ci	1.2817997e-09	-8.892179834396796	h-B_44_02-121	6.0	8.0	0.8333333333333333	0.5998863313441318	B	True	right_only	False	2026 only	ci	B*44:02	ci
Dataset1	GGACAGAGTGATAAAC-5	TRB:CASSLGDRDNSPLHF;TRA:CAAPSSTLTF	C06	CD8_TEM	supercentenarian	CASSLGDRDNSPLHF	CAAPSSTLTF	31	1474	0.02103120759837178	CASSLGDRDNSPLHF+TCRBV13-01+TCRBJ01-06	TCRBV13-01	TCRBJ01-06					False	B*44:02	ci	1.2817997e-09	-8.892179834396796	h-B_44_02-121	6.0	8.0	0.8333333333333333	0.5998863313441318	B	True	right_only	False	2026 only	ci	B*44:02	ci
Dataset1	GGATGTTGTTTGTGTG-5	TRB:CASSLGPSSGNTIYF;TRA:CAVDREGGNQFYF	A05	CD8_TEM	control	CASSLGPSSGNTIYF	CAVDREGGNQFYF	2	1799	0.0011117287381878821	CASSLGPSSGNTIYF+TCRBV07-03+TCRBJ01-03	TCRBV07-03	TCRBJ01-03	DPA1*01:03+DPB1*03:01	cii	feature23572_DPA1_01_03+DPB1_03_01	DPA1	True	DPA1*01:03+DPB1*03:01	cii	4.129618e-09	-8.384090119812111	h-DPA1_01_03_DPB1_03_01-38	6.0	13.0	0.8653846153846154	0.5004262574595055	DPA1	True	both	True	shared	cii	DPA1*01:03+DPB1*03:01	cii
Dataset1	GGATTACAGATCACGG-5	TRB:CASSLGDRDNSPLHF;TRA:CAAPSSTLTF	C06	CD8_TEMRA	supercentenarian	CASSLGDRDNSPLHF	CAAPSSTLTF	31	1474	0.02103120759837178	CASSLGDRDNSPLHF+TCRBV13-01+TCRBJ01-06	TCRBV13-01	TCRBJ01-06					False	B*44:02	ci	1.2817997e-09	-8.892179834396796	h-B_44_02-121	6.0	8.0	0.8333333333333333	0.5998863313441318	B	True	right_only	False	2026 only	ci	B*44:02	ci
Dataset1	GGCCGATTCCGCATCT-5	TRB:CASSLGDRDNSPLHF;TRA:CAAPSSTLTF	C06	CD8_TEM	supercentenarian	CASSLGDRDNSPLHF	CAAPSSTLTF	31	1474	0.02103120759837178	CASSLGDRDNSPLHF+TCRBV13-01+TCRBJ01-06	TCRBV13-01	TCRBJ01-06					False	B*44:02	ci	1.2817997e-09	-8.892179834396796	h-B_44_02-121	6.0	8.0	0.8333333333333333	0.5998863313441318	B	True	right_only	False	2026 only	ci	B*44:02	ci
Dataset1	GGGAGATGTCCGTGAC-5	TRB:CASSLGDRDNSPLHF;TRA:CAAPSSTLTF	C06	CD8_TEM	supercentenarian	CASSLGDRDNSPLHF	CAAPSSTLTF	31	1474	0.02103120759837178	CASSLGDRDNSPLHF+TCRBV13-01+TCRBJ01-06	TCRBV13-01	TCRBJ01-06					False	B*44:02	ci	1.2817997e-09	-8.892179834396796	h-B_44_02-121	6.0	8.0	0.8333333333333333	0.5998863313441318	B	True	right_only	False	2026 only	ci	B*44:02	ci
Dataset1	GGGCACTGTAGAAGGA-5	TRB:CASSLATDTQYF;TRA:CALRRDAGNMLTF	A05	CD4_Naive	control	CASSLATDTQYF	CALRRDAGNMLTF	1	1799	0.0005558643690939411	CASSLATDTQYF+TCRBV19-01+TCRBJ02-03	TCRBV19-01	TCRBJ02-03	DRB1*04:01	cii	feature34899_DRB1_04_01	DRB1	True	DRB1*04:01	cii	1.5417337e-08	-7.811990634461558	h-DRB1_04_01-510	3.0	10.0	1.0	0.5666382495026998	DRB1	True	both	True	shared	cii	DRB1*04:01	cii
Dataset1	GGGCATCTCCAACCAA-5	TRB:CASSQAYEKLFF;TRA:CAVEEGSGTASKLTF	C06	CD4_Helper	supercentenarian	CASSQAYEKLFF	CAVEEGSGTASKLTF	1	1474	0.0006784260515603799	CASSQAYEKLFF+TCRBV03-01/03-02+TCRBJ01-04	TCRBV03-01/03-02	TCRBJ01-04					False	DRB1*04:01	cii	2.7212539e-09	-8.565230935535684	h-DRB1_04_01-510	3.0	10.0	1.0	0.5666382495026998	DRB1	True	right_only	False	2026 only	cii	DRB1*04:01	cii
Dataset1	GGGTCTGTCCGTACAA-5	TRB:CASSLRAGAGANVLTF;TRB:CSVGPPSSSYNEQFF;TRA:CIVRPNFGNEKLTF	C06	CD4_CTL	supercentenarian	CSVGPPSSSYNEQFF	CIVRPNFGNEKLTF	2	1474	0.0013568521031207597	CSVGPPSSSYNEQFF+TCRBV29-01+TCRBJ02-01	TCRBV29-01	TCRBJ02-01	DRB1*09:01	cii	feature38923_DRB1_09_01	DRB1	True	DRB1*09:01	cii	1.506795e-10	-9.821945829586378	h-DRB1_09_01-549	5.0	3.0	1.0	0.5788576300085251	DRB1	True	both	True	shared	cii	DRB1*09:01	cii
Dataset1	GTAACGTGTACTTAGC-5	TRB:CSVGPPSSSYNEQFF	C06	CD4_CTL	supercentenarian	CSVGPPSSSYNEQFF		1	1474	0.0006784260515603799	CSVGPPSSSYNEQFF+TCRBV29-01+TCRBJ02-01	TCRBV29-01	TCRBJ02-01	DRB1*09:01	cii	feature38923_DRB1_09_01	DRB1	True	DRB1*09:01	cii	1.506795e-10	-9.821945829586378	h-DRB1_09_01-549	5.0	3.0	1.0	0.5788576300085251	DRB1	True	both	True	shared	cii	DRB1*09:01	cii
Dataset1	GTCCTCAGTGCATCTA-5	TRB:CASSLGAGGPADTQYF;TRA:CALTLTGNQFYF	A05	CD8_TEM	control	CASSLGAGGPADTQYF	CALTLTGNQFYF	7	1799	0.0038910505836575876	CASSLGAGGPADTQYF+TCRBV05-04+TCRBJ02-03	TCRBV05-04	TCRBJ02-03	B*52:01	ci	feature18241_B_52_01	B	True											False	left_only	False	2024 only	ci	B*52:01	ci
Dataset1	GTGCGGTGTTCGCGAC-5	TRB:CASSLGDRDNSPLHF;TRA:CAAPSSTLTF	C06	CD8_TEMRA	supercentenarian	CASSLGDRDNSPLHF	CAAPSSTLTF	31	1474	0.02103120759837178	CASSLGDRDNSPLHF+TCRBV13-01+TCRBJ01-06	TCRBV13-01	TCRBJ01-06					False	B*44:02	ci	1.2817997e-09	-8.892179834396796	h-B_44_02-121	6.0	8.0	0.8333333333333333	0.5998863313441318	B	True	right_only	False	2026 only	ci	B*44:02	ci
Dataset1	GTTCTCGTCAAGCCTA-5	TRB:CASSLVASTDTQYF;TRA:CAASTSDYKLSF	C06	CD4_Helper	supercentenarian	CASSLVASTDTQYF	CAASTSDYKLSF	1	1474	0.0006784260515603799	CASSLVASTDTQYF+TCRBV07-06+TCRBJ02-03	TCRBV07-06	TCRBJ02-03	DRB1*04:01	cii	feature34899_DRB1_04_01	DRB1	True	DRB1*04:01	cii	3.5208192e-09	-8.453356276110837	h-DRB1_04_01-510	3.0	10.0	1.0	0.5666382495026998	DRB1	True	both	True	shared	cii	DRB1*04:01	cii
Dataset1	GTTCTCGTCAAGCCTA-5	TRB:CASSLVASTDTQYF;TRA:CAASTSDYKLSF	C06	CD4_Helper	supercentenarian	CASSLVASTDTQYF	CAASTSDYKLSF	1	1474	0.0006784260515603799	CASSLVASTDTQYF+TCRBV07-X+TCRBJ02-03	TCRBV07-X	TCRBJ02-03	DRB1*04:01	cii	feature34899_DRB1_04_01	DRB1	True	DRB1*04:01	cii	4.3839763e-09	-8.358131802335512	h-DRB1_04_01-510	3.0	10.0	1.0	0.5666382495026998	DRB1	True	both	True	shared	cii	DRB1*04:01	cii
Dataset1	TACACGATCAAACCAC-5	TRB:CASSLGLAVTDTQYF;TRA:CALLYNQGGKLIF	A05	CD4_Helper	control	CASSLGLAVTDTQYF	CALLYNQGGKLIF	1	1799	0.0005558643690939411	CASSLGLAVTDTQYF+TCRBV11-03+TCRBJ02-03	TCRBV11-03	TCRBJ02-03	DQA1*01:01+DQB1*05:01	cii	feature29890_DQA1_01_01+DQB1_05_01	DQA1	True	DQA1*01:01+DQB1*05:01	cii	2.7698055e-09	-8.557550726690959	h-DQA1_01_01_DQB1_05_01-323	9.0	8.0	1.0	0.6351236146632566	DQA1	True	both	True	shared	cii	DQA1*01:01+DQB1*05:01	cii
Dataset1	TACGGGCGTGCGATAG-5	TRB:CASSGTGLTEAFF;TRA:CATDLYGNNRLAF	A05	CD4_Naive	control	CASSGTGLTEAFF	CATDLYGNNRLAF	1	1799	0.0005558643690939411	CASSGTGLTEAFF+TCRBV03-01/03-02+TCRBJ01-01	TCRBV03-01/03-02	TCRBJ01-01					False	DRB1*01:01	cii	1.1567947e-09	-8.936743709819623	h-DRB1_01_01-298	6.0	4.0	1.0	0.4997158283603296	DRB1	True	right_only	False	2026 only	cii	DRB1*01:01	cii
Dataset1	TAGCCGGTCCCATTAT-5	TRB:CASSLGAGGPADTQYF	A05	CD8_TEMRA	control	CASSLGAGGPADTQYF		2	1799	0.0011117287381878821	CASSLGAGGPADTQYF+TCRBV05-04+TCRBJ02-03	TCRBV05-04	TCRBJ02-03	B*52:01	ci	feature18241_B_52_01	B	True											False	left_only	False	2024 only	ci	B*52:01	ci
Dataset1	TATCAGGAGATCCGAG-5	TRB:CASSLGDRDNSPLHF;TRA:CAAPSSTLTF	C06	CD8_TEMRA	supercentenarian	CASSLGDRDNSPLHF	CAAPSSTLTF	31	1474	0.02103120759837178	CASSLGDRDNSPLHF+TCRBV13-01+TCRBJ01-06	TCRBV13-01	TCRBJ01-06					False	B*44:02	ci	1.2817997e-09	-8.892179834396796	h-B_44_02-121	6.0	8.0	0.8333333333333333	0.5998863313441318	B	True	right_only	False	2026 only	ci	B*44:02	ci
Dataset1	TCAACGAGTCAAAGCG-5	TRB:CASSPEGTGELFF;TRA:CAVNARGNKLVF	C06	CD4_Treg	supercentenarian	CASSPEGTGELFF	CAVNARGNKLVF	1	1474	0.0006784260515603799	CASSPEGTGELFF+TCRBV04-01+TCRBJ02-02	TCRBV04-01	TCRBJ02-02	B*40:01	ci	feature14970_B_40_01	B	True	B*40:01	ci	5.056822e-09	-8.296122333252628	h-B_40_01-223	5.0	11.0	1.0	0.6098323387325945	B	True	both	True	shared	ci	B*40:01	ci
Dataset1	TCACAAGCAGCTCGCA-5	TRB:CASSLDLGGYEQYF;TRA:CIVGERRNNNARLMF	C06	CD4_Helper	supercentenarian	CASSLDLGGYEQYF	CIVGERRNNNARLMF	1	1474	0.0006784260515603799	CASSLDLGGYEQYF+TCRBV05-01+TCRBJ02-07	TCRBV05-01	TCRBJ02-07	B*38:01	ci	feature13621_B_38_01	B	True	B*38:01	ci	1.0936163e-08	-7.961135025372111	h-B_38_01-178	1.0	2.0		0.4805342426825802	B	True	both	True	shared	ci	B*38:01	ci
Dataset1	TCCCGATCACGACTCG-5	TRB:CASSLGDRDNSPLHF;TRA:CAAPSSTLTF	C06	CD8_TEMRA	supercentenarian	CASSLGDRDNSPLHF	CAAPSSTLTF	31	1474	0.02103120759837178	CASSLGDRDNSPLHF+TCRBV13-01+TCRBJ01-06	TCRBV13-01	TCRBJ01-06					False	B*44:02	ci	1.2817997e-09	-8.892179834396796	h-B_44_02-121	6.0	8.0	0.8333333333333333	0.5998863313441318	B	True	right_only	False	2026 only	ci	B*44:02	ci
Dataset1	TCTCTAATCGAATGGG-5	TRB:CASSLGDRDNSPLHF;TRA:CAAPSSTLTF	C06	CD8_TEM	supercentenarian	CASSLGDRDNSPLHF	CAAPSSTLTF	31	1474	0.02103120759837178	CASSLGDRDNSPLHF+TCRBV13-01+TCRBJ01-06	TCRBV13-01	TCRBJ01-06					False	B*44:02	ci	1.2817997e-09	-8.892179834396796	h-B_44_02-121	6.0	8.0	0.8333333333333333	0.5998863313441318	B	True	right_only	False	2026 only	ci	B*44:02	ci
Dataset1	TGACTTTAGTGTTTGC-5	TRB:CASSPGTALSNQPQHF;TRA:CALSNSGGGADGLTF	C06	CD4_Helper	supercentenarian	CASSPGTALSNQPQHF	CALSNSGGGADGLTF	1	1474	0.0006784260515603799	CASSPGTALSNQPQHF+TCRBV18-01+TCRBJ01-05	TCRBV18-01	TCRBJ01-05					False	DRB1*01:01	cii	5.71277e-10	-9.243153260578271	h-DRB1_01_01-298	6.0	4.0	1.0	0.4997158283603296	DRB1	True	right_only	False	2026 only	cii	DRB1*01:01	cii
Dataset1	TGAGGGAGTAGCCTAT-5	TRB:CASSLSGTYNEQFF;TRA:CAVNRNNARLMF	C06	CD4_Treg	supercentenarian	CASSLSGTYNEQFF	CAVNRNNARLMF	1	1474	0.0006784260515603799	CASSLSGTYNEQFF+TCRBV28-01+TCRBJ02-01	TCRBV28-01	TCRBJ02-01	DRB1*07:01	cii	feature37525_DRB1_07_01	DRB1	True	DRB1*07:01	cii	1.3270499e-08	-7.877112746399169	h-DRB1_07_01-718	11.0	19.0	0.9617224880382776	0.5242966751918158	DRB1	True	both	True	shared	cii	DRB1*07:01	cii
Dataset1	TGGGCGTGTTCGCGAC-5	TRB:CASSLGDRDNSPLHF;TRA:CAAPSSTLTF	C06	CD8_TEMRA	supercentenarian	CASSLGDRDNSPLHF	CAAPSSTLTF	31	1474	0.02103120759837178	CASSLGDRDNSPLHF+TCRBV13-01+TCRBJ01-06	TCRBV13-01	TCRBJ01-06					False	B*44:02	ci	1.2817997e-09	-8.892179834396796	h-B_44_02-121	6.0	8.0	0.8333333333333333	0.5998863313441318	B	True	right_only	False	2026 only	ci	B*44:02	ci
Dataset1	TTATGCTGTACCTACA-5	TRB:CASSATYEQYF;TRA:CATSYNDYKLSF	A05	CD4_Helper	control	CASSATYEQYF	CATSYNDYKLSF	1	1799	0.0005558643690939411	CASSATYEQYF+TCRBV07-02+TCRBJ02-07	TCRBV07-02	TCRBJ02-07	DQA1*01:01+DQB1*05:01	cii	feature29890_DQA1_01_01+DQB1_05_01	DQA1	True	DRB1*01:01	cii	1.0076681e-08	-7.996682489789631	h-DRB1_01_01-298	6.0	4.0	1.0	0.4997158283603296	DRB1	True	both	True	shared	cii	DQA1*01:01+DQB1*05:01	cii
Dataset1	TTCGAAGGTCTAACGT-5	TRB:CASSLGTSGTYEQYF;TRA:CAVRLYSGAGSYQLTF	C06	CD8_TEM	supercentenarian	CASSLGTSGTYEQYF	CAVRLYSGAGSYQLTF	1	1474	0.0006784260515603799	CASSLGTSGTYEQYF+TCRBV04-01+TCRBJ02-07	TCRBV04-01	TCRBJ02-07					False	B*40:02	ci	1.1894562e-09	-8.924651545596898	h-B_40_02-68	4.0	3.0	0.7083333333333333	0.4990053992611538	B	True	right_only	False	2026 only	ci	B*40:02	ci
Dataset1	TTCGAAGGTCTAACGT-5	TRB:CASSLGTSGTYEQYF;TRA:CAVRLYSGAGSYQLTF	C06	CD8_TEM	supercentenarian	CASSLGTSGTYEQYF	CAVRLYSGAGSYQLTF	1	1474	0.0006784260515603799	CASSLGTSGTYEQYF+TCRBV07-08+TCRBJ02-07	TCRBV07-08	TCRBJ02-07	DQA1*01:04+DQB1*05:03	cii	feature31659_DQA1_01_04+DQB1_05_03	DQA1	True											False	left_only	False	2024 only	cii	DQA1*01:04+DQB1*05:03	cii
Dataset1	TTCTCAAGTATAGGTA-5	TRB:CASSQGTGSNQPQHF;TRA:CAGGGSNYKLTF	C06	CD4_Helper	supercentenarian	CASSQGTGSNQPQHF	CAGGGSNYKLTF	1	1474	0.0006784260515603799	CASSQGTGSNQPQHF+TCRBV27-01+TCRBJ01-05	TCRBV27-01	TCRBJ01-05					False	DRB1*08:01	cii	3.6332266e-09	-8.439707514864882	h-DRB1_08_01-455	0.0	2.0		0.5458937198067633	DRB1	True	right_only	False	2026 only	cii	DRB1*08:01	cii
Dataset1	TTCTTAGTCGCACTCT-5	TRB:CASSLGDRDNSPLHF;TRA:CAAPSSTLTF	C06	CD8_TEM	supercentenarian	CASSLGDRDNSPLHF	CAAPSSTLTF	31	1474	0.02103120759837178	CASSLGDRDNSPLHF+TCRBV13-01+TCRBJ01-06	TCRBV13-01	TCRBJ01-06					False	B*44:02	ci	1.2817997e-09	-8.892179834396796	h-B_44_02-121	6.0	8.0	0.8333333333333333	0.5998863313441318	B	True	right_only	False	2026 only	ci	B*44:02	ci
Dataset1	AACCGCGTCAGCTCTC-6	TRB:CASSPGGALETQYF;TRA:CAVMEYGNKLVF	B02	CD4_Naive	centenarian	CASSPGGALETQYF	CAVMEYGNKLVF	1	1781	0.0005614823133071309	CASSPGGALETQYF+TCRBV27-01+TCRBJ02-05	TCRBV27-01	TCRBJ02-05	B*35:01	ci	feature11611_B_35_01	B	True											False	left_only	False	2024 only	ci	B*35:01	ci
Dataset1	AACCGCGTCTGATTCT-6	TRB:CASSPGNQPQHF;TRA:CAVAMYSGGGADGLTF	A08	CD8_TEMRA	control	CASSPGNQPQHF	CAVAMYSGGGADGLTF	1	1773	0.0005640157924421884	CASSPGNQPQHF+TCRBV06-06+TCRBJ01-05	TCRBV06-06	TCRBJ01-05	DRB3*03:01	cii	feature42832_DRB3_03_01	DRB3	True	DQA1*01:02+DQB1*06:04	cii	1.2886484e-08	-7.889865561133255	h-DQA1_01_02_DQB1_06_04-349	0.0	0.0		0.4953111679454391	DQA1	True	both	True	shared	cii	DRB3*03:01	cii
Dataset1	AACTCAGCACGTCTCT-6	TRB:CASRRMNTEAFF	B02	CD8_TEMRA	centenarian	CASRRMNTEAFF		2	1781	0.0011229646266142617	CASRRMNTEAFF+TCRBV05-01+TCRBJ01-01	TCRBV05-01	TCRBJ01-01	B*44:03	ci	feature16424_B_44_03	B	True											False	left_only	False	2024 only	ci	B*44:03	ci
Dataset1	AACTCAGCACGTCTCT-6	TRB:CASRRMNTEAFF	B02	CD8_TEMRA	centenarian	CASRRMNTEAFF		2	1781	0.0011229646266142617	CASRRMNTEAFF+TCRBV06-05+TCRBJ01-01	TCRBV06-05	TCRBJ01-01					False	B*44:03	ci	2.3362333e-08	-7.631483790051322	h-B_44_03-229	1.0	2.0		0.5485933503836318	B	True	right_only	False	2026 only	ci	B*44:03	ci
Dataset1	AACTCAGGTCAAACTC-6	TRB:CASRRMNTEAFF;TRA:CASEDNFNKFYF	B02	CD8_TEMRA	centenarian	CASRRMNTEAFF	CASEDNFNKFYF	16	1781	0.008983717012914094	CASRRMNTEAFF+TCRBV05-01+TCRBJ01-01	TCRBV05-01	TCRBJ01-01	B*44:03	ci	feature16424_B_44_03	B	True											False	left_only	False	2024 only	ci	B*44:03	ci
Dataset1	AACTCAGGTCAAACTC-6	TRB:CASRRMNTEAFF;TRA:CASEDNFNKFYF	B02	CD8_TEMRA	centenarian	CASRRMNTEAFF	CASEDNFNKFYF	16	1781	0.008983717012914094	CASRRMNTEAFF+TCRBV06-05+TCRBJ01-01	TCRBV06-05	TCRBJ01-01					False	B*44:03	ci	2.3362333e-08	-7.631483790051322	h-B_44_03-229	1.0	2.0		0.5485933503836318	B	True	right_only	False	2026 only	ci	B*44:03	ci
Dataset1	AACTTTCGTGTAATGA-6	TRB:CASRRMNTEAFF;TRA:CATEDNFNKFYF	B02	CD8_TEM	centenarian	CASRRMNTEAFF	CATEDNFNKFYF	22	1781	0.012352610892756879	CASRRMNTEAFF+TCRBV05-01+TCRBJ01-01	TCRBV05-01	TCRBJ01-01	B*44:03	ci	feature16424_B_44_03	B	True											False	left_only	False	2024 only	ci	B*44:03	ci
Dataset1	AACTTTCGTGTAATGA-6	TRB:CASRRMNTEAFF;TRA:CATEDNFNKFYF	B02	CD8_TEM	centenarian	CASRRMNTEAFF	CATEDNFNKFYF	22	1781	0.012352610892756879	CASRRMNTEAFF+TCRBV06-05+TCRBJ01-01	TCRBV06-05	TCRBJ01-01					False	B*44:03	ci	2.3362333e-08	-7.631483790051322	h-B_44_03-229	1.0	2.0		0.5485933503836318	B	True	right_only	False	2026 only	ci	B*44:03	ci
Dataset1	AAGGTTCAGTTGAGTA-6	TRB:CASSLSGTGPSEQYF;TRA:CAVGAGFQKLVF	A08	CD4_CTL	control	CASSLSGTGPSEQYF	CAVGAGFQKLVF	8	1773	0.0045121263395375075	CASSLSGTGPSEQYF+TCRBV07-02+TCRBJ02-07	TCRBV07-02	TCRBJ02-07	DRB1*09:01	cii	feature38923_DRB1_09_01	DRB1	True											False	left_only	False	2024 only	cii	DRB1*09:01	cii
Dataset1	AATCCAGCAGCATACT-6	TRB:CASSLVNGEQFF;TRA:CALSDGNNNARLMF	A08	CD8_TEM	control	CASSLVNGEQFF	CALSDGNNNARLMF	1	1773	0.0005640157924421884	CASSLVNGEQFF+TCRBV07-09+TCRBJ02-01	TCRBV07-09	TCRBJ02-01	B*51:01	ci	feature17945_B_51_01	B	True	B*51:01	ci	1.8391609e-10	-9.735380274608909	h-B_51_01-88	6.0	7.0	0.880952380952381	0.6010230179028133	B	True	both	True	shared	ci	B*51:01	ci
Dataset1	ACACCAATCAGCTTAG-6	TRB:CASTQGANNYGYTF	B05	CD4_Helper	centenarian	CASTQGANNYGYTF		1	1620	0.0006172839506172839	CASTQGANNYGYTF+TCRBV02-01+TCRBJ01-02	TCRBV02-01	TCRBJ01-02					False	DRB4*01:01P	cii	6.69688e-11	-10.174127483026602	h-DRB4_01_01P-47	3.0	4.0	1.0	0.7092924126172209	DRB4	True	right_only	False	2026 only	cii	DRB4*01:01P	cii
Dataset1	ACACTGATCTGTGCAA-6	TRB:CASRRMNTEAFF;TRA:CATEDNFNKFYF	B02	CD8_TEM	centenarian	CASRRMNTEAFF	CATEDNFNKFYF	22	1781	0.012352610892756879	CASRRMNTEAFF+TCRBV05-01+TCRBJ01-01	TCRBV05-01	TCRBJ01-01	B*44:03	ci	feature16424_B_44_03	B	True											False	left_only	False	2024 only	ci	B*44:03	ci
Dataset1	ACACTGATCTGTGCAA-6	TRB:CASRRMNTEAFF;TRA:CATEDNFNKFYF	B02	CD8_TEM	centenarian	CASRRMNTEAFF	CATEDNFNKFYF	22	1781	0.012352610892756879	CASRRMNTEAFF+TCRBV06-05+TCRBJ01-01	TCRBV06-05	TCRBJ01-01					False	B*44:03	ci	2.3362333e-08	-7.631483790051322	h-B_44_03-229	1.0	2.0		0.5485933503836318	B	True	right_only	False	2026 only	ci	B*44:03	ci
Dataset1	ACATACGGTCCAACTA-6	TRB:CASSSTSGSSYEQYF;TRA:CLVGPLIPDKLIF	B05	CD4_Treg	centenarian	CASSSTSGSSYEQYF	CLVGPLIPDKLIF	1	1620	0.0006172839506172839	CASSSTSGSSYEQYF+TCRBV04-01+TCRBJ02-07	TCRBV04-01	TCRBJ02-07	C*08:02	ci	feature21047_C_08_02	C	True											False	left_only	False	2024 only	ci	C*08:02	ci
Dataset1	ACCCACTGTTCCGGCA-6	TRB:CASRRMNTEAFF;TRA:CATEDNFNKFYF	B02	CD8_TEM	centenarian	CASRRMNTEAFF	CATEDNFNKFYF	22	1781	0.012352610892756879	CASRRMNTEAFF+TCRBV05-01+TCRBJ01-01	TCRBV05-01	TCRBJ01-01	B*44:03	ci	feature16424_B_44_03	B	True											False	left_only	False	2024 only	ci	B*44:03	ci
Dataset1	ACCCACTGTTCCGGCA-6	TRB:CASRRMNTEAFF;TRA:CATEDNFNKFYF	B02	CD8_TEM	centenarian	CASRRMNTEAFF	CATEDNFNKFYF	22	1781	0.012352610892756879	CASRRMNTEAFF+TCRBV06-05+TCRBJ01-01	TCRBV06-05	TCRBJ01-01					False	B*44:03	ci	2.3362333e-08	-7.631483790051322	h-B_44_03-229	1.0	2.0		0.5485933503836318	B	True	right_only	False	2026 only	ci	B*44:03	ci
Dataset1	ACTATCTTCGGCCGAT-6	TRB:CASSRETGELFF;TRA:CAANYAGNMLTF	A08	CD4_Helper	control	CASSRETGELFF	CAANYAGNMLTF	1	1773	0.0005640157924421884	CASSRETGELFF+TCRBV04-02+TCRBJ02-02	TCRBV04-02	TCRBJ02-02	B*39:01	ci	feature14002_B_39_01	B	True											False	left_only	False	2024 only	ci	B*39:01	ci
Dataset1	ACTGAGTAGAGAGCTC-6	TRB:CASSLSGTGPSEQYF	A08	CD4_CTL	control	CASSLSGTGPSEQYF		3	1773	0.001692047377326565	CASSLSGTGPSEQYF+TCRBV07-02+TCRBJ02-07	TCRBV07-02	TCRBJ02-07	DRB1*09:01	cii	feature38923_DRB1_09_01	DRB1	True											False	left_only	False	2024 only	cii	DRB1*09:01	cii
Dataset1	ACTGATGGTACAGTGG-6	TRB:CASSWTTQETQYF;TRA:CAAPKGSSASKIIF;TRA:CAVSTSGGYNKLIF	B02	CD4_Helper	centenarian	CASSWTTQETQYF	CAVSTSGGYNKLIF	1	1781	0.0005614823133071309	CASSWTTQETQYF+TCRBV27-01+TCRBJ02-05	TCRBV27-01	TCRBJ02-05					False	B*44:03	ci	2.4078655e-09	-8.6183677758192	h-B_44_03-230	1.0	2.0		0.5287013356067065	B	True	right_only	False	2026 only	ci	B*44:03	ci
Dataset1	AGACGTTTCGGTGTCG-6	TRB:CASRRMNTEAFF;TRA:CASEDNFNKFYF	B02	CD8_TEMRA	centenarian	CASRRMNTEAFF	CASEDNFNKFYF	16	1781	0.008983717012914094	CASRRMNTEAFF+TCRBV05-01+TCRBJ01-01	TCRBV05-01	TCRBJ01-01	B*44:03	ci	feature16424_B_44_03	B	True											False	left_only	False	2024 only	ci	B*44:03	ci
Dataset1	AGACGTTTCGGTGTCG-6	TRB:CASRRMNTEAFF;TRA:CASEDNFNKFYF	B02	CD8_TEMRA	centenarian	CASRRMNTEAFF	CASEDNFNKFYF	16	1781	0.008983717012914094	CASRRMNTEAFF+TCRBV06-05+TCRBJ01-01	TCRBV06-05	TCRBJ01-01					False	B*44:03	ci	2.3362333e-08	-7.631483790051322	h-B_44_03-229	1.0	2.0		0.5485933503836318	B	True	right_only	False	2026 only	ci	B*44:03	ci
Dataset1	AGCATACGTAGAGTGC-6	TRB:CASSQEDRAGNTIYF;TRA:CAMTFTGGGNKLTF	A08	CD4_CTL	control	CASSQEDRAGNTIYF	CAMTFTGGGNKLTF	8	1773	0.0045121263395375075	CASSQEDRAGNTIYF+TCRBV04-01+TCRBJ01-03	TCRBV04-01	TCRBJ01-03	DRB1*09:01	cii	feature38923_DRB1_09_01	DRB1	True	DRB1*09:01	cii	5.359887e-09	-8.270844366238903	h-DRB1_09_01-549	5.0	3.0	1.0	0.5788576300085251	DRB1	True	both	True	shared	cii	DRB1*09:01	cii
Dataset1	AGCATACGTAGAGTGC-6	TRB:CASSQEDRAGNTIYF;TRA:CAMTFTGGGNKLTF	A08	CD4_CTL	control	CASSQEDRAGNTIYF	CAMTFTGGGNKLTF	8	1773	0.0045121263395375075	CASSQEDRAGNTIYF+TCRBV04-02+TCRBJ01-03	TCRBV04-02	TCRBJ01-03	DRB1*09:01	cii	feature38923_DRB1_09_01	DRB1	True	DRB1*09:01	cii	2.219379e-09	-8.65376852762207	h-DRB1_09_01-549	5.0	3.0	1.0	0.5788576300085251	DRB1	True	both	True	shared	cii	DRB1*09:01	cii
Dataset1	AGCATACGTAGAGTGC-6	TRB:CASSQEDRAGNTIYF;TRA:CAMTFTGGGNKLTF	A08	CD4_CTL	control	CASSQEDRAGNTIYF	CAMTFTGGGNKLTF	8	1773	0.0045121263395375075	CASSQEDRAGNTIYF+TCRBV04-03+TCRBJ01-03	TCRBV04-03	TCRBJ01-03	DRB1*09:01	cii	feature38923_DRB1_09_01	DRB1	True											False	left_only	False	2024 only	cii	DRB1*09:01	cii
Dataset1	AGCTTGAGTCATGCCG-6	TRB:CASSQEDRAGNTIYF;TRA:CAMTFTGGGNKLTF	A08	CD4_CTL	control	CASSQEDRAGNTIYF	CAMTFTGGGNKLTF	8	1773	0.0045121263395375075	CASSQEDRAGNTIYF+TCRBV04-01+TCRBJ01-03	TCRBV04-01	TCRBJ01-03	DRB1*09:01	cii	feature38923_DRB1_09_01	DRB1	True	DRB1*09:01	cii	5.359887e-09	-8.270844366238903	h-DRB1_09_01-549	5.0	3.0	1.0	0.5788576300085251	DRB1	True	both	True	shared	cii	DRB1*09:01	cii
Dataset1	AGCTTGAGTCATGCCG-6	TRB:CASSQEDRAGNTIYF;TRA:CAMTFTGGGNKLTF	A08	CD4_CTL	control	CASSQEDRAGNTIYF	CAMTFTGGGNKLTF	8	1773	0.0045121263395375075	CASSQEDRAGNTIYF+TCRBV04-02+TCRBJ01-03	TCRBV04-02	TCRBJ01-03	DRB1*09:01	cii	feature38923_DRB1_09_01	DRB1	True	DRB1*09:01	cii	2.219379e-09	-8.65376852762207	h-DRB1_09_01-549	5.0	3.0	1.0	0.5788576300085251	DRB1	True	both	True	shared	cii	DRB1*09:01	cii
Dataset1	AGCTTGAGTCATGCCG-6	TRB:CASSQEDRAGNTIYF;TRA:CAMTFTGGGNKLTF	A08	CD4_CTL	control	CASSQEDRAGNTIYF	CAMTFTGGGNKLTF	8	1773	0.0045121263395375075	CASSQEDRAGNTIYF+TCRBV04-03+TCRBJ01-03	TCRBV04-03	TCRBJ01-03	DRB1*09:01	cii	feature38923_DRB1_09_01	DRB1	True											False	left_only	False	2024 only	cii	DRB1*09:01	cii
Dataset1	AGGGAGTTCCTCAATT-6	TRB:CASSKRDGTDTQYF;TRA:CAPATYNQGGKLIF	B05	CD4_Helper	centenarian	CASSKRDGTDTQYF	CAPATYNQGGKLIF	1	1620	0.0006172839506172839	CASSKRDGTDTQYF+TCRBV11-01+TCRBJ02-03	TCRBV11-01	TCRBJ02-03	DRB5*02:02	cii	feature43549_DRB5_02_02	DRB5	True	DQA1*01:02+DQB1*05:02	cii	9.468323e-11	-10.023726935077034	h-DQA1_01_02_DQB1_05_02-263	2.0	0.0		0.5663540778630293	DQA1	True	both	True	shared	cii	DRB5*02:02	cii
Dataset1	AGGTCCGCAATTCCTT-6	TRB:CASRRMNTEAFF;TRA:CATEDNFNKFYF	B02	CD8_TEM	centenarian	CASRRMNTEAFF	CATEDNFNKFYF	22	1781	0.012352610892756879	CASRRMNTEAFF+TCRBV05-01+TCRBJ01-01	TCRBV05-01	TCRBJ01-01	B*44:03	ci	feature16424_B_44_03	B	True											False	left_only	False	2024 only	ci	B*44:03	ci
Dataset1	AGGTCCGCAATTCCTT-6	TRB:CASRRMNTEAFF;TRA:CATEDNFNKFYF	B02	CD8_TEM	centenarian	CASRRMNTEAFF	CATEDNFNKFYF	22	1781	0.012352610892756879	CASRRMNTEAFF+TCRBV06-05+TCRBJ01-01	TCRBV06-05	TCRBJ01-01					False	B*44:03	ci	2.3362333e-08	-7.631483790051322	h-B_44_03-229	1.0	2.0		0.5485933503836318	B	True	right_only	False	2026 only	ci	B*44:03	ci
Dataset1	ATAAGAGTCCGTTGTC-6	TRB:CASSLGGAGGDTQYF;TRA:CAAHNDYKLSF	B02	CD4_Helper	centenarian	CASSLGGAGGDTQYF	CAAHNDYKLSF	1	1781	0.0005614823133071309	CASSLGGAGGDTQYF+TCRBV09-01+TCRBJ02-03	TCRBV09-01	TCRBJ02-03	A*02:01	ci	feature689_A_02_01	A	True											False	left_only	False	2024 only	ci	A*02:01	ci
Dataset1	ATCGAGTGTACCATCA-6	TRB:CASSLSGGMNTEAFF	A08	CD4_Naive	control	CASSLSGGMNTEAFF		1	1773	0.0005640157924421884	CASSLSGGMNTEAFF+TCRBV11-01+TCRBJ01-01	TCRBV11-01	TCRBJ01-01	DRB1*13:03	cii	feature41340_DRB1_13_03	DRB1	True											False	left_only	False	2024 only	cii	DRB1*13:03	cii
Dataset1	ATTACTCAGTCCGTAT-6	TRB:CASSQEDRAGNTIYF;TRA:CAMTFTGGGNKLTF	A08	CD4_CTL	control	CASSQEDRAGNTIYF	CAMTFTGGGNKLTF	8	1773	0.0045121263395375075	CASSQEDRAGNTIYF+TCRBV04-01+TCRBJ01-03	TCRBV04-01	TCRBJ01-03	DRB1*09:01	cii	feature38923_DRB1_09_01	DRB1	True	DRB1*09:01	cii	5.359887e-09	-8.270844366238903	h-DRB1_09_01-549	5.0	3.0	1.0	0.5788576300085251	DRB1	True	both	True	shared	cii	DRB1*09:01	cii
Dataset1	ATTACTCAGTCCGTAT-6	TRB:CASSQEDRAGNTIYF;TRA:CAMTFTGGGNKLTF	A08	CD4_CTL	control	CASSQEDRAGNTIYF	CAMTFTGGGNKLTF	8	1773	0.0045121263395375075	CASSQEDRAGNTIYF+TCRBV04-02+TCRBJ01-03	TCRBV04-02	TCRBJ01-03	DRB1*09:01	cii	feature38923_DRB1_09_01	DRB1	True	DRB1*09:01	cii	2.219379e-09	-8.65376852762207	h-DRB1_09_01-549	5.0	3.0	1.0	0.5788576300085251	DRB1	True	both	True	shared	cii	DRB1*09:01	cii
Dataset1	ATTACTCAGTCCGTAT-6	TRB:CASSQEDRAGNTIYF;TRA:CAMTFTGGGNKLTF	A08	CD4_CTL	control	CASSQEDRAGNTIYF	CAMTFTGGGNKLTF	8	1773	0.0045121263395375075	CASSQEDRAGNTIYF+TCRBV04-03+TCRBJ01-03	TCRBV04-03	TCRBJ01-03	DRB1*09:01	cii	feature38923_DRB1_09_01	DRB1	True											False	left_only	False	2024 only	cii	DRB1*09:01	cii
Dataset1	ATTACTCTCGAACTGT-6	TRB:CASSQEDRAGNTIYF;TRA:CAMSPTGGGNKLTF	A08	CD4_Helper	control	CASSQEDRAGNTIYF	CAMSPTGGGNKLTF	1	1773	0.0005640157924421884	CASSQEDRAGNTIYF+TCRBV04-01+TCRBJ01-03	TCRBV04-01	TCRBJ01-03	DRB1*09:01	cii	feature38923_DRB1_09_01	DRB1	True	DRB1*09:01	cii	5.359887e-09	-8.270844366238903	h-DRB1_09_01-549	5.0	3.0	1.0	0.5788576300085251	DRB1	True	both	True	shared	cii	DRB1*09:01	cii
Dataset1	ATTACTCTCGAACTGT-6	TRB:CASSQEDRAGNTIYF;TRA:CAMSPTGGGNKLTF	A08	CD4_Helper	control	CASSQEDRAGNTIYF	CAMSPTGGGNKLTF	1	1773	0.0005640157924421884	CASSQEDRAGNTIYF+TCRBV04-02+TCRBJ01-03	TCRBV04-02	TCRBJ01-03	DRB1*09:01	cii	feature38923_DRB1_09_01	DRB1	True	DRB1*09:01	cii	2.219379e-09	-8.65376852762207	h-DRB1_09_01-549	5.0	3.0	1.0	0.5788576300085251	DRB1	True	both	True	shared	cii	DRB1*09:01	cii
Dataset1	ATTACTCTCGAACTGT-6	TRB:CASSQEDRAGNTIYF;TRA:CAMSPTGGGNKLTF	A08	CD4_Helper	control	CASSQEDRAGNTIYF	CAMSPTGGGNKLTF	1	1773	0.0005640157924421884	CASSQEDRAGNTIYF+TCRBV04-03+TCRBJ01-03	TCRBV04-03	TCRBJ01-03	DRB1*09:01	cii	feature38923_DRB1_09_01	DRB1	True											False	left_only	False	2024 only	cii	DRB1*09:01	cii
Dataset1	CAACTAGCATGGTCAT-6	TRB:CASSLSGTGPSEQYF;TRA:CAVGAGFQKLVF	A08	CD4_CTL	control	CASSLSGTGPSEQYF	CAVGAGFQKLVF	8	1773	0.0045121263395375075	CASSLSGTGPSEQYF+TCRBV07-02+TCRBJ02-07	TCRBV07-02	TCRBJ02-07	DRB1*09:01	cii	feature38923_DRB1_09_01	DRB1	True											False	left_only	False	2024 only	cii	DRB1*09:01	cii
Dataset1	CACACAATCTCCGGTT-6	TRB:CASRRMNTEAFF;TRA:CASEDNFNKFYF	B02	CD8_TEMRA	centenarian	CASRRMNTEAFF	CASEDNFNKFYF	16	1781	0.008983717012914094	CASRRMNTEAFF+TCRBV05-01+TCRBJ01-01	TCRBV05-01	TCRBJ01-01	B*44:03	ci	feature16424_B_44_03	B	True											False	left_only	False	2024 only	ci	B*44:03	ci
Dataset1	CACACAATCTCCGGTT-6	TRB:CASRRMNTEAFF;TRA:CASEDNFNKFYF	B02	CD8_TEMRA	centenarian	CASRRMNTEAFF	CASEDNFNKFYF	16	1781	0.008983717012914094	CASRRMNTEAFF+TCRBV06-05+TCRBJ01-01	TCRBV06-05	TCRBJ01-01					False	B*44:03	ci	2.3362333e-08	-7.631483790051322	h-B_44_03-229	1.0	2.0		0.5485933503836318	B	True	right_only	False	2026 only	ci	B*44:03	ci
Dataset1	CACACCTTCTGGTTCC-6	TRB:CASTDSLNTEAFF;TRA:CLVGDGNDMRF	B02	CD4_Naive	centenarian	CASTDSLNTEAFF	CLVGDGNDMRF	1	1781	0.0005614823133071309	CASTDSLNTEAFF+TCRBV06-06+TCRBJ01-01	TCRBV06-06	TCRBJ01-01					False	DRB1*07:01	cii	4.0196507e-10	-9.395811684640286	h-DRB1_07_01-718	11.0	19.0	0.9617224880382776	0.5242966751918158	DRB1	True	right_only	False	2026 only	cii	DRB1*07:01	cii
Dataset1	CACACTCTCTAACTTC-6	TRB:CASRRMNTEAFF;TRA:CATEDNFNKFYF	B02	CD8_TEM	centenarian	CASRRMNTEAFF	CATEDNFNKFYF	22	1781	0.012352610892756879	CASRRMNTEAFF+TCRBV05-01+TCRBJ01-01	TCRBV05-01	TCRBJ01-01	B*44:03	ci	feature16424_B_44_03	B	True											False	left_only	False	2024 only	ci	B*44:03	ci
Dataset1	CACACTCTCTAACTTC-6	TRB:CASRRMNTEAFF;TRA:CATEDNFNKFYF	B02	CD8_TEM	centenarian	CASRRMNTEAFF	CATEDNFNKFYF	22	1781	0.012352610892756879	CASRRMNTEAFF+TCRBV06-05+TCRBJ01-01	TCRBV06-05	TCRBJ01-01					False	B*44:03	ci	2.3362333e-08	-7.631483790051322	h-B_44_03-229	1.0	2.0		0.5485933503836318	B	True	right_only	False	2026 only	ci	B*44:03	ci
Dataset1	CACAGTAAGTCCAGGA-6	TRB:CASSLDRAGARYF;TRA:CAASETGNQFYF	A08	CD4_CTL	control	CASSLDRAGARYF	CAASETGNQFYF	1	1773	0.0005640157924421884	CASSLDRAGARYF+TCRBV07-09+TCRBJ02-07	TCRBV07-09	TCRBJ02-07					False	DPA1*01:03+DPB1*04:02	cii	3.8885683e-13	-12.410210268561084	h-DPA1_01_03_DPB1_04_02-78	5.0	14.0	0.9571428571428572	0.6226200625177607	DPA1	True	right_only	False	2026 only	cii	DPA1*01:03+DPB1*04:02	cii
Dataset1	CACCAGGCATGTCGAT-6	TRB:CASSLSGTGPSEQYF;TRA:CAVGAGFQKLVF	A08	CD4_Helper	control	CASSLSGTGPSEQYF	CAVGAGFQKLVF	8	1773	0.0045121263395375075	CASSLSGTGPSEQYF+TCRBV07-02+TCRBJ02-07	TCRBV07-02	TCRBJ02-07	DRB1*09:01	cii	feature38923_DRB1_09_01	DRB1	True											False	left_only	False	2024 only	cii	DRB1*09:01	cii
Dataset1	CACCTTGTCGCATGGC-6	TRB:CASRRMNTEAFF;TRA:CATENNFNKFYF	B02	CD8_TEM	centenarian	CASRRMNTEAFF	CATENNFNKFYF	6	1781	0.003368893879842785	CASRRMNTEAFF+TCRBV05-01+TCRBJ01-01	TCRBV05-01	TCRBJ01-01	B*44:03	ci	feature16424_B_44_03	B	True											False	left_only	False	2024 only	ci	B*44:03	ci
Dataset1	CACCTTGTCGCATGGC-6	TRB:CASRRMNTEAFF;TRA:CATENNFNKFYF	B02	CD8_TEM	centenarian	CASRRMNTEAFF	CATENNFNKFYF	6	1781	0.003368893879842785	CASRRMNTEAFF+TCRBV06-05+TCRBJ01-01	TCRBV06-05	TCRBJ01-01					False	B*44:03	ci	2.3362333e-08	-7.631483790051322	h-B_44_03-229	1.0	2.0		0.5485933503836318	B	True	right_only	False	2026 only	ci	B*44:03	ci
Dataset1	CAGATCATCAGGCGAA-6	TRB:CASSQEDRAGNTIYF;TRA:CAMTFTGGGNKLTF	A08	CD4_CTL	control	CASSQEDRAGNTIYF	CAMTFTGGGNKLTF	8	1773	0.0045121263395375075	CASSQEDRAGNTIYF+TCRBV04-01+TCRBJ01-03	TCRBV04-01	TCRBJ01-03	DRB1*09:01	cii	feature38923_DRB1_09_01	DRB1	True	DRB1*09:01	cii	5.359887e-09	-8.270844366238903	h-DRB1_09_01-549	5.0	3.0	1.0	0.5788576300085251	DRB1	True	both	True	shared	cii	DRB1*09:01	cii
Dataset1	CAGATCATCAGGCGAA-6	TRB:CASSQEDRAGNTIYF;TRA:CAMTFTGGGNKLTF	A08	CD4_CTL	control	CASSQEDRAGNTIYF	CAMTFTGGGNKLTF	8	1773	0.0045121263395375075	CASSQEDRAGNTIYF+TCRBV04-02+TCRBJ01-03	TCRBV04-02	TCRBJ01-03	DRB1*09:01	cii	feature38923_DRB1_09_01	DRB1	True	DRB1*09:01	cii	2.219379e-09	-8.65376852762207	h-DRB1_09_01-549	5.0	3.0	1.0	0.5788576300085251	DRB1	True	both	True	shared	cii	DRB1*09:01	cii
Dataset1	CAGATCATCAGGCGAA-6	TRB:CASSQEDRAGNTIYF;TRA:CAMTFTGGGNKLTF	A08	CD4_CTL	control	CASSQEDRAGNTIYF	CAMTFTGGGNKLTF	8	1773	0.0045121263395375075	CASSQEDRAGNTIYF+TCRBV04-03+TCRBJ01-03	TCRBV04-03	TCRBJ01-03	DRB1*09:01	cii	feature38923_DRB1_09_01	DRB1	True											False	left_only	False	2024 only	cii	DRB1*09:01	cii
Dataset1	CAGCTAATCCGTAGTA-6	TRB:CASSRDRSNQPQHF;TRA:CALSERGGANSKLTF	A08	CD4_Helper	control	CASSRDRSNQPQHF	CALSERGGANSKLTF	2	1773	0.0011280315848843769	CASSRDRSNQPQHF+TCRBV05-05+TCRBJ01-05	TCRBV05-05	TCRBJ01-05	DRB1*13:01	cii	feature40546_DRB1_13_01	DRB1	True	DRB1*13:01	cii	3.4595713e-09	-8.460977714380485	h-DRB1_13_01-221	2.0	5.0		0.6243250923557829	DRB1	True	both	True	shared	cii	DRB1*13:01	cii
Dataset1	CATCCACTCTGCCCTA-6	TRB:CASSVGDEQFF;TRA:CAMKTSYDKVIF	B05	CD8_TEM	centenarian	CASSVGDEQFF	CAMKTSYDKVIF	1	1620	0.0006172839506172839	CASSVGDEQFF+TCRBV25-01+TCRBJ02-01	TCRBV25-01	TCRBJ02-01	C*07:02	ci	feature20421_C_07_02	C	True	C*07:02	ci	6.1555694e-09	-8.210731767941372	h-C_07_02-300	6.0	7.0	0.9166666666666669	0.5562659846547314	C	True	both	True	shared	ci	C*07:02	ci
Dataset1	CATCGAAAGACTTGAA-6	TRB:CASRRMNTEAFF;TRA:CASEDNFNKFYF	B02	CD8_TEMRA	centenarian	CASRRMNTEAFF	CASEDNFNKFYF	16	1781	0.008983717012914094	CASRRMNTEAFF+TCRBV05-01+TCRBJ01-01	TCRBV05-01	TCRBJ01-01	B*44:03	ci	feature16424_B_44_03	B	True											False	left_only	False	2024 only	ci	B*44:03	ci
Dataset1	CATCGAAAGACTTGAA-6	TRB:CASRRMNTEAFF;TRA:CASEDNFNKFYF	B02	CD8_TEMRA	centenarian	CASRRMNTEAFF	CASEDNFNKFYF	16	1781	0.008983717012914094	CASRRMNTEAFF+TCRBV06-05+TCRBJ01-01	TCRBV06-05	TCRBJ01-01					False	B*44:03	ci	2.3362333e-08	-7.631483790051322	h-B_44_03-229	1.0	2.0		0.5485933503836318	B	True	right_only	False	2026 only	ci	B*44:03	ci
Dataset1	CATGACAAGCGTTGCC-6	TRB:CASSRDRSNQPQHF;TRA:CALSERGGANSKLTF	A08	CD4_Helper	control	CASSRDRSNQPQHF	CALSERGGANSKLTF	2	1773	0.0011280315848843769	CASSRDRSNQPQHF+TCRBV05-05+TCRBJ01-05	TCRBV05-05	TCRBJ01-05	DRB1*13:01	cii	feature40546_DRB1_13_01	DRB1	True	DRB1*13:01	cii	3.4595713e-09	-8.460977714380485	h-DRB1_13_01-221	2.0	5.0		0.6243250923557829	DRB1	True	both	True	shared	cii	DRB1*13:01	cii
Dataset1	CCATTCGGTCGAGTTT-6	TRB:CASRRMNTEAFF;TRA:CATEDNFNKFYF	B02	CD8_TEM	centenarian	CASRRMNTEAFF	CATEDNFNKFYF	22	1781	0.012352610892756879	CASRRMNTEAFF+TCRBV05-01+TCRBJ01-01	TCRBV05-01	TCRBJ01-01	B*44:03	ci	feature16424_B_44_03	B	True											False	left_only	False	2024 only	ci	B*44:03	ci
Dataset1	CCATTCGGTCGAGTTT-6	TRB:CASRRMNTEAFF;TRA:CATEDNFNKFYF	B02	CD8_TEM	centenarian	CASRRMNTEAFF	CATEDNFNKFYF	22	1781	0.012352610892756879	CASRRMNTEAFF+TCRBV06-05+TCRBJ01-01	TCRBV06-05	TCRBJ01-01					False	B*44:03	ci	2.3362333e-08	-7.631483790051322	h-B_44_03-229	1.0	2.0		0.5485933503836318	B	True	right_only	False	2026 only	ci	B*44:03	ci
Dataset1	CCCAGTTGTGTAATGA-6	TRB:CASRRMNTEAFF;TRA:CATENNFNKFYF	B02	CD8_TEMRA	centenarian	CASRRMNTEAFF	CATENNFNKFYF	6	1781	0.003368893879842785	CASRRMNTEAFF+TCRBV05-01+TCRBJ01-01	TCRBV05-01	TCRBJ01-01	B*44:03	ci	feature16424_B_44_03	B	True											False	left_only	False	2024 only	ci	B*44:03	ci
Dataset1	CCCAGTTGTGTAATGA-6	TRB:CASRRMNTEAFF;TRA:CATENNFNKFYF	B02	CD8_TEMRA	centenarian	CASRRMNTEAFF	CATENNFNKFYF	6	1781	0.003368893879842785	CASRRMNTEAFF+TCRBV06-05+TCRBJ01-01	TCRBV06-05	TCRBJ01-01					False	B*44:03	ci	2.3362333e-08	-7.631483790051322	h-B_44_03-229	1.0	2.0		0.5485933503836318	B	True	right_only	False	2026 only	ci	B*44:03	ci
Dataset1	CCTACACCAGCATGAG-6	TRB:CASSASGTGYNEQFF	B02	CD8_TEM	centenarian	CASSASGTGYNEQFF		1	1781	0.0005614823133071309	CASSASGTGYNEQFF+TCRBV06-04+TCRBJ02-01	TCRBV06-04	TCRBJ02-01					False	B*44:03	ci	1.2161236e-09	-8.915022283558297	h-B_44_03-230	1.0	2.0		0.5287013356067065	B	True	right_only	False	2026 only	ci	B*44:03	ci
Dataset1	CCTACCAAGCCGTCGT-6	TRB:CASSLTGGITEAFF	B02	CD4_Helper	centenarian	CASSLTGGITEAFF		1	1781	0.0005614823133071309	CASSLTGGITEAFF+TCRBV05-06+TCRBJ01-01	TCRBV05-06	TCRBJ01-01	A*01:01	ci	feature339_A_01_01	A	True	A*01:01	ci	1.5127243e-09	-8.820240216655653	h-A_01_01-169	5.0	12.0	0.625	0.536231884057971	A	True	both	True	shared	ci	A*01:01	ci
Dataset1	CCTTCGAAGGGTATCG-6	TRB:CASRRMNTEAFF;TRA:CASEDNFNKFYF	B02	CD8_TEMRA	centenarian	CASRRMNTEAFF	CASEDNFNKFYF	16	1781	0.008983717012914094	CASRRMNTEAFF+TCRBV05-01+TCRBJ01-01	TCRBV05-01	TCRBJ01-01	B*44:03	ci	feature16424_B_44_03	B	True											False	left_only	False	2024 only	ci	B*44:03	ci
Dataset1	CCTTCGAAGGGTATCG-6	TRB:CASRRMNTEAFF;TRA:CASEDNFNKFYF	B02	CD8_TEMRA	centenarian	CASRRMNTEAFF	CASEDNFNKFYF	16	1781	0.008983717012914094	CASRRMNTEAFF+TCRBV06-05+TCRBJ01-01	TCRBV06-05	TCRBJ01-01					False	B*44:03	ci	2.3362333e-08	-7.631483790051322	h-B_44_03-229	1.0	2.0		0.5485933503836318	B	True	right_only	False	2026 only	ci	B*44:03	ci
Dataset1	CGCGGTAGTGAGGCTA-6	TRB:CASRRMNTEAFF;TRA:CATEDNFNKFYF	B02	CD8_TEM	centenarian	CASRRMNTEAFF	CATEDNFNKFYF	22	1781	0.012352610892756879	CASRRMNTEAFF+TCRBV05-01+TCRBJ01-01	TCRBV05-01	TCRBJ01-01	B*44:03	ci	feature16424_B_44_03	B	True											False	left_only	False	2024 only	ci	B*44:03	ci
Dataset1	CGCGGTAGTGAGGCTA-6	TRB:CASRRMNTEAFF;TRA:CATEDNFNKFYF	B02	CD8_TEM	centenarian	CASRRMNTEAFF	CATEDNFNKFYF	22	1781	0.012352610892756879	CASRRMNTEAFF+TCRBV06-05+TCRBJ01-01	TCRBV06-05	TCRBJ01-01					False	B*44:03	ci	2.3362333e-08	-7.631483790051322	h-B_44_03-229	1.0	2.0		0.5485933503836318	B	True	right_only	False	2026 only	ci	B*44:03	ci
Dataset1	CGCTATCGTGATGATA-6	TRB:CASRRMNTEAFF;TRA:CASEDNFNKFYF	B02	CD8_TEM	centenarian	CASRRMNTEAFF	CASEDNFNKFYF	16	1781	0.008983717012914094	CASRRMNTEAFF+TCRBV05-01+TCRBJ01-01	TCRBV05-01	TCRBJ01-01	B*44:03	ci	feature16424_B_44_03	B	True											False	left_only	False	2024 only	ci	B*44:03	ci
Dataset1	CGCTATCGTGATGATA-6	TRB:CASRRMNTEAFF;TRA:CASEDNFNKFYF	B02	CD8_TEM	centenarian	CASRRMNTEAFF	CASEDNFNKFYF	16	1781	0.008983717012914094	CASRRMNTEAFF+TCRBV06-05+TCRBJ01-01	TCRBV06-05	TCRBJ01-01					False	B*44:03	ci	2.3362333e-08	-7.631483790051322	h-B_44_03-229	1.0	2.0		0.5485933503836318	B	True	right_only	False	2026 only	ci	B*44:03	ci
Dataset1	CGGACTGTCAGTGTTG-6	TRB:CASRRMNTEAFF;TRA:CASEDNFNKFYF	B02	CD8_TEM	centenarian	CASRRMNTEAFF	CASEDNFNKFYF	16	1781	0.008983717012914094	CASRRMNTEAFF+TCRBV05-01+TCRBJ01-01	TCRBV05-01	TCRBJ01-01	B*44:03	ci	feature16424_B_44_03	B	True											False	left_only	False	2024 only	ci	B*44:03	ci
Dataset1	CGGACTGTCAGTGTTG-6	TRB:CASRRMNTEAFF;TRA:CASEDNFNKFYF	B02	CD8_TEM	centenarian	CASRRMNTEAFF	CASEDNFNKFYF	16	1781	0.008983717012914094	CASRRMNTEAFF+TCRBV06-05+TCRBJ01-01	TCRBV06-05	TCRBJ01-01					False	B*44:03	ci	2.3362333e-08	-7.631483790051322	h-B_44_03-229	1.0	2.0		0.5485933503836318	B	True	right_only	False	2026 only	ci	B*44:03	ci
Dataset1	CGGCTAGTCGCCTGAG-6	TRB:CASRRMNTEAFF;TRA:CATEDNFNKFYF	B02	CD8_TEM	centenarian	CASRRMNTEAFF	CATEDNFNKFYF	22	1781	0.012352610892756879	CASRRMNTEAFF+TCRBV05-01+TCRBJ01-01	TCRBV05-01	TCRBJ01-01	B*44:03	ci	feature16424_B_44_03	B	True											False	left_only	False	2024 only	ci	B*44:03	ci
Dataset1	CGGCTAGTCGCCTGAG-6	TRB:CASRRMNTEAFF;TRA:CATEDNFNKFYF	B02	CD8_TEM	centenarian	CASRRMNTEAFF	CATEDNFNKFYF	22	1781	0.012352610892756879	CASRRMNTEAFF+TCRBV06-05+TCRBJ01-01	TCRBV06-05	TCRBJ01-01					False	B*44:03	ci	2.3362333e-08	-7.631483790051322	h-B_44_03-229	1.0	2.0		0.5485933503836318	B	True	right_only	False	2026 only	ci	B*44:03	ci
Dataset1	CGTAGGCGTGGTCTCG-6	TRB:CASRRDRNTGELFF;TRA:CAVRDRTDKLIF	B02	CD4_Naive	centenarian	CASRRDRNTGELFF	CAVRDRTDKLIF	1	1781	0.0005614823133071309	CASRRDRNTGELFF+TCRBV12-X+TCRBJ02-02	TCRBV12-X	TCRBJ02-02	DPA1*01:03+DPB1*03:01	cii	feature23572_DPA1_01_03+DPB1_03_01	DPA1	True											False	left_only	False	2024 only	cii	DPA1*01:03+DPB1*03:01	cii
Dataset1	CGTCTACCAGATCCAT-6	TRB:CASSRRGGANTGELFF;TRA:CALANQAGTALIF	B05	CD4_CTL	centenarian	CASSRRGGANTGELFF	CALANQAGTALIF	1	1620	0.0006172839506172839	CASSRRGGANTGELFF+TCRBV25-01+TCRBJ02-02	TCRBV25-01	TCRBJ02-02	DRB1*14:54	cii	feature41470_DRB1_14_54	DRB1	True	DRB1*14:01P	cii	2.575906e-10	-9.589069989303747	h-DRB1_14_01P-354	1.0	4.0		0.5595339585109407	DRB1	True	both	True	shared	cii	DRB1*14:54	cii
Dataset1	CGTGTCTCACGAGGTA-6	TRB:CASSQEDRAGNTIYF	A08	CD4_CTL	control	CASSQEDRAGNTIYF		1	1773	0.0005640157924421884	CASSQEDRAGNTIYF+TCRBV04-01+TCRBJ01-03	TCRBV04-01	TCRBJ01-03	DRB1*09:01	cii	feature38923_DRB1_09_01	DRB1	True	DRB1*09:01	cii	5.359887e-09	-8.270844366238903	h-DRB1_09_01-549	5.0	3.0	1.0	0.5788576300085251	DRB1	True	both	True	shared	cii	DRB1*09:01	cii
Dataset1	CGTGTCTCACGAGGTA-6	TRB:CASSQEDRAGNTIYF	A08	CD4_CTL	control	CASSQEDRAGNTIYF		1	1773	0.0005640157924421884	CASSQEDRAGNTIYF+TCRBV04-02+TCRBJ01-03	TCRBV04-02	TCRBJ01-03	DRB1*09:01	cii	feature38923_DRB1_09_01	DRB1	True	DRB1*09:01	cii	2.219379e-09	-8.65376852762207	h-DRB1_09_01-549	5.0	3.0	1.0	0.5788576300085251	DRB1	True	both	True	shared	cii	DRB1*09:01	cii
Dataset1	CGTGTCTCACGAGGTA-6	TRB:CASSQEDRAGNTIYF	A08	CD4_CTL	control	CASSQEDRAGNTIYF		1	1773	0.0005640157924421884	CASSQEDRAGNTIYF+TCRBV04-03+TCRBJ01-03	TCRBV04-03	TCRBJ01-03	DRB1*09:01	cii	feature38923_DRB1_09_01	DRB1	True											False	left_only	False	2024 only	cii	DRB1*09:01	cii
Dataset1	CGTTAGATCCTTTCTC-6	TRB:CSAKRGAGSYEQYF;TRA:CAASSSNTGNQFYF	B05	CD4_CTL	centenarian	CSAKRGAGSYEQYF	CAASSSNTGNQFYF	1	1620	0.0006172839506172839	CSAKRGAGSYEQYF+TCRBV20-X+TCRBJ02-07	TCRBV20-X	TCRBJ02-07	DRB3*02:02	cii	feature42584_DRB3_02_02	DRB3	True	DRB3*02:02	cii	1.2294786e-09	-8.910279026081666	h-DRB3_02_02-99	20.0	25.0	0.966	0.7067348678601876	DRB3	True	both	True	shared	cii	DRB3*02:02	cii
Dataset1	CGTTCTGAGAATTGTG-6	TRB:CASRRMNTEAFF;TRA:CASEDNFNKFYF	B02	CD8_TEM	centenarian	CASRRMNTEAFF	CASEDNFNKFYF	16	1781	0.008983717012914094	CASRRMNTEAFF+TCRBV05-01+TCRBJ01-01	TCRBV05-01	TCRBJ01-01	B*44:03	ci	feature16424_B_44_03	B	True											False	left_only	False	2024 only	ci	B*44:03	ci
Dataset1	CGTTCTGAGAATTGTG-6	TRB:CASRRMNTEAFF;TRA:CASEDNFNKFYF	B02	CD8_TEM	centenarian	CASRRMNTEAFF	CASEDNFNKFYF	16	1781	0.008983717012914094	CASRRMNTEAFF+TCRBV06-05+TCRBJ01-01	TCRBV06-05	TCRBJ01-01					False	B*44:03	ci	2.3362333e-08	-7.631483790051322	h-B_44_03-229	1.0	2.0		0.5485933503836318	B	True	right_only	False	2026 only	ci	B*44:03	ci
Dataset1	CTCCTAGAGAGTCGGT-6	TRB:CASSQEDRAGNTIYF;TRA:CAMTFTGGGNKLTF	A08	CD4_CTL	control	CASSQEDRAGNTIYF	CAMTFTGGGNKLTF	8	1773	0.0045121263395375075	CASSQEDRAGNTIYF+TCRBV04-01+TCRBJ01-03	TCRBV04-01	TCRBJ01-03	DRB1*09:01	cii	feature38923_DRB1_09_01	DRB1	True	DRB1*09:01	cii	5.359887e-09	-8.270844366238903	h-DRB1_09_01-549	5.0	3.0	1.0	0.5788576300085251	DRB1	True	both	True	shared	cii	DRB1*09:01	cii
Dataset1	CTCCTAGAGAGTCGGT-6	TRB:CASSQEDRAGNTIYF;TRA:CAMTFTGGGNKLTF	A08	CD4_CTL	control	CASSQEDRAGNTIYF	CAMTFTGGGNKLTF	8	1773	0.0045121263395375075	CASSQEDRAGNTIYF+TCRBV04-02+TCRBJ01-03	TCRBV04-02	TCRBJ01-03	DRB1*09:01	cii	feature38923_DRB1_09_01	DRB1	True	DRB1*09:01	cii	2.219379e-09	-8.65376852762207	h-DRB1_09_01-549	5.0	3.0	1.0	0.5788576300085251	DRB1	True	both	True	shared	cii	DRB1*09:01	cii
Dataset1	CTCCTAGAGAGTCGGT-6	TRB:CASSQEDRAGNTIYF;TRA:CAMTFTGGGNKLTF	A08	CD4_CTL	control	CASSQEDRAGNTIYF	CAMTFTGGGNKLTF	8	1773	0.0045121263395375075	CASSQEDRAGNTIYF+TCRBV04-03+TCRBJ01-03	TCRBV04-03	TCRBJ01-03	DRB1*09:01	cii	feature38923_DRB1_09_01	DRB1	True											False	left_only	False	2024 only	cii	DRB1*09:01	cii
Dataset1	CTCGTCAGTTCCATGA-6	TRB:CASSLSGTGPSEQYF	A08	CD4_CTL	control	CASSLSGTGPSEQYF		3	1773	0.001692047377326565	CASSLSGTGPSEQYF+TCRBV07-02+TCRBJ02-07	TCRBV07-02	TCRBJ02-07	DRB1*09:01	cii	feature38923_DRB1_09_01	DRB1	True											False	left_only	False	2024 only	cii	DRB1*09:01	cii
Dataset1	GAACCTATCACGAAGG-6	TRB:CASSLGPDTQYF;TRA:CAVHFSGGYNKLIF	A08	CD4_Naive	control	CASSLGPDTQYF	CAVHFSGGYNKLIF	1	1773	0.0005640157924421884	CASSLGPDTQYF+TCRBV11-03+TCRBJ02-03	TCRBV11-03	TCRBJ02-03	DQA1*01:01+DQB1*05:01	cii	feature29890_DQA1_01_01+DQB1_05_01	DQA1	True	DQA1*01:05+DQB1*05:01	cii	2.6637885e-08	-7.57450026033106	h-DQA1_01_05_DQB1_05_01-588	1.0	0.0		0.5953395851094061	DQA1	True	both	True	shared	cii	DQA1*01:01+DQB1*05:01	cii
Dataset1	GAACCTATCTTTACGT-6	TRB:CASRRMNTEAFF;TRA:CATENNFNKFYF	B02	CD8_TEMRA	centenarian	CASRRMNTEAFF	CATENNFNKFYF	6	1781	0.003368893879842785	CASRRMNTEAFF+TCRBV05-01+TCRBJ01-01	TCRBV05-01	TCRBJ01-01	B*44:03	ci	feature16424_B_44_03	B	True											False	left_only	False	2024 only	ci	B*44:03	ci
Dataset1	GAACCTATCTTTACGT-6	TRB:CASRRMNTEAFF;TRA:CATENNFNKFYF	B02	CD8_TEMRA	centenarian	CASRRMNTEAFF	CATENNFNKFYF	6	1781	0.003368893879842785	CASRRMNTEAFF+TCRBV06-05+TCRBJ01-01	TCRBV06-05	TCRBJ01-01					False	B*44:03	ci	2.3362333e-08	-7.631483790051322	h-B_44_03-229	1.0	2.0		0.5485933503836318	B	True	right_only	False	2026 only	ci	B*44:03	ci
Dataset1	GACTAACCAAGAAGAG-6	TRB:CASSPRSGTDTQYF;TRB:CASSSGSYEQYF;TRA:CAENLLGYQKVTF	B02	CD8_TEM	centenarian	CASSSGSYEQYF	CAENLLGYQKVTF	1	1781	0.0005614823133071309	CASSSGSYEQYF+TCRBV07-09+TCRBJ02-07	TCRBV07-09	TCRBJ02-07	DQA1*03:03+DQB1*03:01	cii	feature32635_DQA1_03_03+DQB1_03_01	DQA1	True	DRB1*04:01	cii	6.3596254e-08	-7.196568464776772	h-DRB1_04_01-510	3.0	10.0	1.0	0.5666382495026998	DRB1	True	both	True	shared	cii	DQA1*03:03+DQB1*03:01	cii
Dataset1	GACTGCGGTAGCCTAT-6	TRB:CASRRMNTEAFF;TRA:CATEDNFNKFYF	B02	CD8_TEM	centenarian	CASRRMNTEAFF	CATEDNFNKFYF	22	1781	0.012352610892756879	CASRRMNTEAFF+TCRBV05-01+TCRBJ01-01	TCRBV05-01	TCRBJ01-01	B*44:03	ci	feature16424_B_44_03	B	True											False	left_only	False	2024 only	ci	B*44:03	ci
Dataset1	GACTGCGGTAGCCTAT-6	TRB:CASRRMNTEAFF;TRA:CATEDNFNKFYF	B02	CD8_TEM	centenarian	CASRRMNTEAFF	CATEDNFNKFYF	22	1781	0.012352610892756879	CASRRMNTEAFF+TCRBV06-05+TCRBJ01-01	TCRBV06-05	TCRBJ01-01					False	B*44:03	ci	2.3362333e-08	-7.631483790051322	h-B_44_03-229	1.0	2.0		0.5485933503836318	B	True	right_only	False	2026 only	ci	B*44:03	ci
Dataset1	GCAGCCAGTCAAACTC-6	TRB:CASRRMNTEAFF;TRA:CATEDNFNKFYF	B02	CD8_TEM	centenarian	CASRRMNTEAFF	CATEDNFNKFYF	22	1781	0.012352610892756879	CASRRMNTEAFF+TCRBV05-01+TCRBJ01-01	TCRBV05-01	TCRBJ01-01	B*44:03	ci	feature16424_B_44_03	B	True											False	left_only	False	2024 only	ci	B*44:03	ci
Dataset1	GCAGCCAGTCAAACTC-6	TRB:CASRRMNTEAFF;TRA:CATEDNFNKFYF	B02	CD8_TEM	centenarian	CASRRMNTEAFF	CATEDNFNKFYF	22	1781	0.012352610892756879	CASRRMNTEAFF+TCRBV06-05+TCRBJ01-01	TCRBV06-05	TCRBJ01-01					False	B*44:03	ci	2.3362333e-08	-7.631483790051322	h-B_44_03-229	1.0	2.0		0.5485933503836318	B	True	right_only	False	2026 only	ci	B*44:03	ci
Dataset1	GCAGTTAGTTCCCTTG-6	TRB:CASRRMNTEAFF;TRA:CATEDNFNKFYF	B02	CD8_TEM	centenarian	CASRRMNTEAFF	CATEDNFNKFYF	22	1781	0.012352610892756879	CASRRMNTEAFF+TCRBV05-01+TCRBJ01-01	TCRBV05-01	TCRBJ01-01	B*44:03	ci	feature16424_B_44_03	B	True											False	left_only	False	2024 only	ci	B*44:03	ci
Dataset1	GCAGTTAGTTCCCTTG-6	TRB:CASRRMNTEAFF;TRA:CATEDNFNKFYF	B02	CD8_TEM	centenarian	CASRRMNTEAFF	CATEDNFNKFYF	22	1781	0.012352610892756879	CASRRMNTEAFF+TCRBV06-05+TCRBJ01-01	TCRBV06-05	TCRBJ01-01					False	B*44:03	ci	2.3362333e-08	-7.631483790051322	h-B_44_03-229	1.0	2.0		0.5485933503836318	B	True	right_only	False	2026 only	ci	B*44:03	ci
Dataset1	GCATGATCACACTGCG-6	TRB:CASKGQGRQPQHF;TRA:CAANPPGGGADGLTF	A08	CD4_Naive	control	CASKGQGRQPQHF	CAANPPGGGADGLTF	1	1773	0.0005640157924421884	CASKGQGRQPQHF+TCRBV03-01/03-02+TCRBJ01-05	TCRBV03-01/03-02	TCRBJ01-05	B*35:01	ci	feature11611_B_35_01	B	True											False	left_only	False	2024 only	ci	B*35:01	ci
Dataset1	GCGAGAAAGCTCCCAG-6	TRB:CASSETTYEQYF	B02	CD4_Naive	centenarian	CASSETTYEQYF		1	1781	0.0005614823133071309	CASSETTYEQYF+TCRBV06-01+TCRBJ02-07	TCRBV06-01	TCRBJ02-07	DRB5*02:02	cii	feature43549_DRB5_02_02	DRB5	True											False	left_only	False	2024 only	cii	DRB5*02:02	cii
Dataset1	GCTGCGAAGAATTCCC-6	TRB:CASKSGANTGELFF;TRA:CAERDSGGGADGLTF	A08	CD4_Helper	control	CASKSGANTGELFF	CAERDSGGGADGLTF	1	1773	0.0005640157924421884	CASKSGANTGELFF+TCRBV10-02+TCRBJ02-02	TCRBV10-02	TCRBJ02-02					False	DQA1*05:05+DQB1*03:01	cii	2.761883e-10	-9.558794723125468	h-DQA1_05_05_DQB1_03_01-583	9.0	5.0	0.9111111111111112	0.711849957374254	DQA1	True	right_only	False	2026 only	cii	DQA1*05:05+DQB1*03:01	cii
Dataset1	GCTTCCAGTCAAGCGA-6	TRB:CASSLSGTGPSEQYF;TRA:CAVGAGFQKLVF	A08	CD4_CTL	control	CASSLSGTGPSEQYF	CAVGAGFQKLVF	8	1773	0.0045121263395375075	CASSLSGTGPSEQYF+TCRBV07-02+TCRBJ02-07	TCRBV07-02	TCRBJ02-07	DRB1*09:01	cii	feature38923_DRB1_09_01	DRB1	True											False	left_only	False	2024 only	cii	DRB1*09:01	cii
Dataset1	GGAAAGCCATCCGTGG-6	TRB:CASRRMNTEAFF;TRA:CASEDNFNKFYF	B02	CD8_TEMRA	centenarian	CASRRMNTEAFF	CASEDNFNKFYF	16	1781	0.008983717012914094	CASRRMNTEAFF+TCRBV05-01+TCRBJ01-01	TCRBV05-01	TCRBJ01-01	B*44:03	ci	feature16424_B_44_03	B	True											False	left_only	False	2024 only	ci	B*44:03	ci
Dataset1	GGAAAGCCATCCGTGG-6	TRB:CASRRMNTEAFF;TRA:CASEDNFNKFYF	B02	CD8_TEMRA	centenarian	CASRRMNTEAFF	CASEDNFNKFYF	16	1781	0.008983717012914094	CASRRMNTEAFF+TCRBV06-05+TCRBJ01-01	TCRBV06-05	TCRBJ01-01					False	B*44:03	ci	2.3362333e-08	-7.631483790051322	h-B_44_03-229	1.0	2.0		0.5485933503836318	B	True	right_only	False	2026 only	ci	B*44:03	ci
Dataset1	GGGAATGCAGTCACTA-6	TRB:CASSLSRGGLNGYTF;TRA:CIVRAFSGGGADGLTF	B02	CD8_TEM	centenarian	CASSLSRGGLNGYTF	CIVRAFSGGGADGLTF	1	1781	0.0005614823133071309	CASSLSRGGLNGYTF+TCRBV27-01+TCRBJ01-02	TCRBV27-01	TCRBJ01-02	B*40:01	ci	feature14970_B_40_01	B	True	B*40:01	ci	1.6458064e-10	-9.783621253180085	h-B_40_01-223	5.0	11.0	1.0	0.6098323387325945	B	True	both	True	shared	ci	B*40:01	ci
Dataset1	GGGCACTGTTACGACT-6	TRB:CASSLSGTGPSEQYF;TRA:CAVGAGFQKLVF	A08	CD4_CTL	control	CASSLSGTGPSEQYF	CAVGAGFQKLVF	8	1773	0.0045121263395375075	CASSLSGTGPSEQYF+TCRBV07-02+TCRBJ02-07	TCRBV07-02	TCRBJ02-07	DRB1*09:01	cii	feature38923_DRB1_09_01	DRB1	True											False	left_only	False	2024 only	cii	DRB1*09:01	cii
Dataset1	GGGCATCGTACAGACG-6	TRB:CASRRMNTEAFF	B02	CD8_TEM	centenarian	CASRRMNTEAFF		2	1781	0.0011229646266142617	CASRRMNTEAFF+TCRBV05-01+TCRBJ01-01	TCRBV05-01	TCRBJ01-01	B*44:03	ci	feature16424_B_44_03	B	True											False	left_only	False	2024 only	ci	B*44:03	ci
Dataset1	GGGCATCGTACAGACG-6	TRB:CASRRMNTEAFF	B02	CD8_TEM	centenarian	CASRRMNTEAFF		2	1781	0.0011229646266142617	CASRRMNTEAFF+TCRBV06-05+TCRBJ01-01	TCRBV06-05	TCRBJ01-01					False	B*44:03	ci	2.3362333e-08	-7.631483790051322	h-B_44_03-229	1.0	2.0		0.5485933503836318	B	True	right_only	False	2026 only	ci	B*44:03	ci
Dataset1	GGTGAAGGTTGCTCCT-6	TRB:CASSQDGDTEAFF;TRA:CVVNIQTGNQFYF	B02	CD4_Helper	centenarian	CASSQDGDTEAFF	CVVNIQTGNQFYF	1	1781	0.0005614823133071309	CASSQDGDTEAFF+TCRBV06-06+TCRBJ01-01	TCRBV06-06	TCRBJ01-01	DRB1*03:01	cii	feature34519_DRB1_03_01	DRB1	True	DRB3*01:01P	cii	8.631666e-11	-10.06390537290848	h-DRB3_01_01P-599	1.0	1.0		0.5562659846547315	DRB3	True	both	True	shared	cii	DRB1*03:01	cii
Dataset1	GGTGAAGGTTGCTCCT-6	TRB:CASSQDGDTEAFF;TRA:CVVNIQTGNQFYF	B02	CD4_Helper	centenarian	CASSQDGDTEAFF	CVVNIQTGNQFYF	1	1781	0.0005614823133071309	CASSQDGDTEAFF+TCRBV10-02+TCRBJ01-01	TCRBV10-02	TCRBJ01-01					False	DRB1*04:01	cii	8.008043e-11	-10.09647360353416	h-DRB1_04_01-510	3.0	10.0	1.0	0.5666382495026998	DRB1	True	right_only	False	2026 only	cii	DRB1*04:01	cii
Dataset1	GTAACTGGTGTGGCTC-6	TRB:CASSQEDRAGNTIYF;TRA:CAMTFTGGGNKLTF	A08	CD4_CTL	control	CASSQEDRAGNTIYF	CAMTFTGGGNKLTF	8	1773	0.0045121263395375075	CASSQEDRAGNTIYF+TCRBV04-01+TCRBJ01-03	TCRBV04-01	TCRBJ01-03	DRB1*09:01	cii	feature38923_DRB1_09_01	DRB1	True	DRB1*09:01	cii	5.359887e-09	-8.270844366238903	h-DRB1_09_01-549	5.0	3.0	1.0	0.5788576300085251	DRB1	True	both	True	shared	cii	DRB1*09:01	cii
Dataset1	GTAACTGGTGTGGCTC-6	TRB:CASSQEDRAGNTIYF;TRA:CAMTFTGGGNKLTF	A08	CD4_CTL	control	CASSQEDRAGNTIYF	CAMTFTGGGNKLTF	8	1773	0.0045121263395375075	CASSQEDRAGNTIYF+TCRBV04-02+TCRBJ01-03	TCRBV04-02	TCRBJ01-03	DRB1*09:01	cii	feature38923_DRB1_09_01	DRB1	True	DRB1*09:01	cii	2.219379e-09	-8.65376852762207	h-DRB1_09_01-549	5.0	3.0	1.0	0.5788576300085251	DRB1	True	both	True	shared	cii	DRB1*09:01	cii
Dataset1	GTAACTGGTGTGGCTC-6	TRB:CASSQEDRAGNTIYF;TRA:CAMTFTGGGNKLTF	A08	CD4_CTL	control	CASSQEDRAGNTIYF	CAMTFTGGGNKLTF	8	1773	0.0045121263395375075	CASSQEDRAGNTIYF+TCRBV04-03+TCRBJ01-03	TCRBV04-03	TCRBJ01-03	DRB1*09:01	cii	feature38923_DRB1_09_01	DRB1	True											False	left_only	False	2024 only	cii	DRB1*09:01	cii
Dataset1	GTACGTACACGGTAGA-6	TRB:CASSLGRVNTEAFF	B02	CD4_Helper	centenarian	CASSLGRVNTEAFF		1	1781	0.0005614823133071309	CASSLGRVNTEAFF+TCRBV06-05+TCRBJ01-01	TCRBV06-05	TCRBJ01-01	DRB1*07:01	cii	feature37525_DRB1_07_01	DRB1	True	DRB1*07:01	cii	5.794221e-09	-8.237004944194375	h-DRB1_07_01-718	11.0	19.0	0.9617224880382776	0.5242966751918158	DRB1	True	both	True	shared	cii	DRB1*07:01	cii
Dataset1	GTAGTCAGTTCCACAA-6	TRB:CASRRMNTEAFF;TRA:CASEDNFNKFYF	B02	CD8_TEMRA	centenarian	CASRRMNTEAFF	CASEDNFNKFYF	16	1781	0.008983717012914094	CASRRMNTEAFF+TCRBV05-01+TCRBJ01-01	TCRBV05-01	TCRBJ01-01	B*44:03	ci	feature16424_B_44_03	B	True											False	left_only	False	2024 only	ci	B*44:03	ci
Dataset1	GTAGTCAGTTCCACAA-6	TRB:CASRRMNTEAFF;TRA:CASEDNFNKFYF	B02	CD8_TEMRA	centenarian	CASRRMNTEAFF	CASEDNFNKFYF	16	1781	0.008983717012914094	CASRRMNTEAFF+TCRBV06-05+TCRBJ01-01	TCRBV06-05	TCRBJ01-01					False	B*44:03	ci	2.3362333e-08	-7.631483790051322	h-B_44_03-229	1.0	2.0		0.5485933503836318	B	True	right_only	False	2026 only	ci	B*44:03	ci
Dataset1	GTGAAGGCACCAGGCT-6	TRB:CASRRMNTEAFF;TRA:CATEDNFNKFYF	B02	CD8_TEM	centenarian	CASRRMNTEAFF	CATEDNFNKFYF	22	1781	0.012352610892756879	CASRRMNTEAFF+TCRBV05-01+TCRBJ01-01	TCRBV05-01	TCRBJ01-01	B*44:03	ci	feature16424_B_44_03	B	True											False	left_only	False	2024 only	ci	B*44:03	ci
Dataset1	GTGAAGGCACCAGGCT-6	TRB:CASRRMNTEAFF;TRA:CATEDNFNKFYF	B02	CD8_TEM	centenarian	CASRRMNTEAFF	CATEDNFNKFYF	22	1781	0.012352610892756879	CASRRMNTEAFF+TCRBV06-05+TCRBJ01-01	TCRBV06-05	TCRBJ01-01					False	B*44:03	ci	2.3362333e-08	-7.631483790051322	h-B_44_03-229	1.0	2.0		0.5485933503836318	B	True	right_only	False	2026 only	ci	B*44:03	ci
Dataset1	GTGAAGGTCATCACCC-6	TRB:CASSQEDRAGNTIYF;TRA:CAMTFTGGGNKLTF	A08	CD4_CTL	control	CASSQEDRAGNTIYF	CAMTFTGGGNKLTF	8	1773	0.0045121263395375075	CASSQEDRAGNTIYF+TCRBV04-01+TCRBJ01-03	TCRBV04-01	TCRBJ01-03	DRB1*09:01	cii	feature38923_DRB1_09_01	DRB1	True	DRB1*09:01	cii	5.359887e-09	-8.270844366238903	h-DRB1_09_01-549	5.0	3.0	1.0	0.5788576300085251	DRB1	True	both	True	shared	cii	DRB1*09:01	cii
Dataset1	GTGAAGGTCATCACCC-6	TRB:CASSQEDRAGNTIYF;TRA:CAMTFTGGGNKLTF	A08	CD4_CTL	control	CASSQEDRAGNTIYF	CAMTFTGGGNKLTF	8	1773	0.0045121263395375075	CASSQEDRAGNTIYF+TCRBV04-02+TCRBJ01-03	TCRBV04-02	TCRBJ01-03	DRB1*09:01	cii	feature38923_DRB1_09_01	DRB1	True	DRB1*09:01	cii	2.219379e-09	-8.65376852762207	h-DRB1_09_01-549	5.0	3.0	1.0	0.5788576300085251	DRB1	True	both	True	shared	cii	DRB1*09:01	cii
Dataset1	GTGAAGGTCATCACCC-6	TRB:CASSQEDRAGNTIYF;TRA:CAMTFTGGGNKLTF	A08	CD4_CTL	control	CASSQEDRAGNTIYF	CAMTFTGGGNKLTF	8	1773	0.0045121263395375075	CASSQEDRAGNTIYF+TCRBV04-03+TCRBJ01-03	TCRBV04-03	TCRBJ01-03	DRB1*09:01	cii	feature38923_DRB1_09_01	DRB1	True											False	left_only	False	2024 only	cii	DRB1*09:01	cii
Dataset1	GTTACAGGTAGGGTAC-6	TRB:CASRRMNTEAFF;TRA:CATEDNFNKFYF	B02	CD8_TEM	centenarian	CASRRMNTEAFF	CATEDNFNKFYF	22	1781	0.012352610892756879	CASRRMNTEAFF+TCRBV05-01+TCRBJ01-01	TCRBV05-01	TCRBJ01-01	B*44:03	ci	feature16424_B_44_03	B	True											False	left_only	False	2024 only	ci	B*44:03	ci
Dataset1	GTTACAGGTAGGGTAC-6	TRB:CASRRMNTEAFF;TRA:CATEDNFNKFYF	B02	CD8_TEM	centenarian	CASRRMNTEAFF	CATEDNFNKFYF	22	1781	0.012352610892756879	CASRRMNTEAFF+TCRBV06-05+TCRBJ01-01	TCRBV06-05	TCRBJ01-01					False	B*44:03	ci	2.3362333e-08	-7.631483790051322	h-B_44_03-229	1.0	2.0		0.5485933503836318	B	True	right_only	False	2026 only	ci	B*44:03	ci
Dataset1	GTTACAGTCTTGTATC-6	TRB:CASSQEDRAGNTIYF;TRA:CAMTFTGGGNKLTF	A08	CD4_CTL	control	CASSQEDRAGNTIYF	CAMTFTGGGNKLTF	8	1773	0.0045121263395375075	CASSQEDRAGNTIYF+TCRBV04-01+TCRBJ01-03	TCRBV04-01	TCRBJ01-03	DRB1*09:01	cii	feature38923_DRB1_09_01	DRB1	True	DRB1*09:01	cii	5.359887e-09	-8.270844366238903	h-DRB1_09_01-549	5.0	3.0	1.0	0.5788576300085251	DRB1	True	both	True	shared	cii	DRB1*09:01	cii
Dataset1	GTTACAGTCTTGTATC-6	TRB:CASSQEDRAGNTIYF;TRA:CAMTFTGGGNKLTF	A08	CD4_CTL	control	CASSQEDRAGNTIYF	CAMTFTGGGNKLTF	8	1773	0.0045121263395375075	CASSQEDRAGNTIYF+TCRBV04-02+TCRBJ01-03	TCRBV04-02	TCRBJ01-03	DRB1*09:01	cii	feature38923_DRB1_09_01	DRB1	True	DRB1*09:01	cii	2.219379e-09	-8.65376852762207	h-DRB1_09_01-549	5.0	3.0	1.0	0.5788576300085251	DRB1	True	both	True	shared	cii	DRB1*09:01	cii
Dataset1	GTTACAGTCTTGTATC-6	TRB:CASSQEDRAGNTIYF;TRA:CAMTFTGGGNKLTF	A08	CD4_CTL	control	CASSQEDRAGNTIYF	CAMTFTGGGNKLTF	8	1773	0.0045121263395375075	CASSQEDRAGNTIYF+TCRBV04-03+TCRBJ01-03	TCRBV04-03	TCRBJ01-03	DRB1*09:01	cii	feature38923_DRB1_09_01	DRB1	True											False	left_only	False	2024 only	cii	DRB1*09:01	cii
Dataset1	TAAGCGTCACCATGTA-6	TRB:CASSLTGTAYEQYF;TRA:CAVRDRNNARLMF	B02	MAIT	centenarian	CASSLTGTAYEQYF	CAVRDRNNARLMF	1	1781	0.0005614823133071309	CASSLTGTAYEQYF+TCRBV05-01+TCRBJ02-07	TCRBV05-01	TCRBJ02-07	DRB3*02:02	cii	feature42584_DRB3_02_02	DRB3	True	DRB1*11:01	cii	2.0375378e-08	-7.69089432556755	h-DRB1_11_01-476	3.0	3.0	0.888888888888889	0.6450696220517191	DRB1	True	both	True	shared	cii	DRB3*02:02	cii
Dataset1	TAGTGGTGTGCTCTTC-6	TRB:CASRRMNTEAFF;TRA:CATENNFNKFYF	B02	CD8_TEM	centenarian	CASRRMNTEAFF	CATENNFNKFYF	6	1781	0.003368893879842785	CASRRMNTEAFF+TCRBV05-01+TCRBJ01-01	TCRBV05-01	TCRBJ01-01	B*44:03	ci	feature16424_B_44_03	B	True											False	left_only	False	2024 only	ci	B*44:03	ci
Dataset1	TAGTGGTGTGCTCTTC-6	TRB:CASRRMNTEAFF;TRA:CATENNFNKFYF	B02	CD8_TEM	centenarian	CASRRMNTEAFF	CATENNFNKFYF	6	1781	0.003368893879842785	CASRRMNTEAFF+TCRBV06-05+TCRBJ01-01	TCRBV06-05	TCRBJ01-01					False	B*44:03	ci	2.3362333e-08	-7.631483790051322	h-B_44_03-229	1.0	2.0		0.5485933503836318	B	True	right_only	False	2026 only	ci	B*44:03	ci
Dataset1	TAGTTGGTCTAACTTC-6	TRB:CASRRMNTEAFF;TRA:CATEDNFNKFYF	B02	CD8_TEM	centenarian	CASRRMNTEAFF	CATEDNFNKFYF	22	1781	0.012352610892756879	CASRRMNTEAFF+TCRBV05-01+TCRBJ01-01	TCRBV05-01	TCRBJ01-01	B*44:03	ci	feature16424_B_44_03	B	True											False	left_only	False	2024 only	ci	B*44:03	ci
Dataset1	TAGTTGGTCTAACTTC-6	TRB:CASRRMNTEAFF;TRA:CATEDNFNKFYF	B02	CD8_TEM	centenarian	CASRRMNTEAFF	CATEDNFNKFYF	22	1781	0.012352610892756879	CASRRMNTEAFF+TCRBV06-05+TCRBJ01-01	TCRBV06-05	TCRBJ01-01					False	B*44:03	ci	2.3362333e-08	-7.631483790051322	h-B_44_03-229	1.0	2.0		0.5485933503836318	B	True	right_only	False	2026 only	ci	B*44:03	ci
Dataset1	TATTACCCAATCACAC-6	TRB:CASRRMNTEAFF;TRA:CATEDNFNKFYF	B02	CD8_TEM	centenarian	CASRRMNTEAFF	CATEDNFNKFYF	22	1781	0.012352610892756879	CASRRMNTEAFF+TCRBV05-01+TCRBJ01-01	TCRBV05-01	TCRBJ01-01	B*44:03	ci	feature16424_B_44_03	B	True											False	left_only	False	2024 only	ci	B*44:03	ci
Dataset1	TATTACCCAATCACAC-6	TRB:CASRRMNTEAFF;TRA:CATEDNFNKFYF	B02	CD8_TEM	centenarian	CASRRMNTEAFF	CATEDNFNKFYF	22	1781	0.012352610892756879	CASRRMNTEAFF+TCRBV06-05+TCRBJ01-01	TCRBV06-05	TCRBJ01-01					False	B*44:03	ci	2.3362333e-08	-7.631483790051322	h-B_44_03-229	1.0	2.0		0.5485933503836318	B	True	right_only	False	2026 only	ci	B*44:03	ci
Dataset1	TCATTACTCTCGATGA-6	TRB:CASRRMNTEAFF;TRA:CATEDNFNKFYF	B02	CD8_TEM	centenarian	CASRRMNTEAFF	CATEDNFNKFYF	22	1781	0.012352610892756879	CASRRMNTEAFF+TCRBV05-01+TCRBJ01-01	TCRBV05-01	TCRBJ01-01	B*44:03	ci	feature16424_B_44_03	B	True											False	left_only	False	2024 only	ci	B*44:03	ci
Dataset1	TCATTACTCTCGATGA-6	TRB:CASRRMNTEAFF;TRA:CATEDNFNKFYF	B02	CD8_TEM	centenarian	CASRRMNTEAFF	CATEDNFNKFYF	22	1781	0.012352610892756879	CASRRMNTEAFF+TCRBV06-05+TCRBJ01-01	TCRBV06-05	TCRBJ01-01					False	B*44:03	ci	2.3362333e-08	-7.631483790051322	h-B_44_03-229	1.0	2.0		0.5485933503836318	B	True	right_only	False	2026 only	ci	B*44:03	ci
Dataset1	TCATTTGTCCTTTACA-6	TRB:CASRRMNTEAFF;TRA:CATEDNFNKFYF	B02	CD8_TEM	centenarian	CASRRMNTEAFF	CATEDNFNKFYF	22	1781	0.012352610892756879	CASRRMNTEAFF+TCRBV05-01+TCRBJ01-01	TCRBV05-01	TCRBJ01-01	B*44:03	ci	feature16424_B_44_03	B	True											False	left_only	False	2024 only	ci	B*44:03	ci
Dataset1	TCATTTGTCCTTTACA-6	TRB:CASRRMNTEAFF;TRA:CATEDNFNKFYF	B02	CD8_TEM	centenarian	CASRRMNTEAFF	CATEDNFNKFYF	22	1781	0.012352610892756879	CASRRMNTEAFF+TCRBV06-05+TCRBJ01-01	TCRBV06-05	TCRBJ01-01					False	B*44:03	ci	2.3362333e-08	-7.631483790051322	h-B_44_03-229	1.0	2.0		0.5485933503836318	B	True	right_only	False	2026 only	ci	B*44:03	ci
Dataset1	TCCACACAGCACAGGT-6	TRB:CASRRMNTEAFF;TRA:CATENNFNKFYF	B02	CD8_TEMRA	centenarian	CASRRMNTEAFF	CATENNFNKFYF	6	1781	0.003368893879842785	CASRRMNTEAFF+TCRBV05-01+TCRBJ01-01	TCRBV05-01	TCRBJ01-01	B*44:03	ci	feature16424_B_44_03	B	True											False	left_only	False	2024 only	ci	B*44:03	ci
Dataset1	TCCACACAGCACAGGT-6	TRB:CASRRMNTEAFF;TRA:CATENNFNKFYF	B02	CD8_TEMRA	centenarian	CASRRMNTEAFF	CATENNFNKFYF	6	1781	0.003368893879842785	CASRRMNTEAFF+TCRBV06-05+TCRBJ01-01	TCRBV06-05	TCRBJ01-01					False	B*44:03	ci	2.3362333e-08	-7.631483790051322	h-B_44_03-229	1.0	2.0		0.5485933503836318	B	True	right_only	False	2026 only	ci	B*44:03	ci
Dataset1	TCCACACTCGAACGGA-6	TRB:CASRRMNTEAFF;TRA:CATEDNFNKFYF	B02	CD8_TEM	centenarian	CASRRMNTEAFF	CATEDNFNKFYF	22	1781	0.012352610892756879	CASRRMNTEAFF+TCRBV05-01+TCRBJ01-01	TCRBV05-01	TCRBJ01-01	B*44:03	ci	feature16424_B_44_03	B	True											False	left_only	False	2024 only	ci	B*44:03	ci
Dataset1	TCCACACTCGAACGGA-6	TRB:CASRRMNTEAFF;TRA:CATEDNFNKFYF	B02	CD8_TEM	centenarian	CASRRMNTEAFF	CATEDNFNKFYF	22	1781	0.012352610892756879	CASRRMNTEAFF+TCRBV06-05+TCRBJ01-01	TCRBV06-05	TCRBJ01-01					False	B*44:03	ci	2.3362333e-08	-7.631483790051322	h-B_44_03-229	1.0	2.0		0.5485933503836318	B	True	right_only	False	2026 only	ci	B*44:03	ci
Dataset1	TCGGGACGTCTCGTTC-6	TRB:CASSLAVNTEAFF;TRA:CAASPTNQGGKLIF	B02	CD4_Helper	centenarian	CASSLAVNTEAFF	CAASPTNQGGKLIF	1	1781	0.0005614823133071309	CASSLAVNTEAFF+TCRBV06-01+TCRBJ01-01	TCRBV06-01	TCRBJ01-01					False	DQA1*05:05+DQB1*03:01	cii	2.5462283e-09	-8.594102659211384	h-DQA1_05_05_DQB1_03_01-583	9.0	5.0	0.9111111111111112	0.711849957374254	DQA1	True	right_only	False	2026 only	cii	DQA1*05:05+DQB1*03:01	cii
Dataset1	TCGGTAACATGGGAAC-6	TRB:CASSPTVNTEAFF;TRA:CAVSERYDMRF	A08	CD4_Helper	control	CASSPTVNTEAFF	CAVSERYDMRF	1	1773	0.0005640157924421884	CASSPTVNTEAFF+TCRBV07-02+TCRBJ01-01	TCRBV07-02	TCRBJ01-01	DRB1*14:54	cii	feature41470_DRB1_14_54	DRB1	True	DRB1*14:01P	cii	3.6094687e-09	-8.44255671987813	h-DRB1_14_01P-354	1.0	4.0		0.5595339585109407	DRB1	True	both	True	shared	cii	DRB1*14:54	cii
Dataset1	TCTGAGAAGTCCAGGA-6	TRB:CASSLGTSGTYEQYF;TRA:CALGSGSARQLTF	B05	CD4_Naive	centenarian	CASSLGTSGTYEQYF	CALGSGSARQLTF	1	1620	0.0006172839506172839	CASSLGTSGTYEQYF+TCRBV04-01+TCRBJ02-07	TCRBV04-01	TCRBJ02-07					False	B*40:02	ci	1.1894562e-09	-8.924651545596898	h-B_40_02-68	4.0	3.0	0.7083333333333333	0.4990053992611538	B	True	right_only	False	2026 only	ci	B*40:02	ci
Dataset1	TCTGAGAAGTCCAGGA-6	TRB:CASSLGTSGTYEQYF;TRA:CALGSGSARQLTF	B05	CD4_Naive	centenarian	CASSLGTSGTYEQYF	CALGSGSARQLTF	1	1620	0.0006172839506172839	CASSLGTSGTYEQYF+TCRBV07-08+TCRBJ02-07	TCRBV07-08	TCRBJ02-07	DQA1*01:04+DQB1*05:03	cii	feature31659_DQA1_01_04+DQB1_05_03	DQA1	True											False	left_only	False	2024 only	cii	DQA1*01:04+DQB1*05:03	cii
Dataset1	TGACGGCCACGCTTTC-6	TRB:CASRRMNTEAFF;TRA:CASEDNFNKFYF	B02	CD8_TEM	centenarian	CASRRMNTEAFF	CASEDNFNKFYF	16	1781	0.008983717012914094	CASRRMNTEAFF+TCRBV05-01+TCRBJ01-01	TCRBV05-01	TCRBJ01-01	B*44:03	ci	feature16424_B_44_03	B	True											False	left_only	False	2024 only	ci	B*44:03	ci
Dataset1	TGACGGCCACGCTTTC-6	TRB:CASRRMNTEAFF;TRA:CASEDNFNKFYF	B02	CD8_TEM	centenarian	CASRRMNTEAFF	CASEDNFNKFYF	16	1781	0.008983717012914094	CASRRMNTEAFF+TCRBV06-05+TCRBJ01-01	TCRBV06-05	TCRBJ01-01					False	B*44:03	ci	2.3362333e-08	-7.631483790051322	h-B_44_03-229	1.0	2.0		0.5485933503836318	B	True	right_only	False	2026 only	ci	B*44:03	ci
Dataset1	TGACTTTCACGGATAG-6	TRB:CASRRYNSPLHF	A08	CD8_TEM	control	CASRRYNSPLHF		1	1773	0.0005640157924421884	CASRRYNSPLHF+TCRBV05-06+TCRBJ01-06	TCRBV05-06	TCRBJ01-06					False	DRB1*11:01	cii	1.5322777e-09	-8.814662518875567	h-DRB1_11_01-476	3.0	3.0	0.888888888888889	0.6450696220517191	DRB1	True	right_only	False	2026 only	cii	DRB1*11:01	cii
Dataset1	TGACTTTGTGGAAAGA-6	TRB:CASSLSGTGPSEQYF;TRA:CAVGAGFQKLVF	A08	CD4_CTL	control	CASSLSGTGPSEQYF	CAVGAGFQKLVF	8	1773	0.0045121263395375075	CASSLSGTGPSEQYF+TCRBV07-02+TCRBJ02-07	TCRBV07-02	TCRBJ02-07	DRB1*09:01	cii	feature38923_DRB1_09_01	DRB1	True											False	left_only	False	2024 only	cii	DRB1*09:01	cii
Dataset1	TGAGAGGCAATCGAAA-6	TRB:CASSFPTSGEETQYF;TRA:CALSDNYGQNFVF	B02	CD8_TEM	centenarian	CASSFPTSGEETQYF	CALSDNYGQNFVF	1	1781	0.0005614823133071309	CASSFPTSGEETQYF+TCRBV07-09+TCRBJ02-05	TCRBV07-09	TCRBJ02-05	A*24:02	ci	feature3297_A_24_02	A	True	A*24:02	ci	2.2770279e-10	-9.64263164802262	h-A_24_02-93	13.0	9.0	0.9829059829059827	0.6315714691673772	A	True	both	True	shared	ci	A*24:02	ci
Dataset1	TGCCCATGTCCTAGCG-6	TRB:CASSLSGTGPSEQYF	A08	CD4_CTL	control	CASSLSGTGPSEQYF		3	1773	0.001692047377326565	CASSLSGTGPSEQYF+TCRBV07-02+TCRBJ02-07	TCRBV07-02	TCRBJ02-07	DRB1*09:01	cii	feature38923_DRB1_09_01	DRB1	True											False	left_only	False	2024 only	cii	DRB1*09:01	cii
Dataset1	TGGGAAGCATTGGTAC-6	TRB:CASRRMNTEAFF;TRA:CATEDNFNKFYF	B02	CD8_TEM	centenarian	CASRRMNTEAFF	CATEDNFNKFYF	22	1781	0.012352610892756879	CASRRMNTEAFF+TCRBV05-01+TCRBJ01-01	TCRBV05-01	TCRBJ01-01	B*44:03	ci	feature16424_B_44_03	B	True											False	left_only	False	2024 only	ci	B*44:03	ci
Dataset1	TGGGAAGCATTGGTAC-6	TRB:CASRRMNTEAFF;TRA:CATEDNFNKFYF	B02	CD8_TEM	centenarian	CASRRMNTEAFF	CATEDNFNKFYF	22	1781	0.012352610892756879	CASRRMNTEAFF+TCRBV06-05+TCRBJ01-01	TCRBV06-05	TCRBJ01-01					False	B*44:03	ci	2.3362333e-08	-7.631483790051322	h-B_44_03-229	1.0	2.0		0.5485933503836318	B	True	right_only	False	2026 only	ci	B*44:03	ci
Dataset1	TGTCCCACATGCGCAC-6	TRB:CASSREVGETQYF	B05	CD4_CTL	centenarian	CASSREVGETQYF		1	1620	0.0006172839506172839	CASSREVGETQYF+TCRBV18-01+TCRBJ02-05	TCRBV18-01	TCRBJ02-05					False	DRB3*02:02	cii	5.311613e-10	-9.274773574846202	h-DRB3_02_02-99	20.0	25.0	0.966	0.7067348678601876	DRB3	True	right_only	False	2026 only	cii	DRB3*02:02	cii
Dataset1	TGTCCCATCTAACTGG-6	TRB:CASRRMNTEAFF;TRA:CATENNFNKFYF	B02	CD8_TEMRA	centenarian	CASRRMNTEAFF	CATENNFNKFYF	6	1781	0.003368893879842785	CASRRMNTEAFF+TCRBV05-01+TCRBJ01-01	TCRBV05-01	TCRBJ01-01	B*44:03	ci	feature16424_B_44_03	B	True											False	left_only	False	2024 only	ci	B*44:03	ci
Dataset1	TGTCCCATCTAACTGG-6	TRB:CASRRMNTEAFF;TRA:CATENNFNKFYF	B02	CD8_TEMRA	centenarian	CASRRMNTEAFF	CATENNFNKFYF	6	1781	0.003368893879842785	CASRRMNTEAFF+TCRBV06-05+TCRBJ01-01	TCRBV06-05	TCRBJ01-01					False	B*44:03	ci	2.3362333e-08	-7.631483790051322	h-B_44_03-229	1.0	2.0		0.5485933503836318	B	True	right_only	False	2026 only	ci	B*44:03	ci
Dataset1	TGTGGTACACATTCGA-6	TRB:CASRRMNTEAFF;TRA:CATEDNFNKFYF	B02	CD8_TEM	centenarian	CASRRMNTEAFF	CATEDNFNKFYF	22	1781	0.012352610892756879	CASRRMNTEAFF+TCRBV05-01+TCRBJ01-01	TCRBV05-01	TCRBJ01-01	B*44:03	ci	feature16424_B_44_03	B	True											False	left_only	False	2024 only	ci	B*44:03	ci
Dataset1	TGTGGTACACATTCGA-6	TRB:CASRRMNTEAFF;TRA:CATEDNFNKFYF	B02	CD8_TEM	centenarian	CASRRMNTEAFF	CATEDNFNKFYF	22	1781	0.012352610892756879	CASRRMNTEAFF+TCRBV06-05+TCRBJ01-01	TCRBV06-05	TCRBJ01-01					False	B*44:03	ci	2.3362333e-08	-7.631483790051322	h-B_44_03-229	1.0	2.0		0.5485933503836318	B	True	right_only	False	2026 only	ci	B*44:03	ci
Dataset1	TGTGTTTTCGGAAACG-6	TRB:CASRRMNTEAFF;TRA:CATEDNFNKFYF	B02	CD8_TEM	centenarian	CASRRMNTEAFF	CATEDNFNKFYF	22	1781	0.012352610892756879	CASRRMNTEAFF+TCRBV05-01+TCRBJ01-01	TCRBV05-01	TCRBJ01-01	B*44:03	ci	feature16424_B_44_03	B	True											False	left_only	False	2024 only	ci	B*44:03	ci
Dataset1	TGTGTTTTCGGAAACG-6	TRB:CASRRMNTEAFF;TRA:CATEDNFNKFYF	B02	CD8_TEM	centenarian	CASRRMNTEAFF	CATEDNFNKFYF	22	1781	0.012352610892756879	CASRRMNTEAFF+TCRBV06-05+TCRBJ01-01	TCRBV06-05	TCRBJ01-01					False	B*44:03	ci	2.3362333e-08	-7.631483790051322	h-B_44_03-229	1.0	2.0		0.5485933503836318	B	True	right_only	False	2026 only	ci	B*44:03	ci
Dataset1	TTAGGACAGCGATATA-6	TRB:CASRRMNTEAFF;TRA:CASEDNFNKFYF	B02	CD8_TEMRA	centenarian	CASRRMNTEAFF	CASEDNFNKFYF	16	1781	0.008983717012914094	CASRRMNTEAFF+TCRBV05-01+TCRBJ01-01	TCRBV05-01	TCRBJ01-01	B*44:03	ci	feature16424_B_44_03	B	True											False	left_only	False	2024 only	ci	B*44:03	ci
Dataset1	TTAGGACAGCGATATA-6	TRB:CASRRMNTEAFF;TRA:CASEDNFNKFYF	B02	CD8_TEMRA	centenarian	CASRRMNTEAFF	CASEDNFNKFYF	16	1781	0.008983717012914094	CASRRMNTEAFF+TCRBV06-05+TCRBJ01-01	TCRBV06-05	TCRBJ01-01					False	B*44:03	ci	2.3362333e-08	-7.631483790051322	h-B_44_03-229	1.0	2.0		0.5485933503836318	B	True	right_only	False	2026 only	ci	B*44:03	ci
Dataset1	TTCCCAGAGCTAAGAT-6	TRB:CASRRMNTEAFF;TRA:CASEDNFNKFYF	B02	CD8_TEMRA	centenarian	CASRRMNTEAFF	CASEDNFNKFYF	16	1781	0.008983717012914094	CASRRMNTEAFF+TCRBV05-01+TCRBJ01-01	TCRBV05-01	TCRBJ01-01	B*44:03	ci	feature16424_B_44_03	B	True											False	left_only	False	2024 only	ci	B*44:03	ci
Dataset1	TTCCCAGAGCTAAGAT-6	TRB:CASRRMNTEAFF;TRA:CASEDNFNKFYF	B02	CD8_TEMRA	centenarian	CASRRMNTEAFF	CASEDNFNKFYF	16	1781	0.008983717012914094	CASRRMNTEAFF+TCRBV06-05+TCRBJ01-01	TCRBV06-05	TCRBJ01-01					False	B*44:03	ci	2.3362333e-08	-7.631483790051322	h-B_44_03-229	1.0	2.0		0.5485933503836318	B	True	right_only	False	2026 only	ci	B*44:03	ci
Dataset1	TTCCCAGTCCACGACG-6	TRB:CASRRMNTEAFF;TRA:CASEDNFNKFYF	B02	CD8_TEM	centenarian	CASRRMNTEAFF	CASEDNFNKFYF	16	1781	0.008983717012914094	CASRRMNTEAFF+TCRBV05-01+TCRBJ01-01	TCRBV05-01	TCRBJ01-01	B*44:03	ci	feature16424_B_44_03	B	True											False	left_only	False	2024 only	ci	B*44:03	ci
Dataset1	TTCCCAGTCCACGACG-6	TRB:CASRRMNTEAFF;TRA:CASEDNFNKFYF	B02	CD8_TEM	centenarian	CASRRMNTEAFF	CASEDNFNKFYF	16	1781	0.008983717012914094	CASRRMNTEAFF+TCRBV06-05+TCRBJ01-01	TCRBV06-05	TCRBJ01-01					False	B*44:03	ci	2.3362333e-08	-7.631483790051322	h-B_44_03-229	1.0	2.0		0.5485933503836318	B	True	right_only	False	2026 only	ci	B*44:03	ci
Dataset1	TTCTACACATACGCCG-6	TRB:CASRRMNTEAFF;TRA:CASEDNFNKFYF	B02	CD8_TEMRA	centenarian	CASRRMNTEAFF	CASEDNFNKFYF	16	1781	0.008983717012914094	CASRRMNTEAFF+TCRBV05-01+TCRBJ01-01	TCRBV05-01	TCRBJ01-01	B*44:03	ci	feature16424_B_44_03	B	True											False	left_only	False	2024 only	ci	B*44:03	ci
Dataset1	TTCTACACATACGCCG-6	TRB:CASRRMNTEAFF;TRA:CASEDNFNKFYF	B02	CD8_TEMRA	centenarian	CASRRMNTEAFF	CASEDNFNKFYF	16	1781	0.008983717012914094	CASRRMNTEAFF+TCRBV06-05+TCRBJ01-01	TCRBV06-05	TCRBJ01-01					False	B*44:03	ci	2.3362333e-08	-7.631483790051322	h-B_44_03-229	1.0	2.0		0.5485933503836318	B	True	right_only	False	2026 only	ci	B*44:03	ci
Dataset1	TTCTCAACAAACCTAC-6	TRB:CASSLSGTGPSEQYF;TRA:CAVGAGFQKLVF	A08	CD4_CTL	control	CASSLSGTGPSEQYF	CAVGAGFQKLVF	8	1773	0.0045121263395375075	CASSLSGTGPSEQYF+TCRBV07-02+TCRBJ02-07	TCRBV07-02	TCRBJ02-07	DRB1*09:01	cii	feature38923_DRB1_09_01	DRB1	True											False	left_only	False	2024 only	cii	DRB1*09:01	cii
Dataset1	TTGCCGTAGATGTCGG-6	TRB:CASSLSRQETQYF;TRA:CAAGGSEKLVF	B02	CD4_Helper	centenarian	CASSLSRQETQYF	CAAGGSEKLVF	1	1781	0.0005614823133071309	CASSLSRQETQYF+TCRBV09-01+TCRBJ02-05	TCRBV09-01	TCRBJ02-05					False	DRB1*01:03	cii	3.825984e-09	-8.417256850494358	h-DRB1_01_03-344	3.0	1.0		0.5453253765274226	DRB1	True	right_only	False	2026 only	cii	DRB1*01:03	cii
Dataset1	TTTACTGCAGGACCCT-6	TRB:CASSLSGTGPSEQYF;TRA:CAVGAGFQKLVF	A08	CD4_CTL	control	CASSLSGTGPSEQYF	CAVGAGFQKLVF	8	1773	0.0045121263395375075	CASSLSGTGPSEQYF+TCRBV07-02+TCRBJ02-07	TCRBV07-02	TCRBJ02-07	DRB1*09:01	cii	feature38923_DRB1_09_01	DRB1	True											False	left_only	False	2024 only	cii	DRB1*09:01	cii
Dataset1	TTTGCGCTCTGATACG-6	TRB:CASRRMNTEAFF;TRA:CASEDNFNKFYF	B02	CD8_TEMRA	centenarian	CASRRMNTEAFF	CASEDNFNKFYF	16	1781	0.008983717012914094	CASRRMNTEAFF+TCRBV05-01+TCRBJ01-01	TCRBV05-01	TCRBJ01-01	B*44:03	ci	feature16424_B_44_03	B	True											False	left_only	False	2024 only	ci	B*44:03	ci
Dataset1	TTTGCGCTCTGATACG-6	TRB:CASRRMNTEAFF;TRA:CASEDNFNKFYF	B02	CD8_TEMRA	centenarian	CASRRMNTEAFF	CASEDNFNKFYF	16	1781	0.008983717012914094	CASRRMNTEAFF+TCRBV06-05+TCRBJ01-01	TCRBV06-05	TCRBJ01-01					False	B*44:03	ci	2.3362333e-08	-7.631483790051322	h-B_44_03-229	1.0	2.0		0.5485933503836318	B	True	right_only	False	2026 only	ci	B*44:03	ci
Dataset1	TTTGGTTCAAATACAG-6	TRB:CASRRMNTEAFF;TRA:CATEDNFNKFYF	B02	CD8_TEM	centenarian	CASRRMNTEAFF	CATEDNFNKFYF	22	1781	0.012352610892756879	CASRRMNTEAFF+TCRBV05-01+TCRBJ01-01	TCRBV05-01	TCRBJ01-01	B*44:03	ci	feature16424_B_44_03	B	True											False	left_only	False	2024 only	ci	B*44:03	ci
Dataset1	TTTGGTTCAAATACAG-6	TRB:CASRRMNTEAFF;TRA:CATEDNFNKFYF	B02	CD8_TEM	centenarian	CASRRMNTEAFF	CATEDNFNKFYF	22	1781	0.012352610892756879	CASRRMNTEAFF+TCRBV06-05+TCRBJ01-01	TCRBV06-05	TCRBJ01-01					False	B*44:03	ci	2.3362333e-08	-7.631483790051322	h-B_44_03-229	1.0	2.0		0.5485933503836318	B	True	right_only	False	2026 only	ci	B*44:03	ci
Dataset1	AAACCTGAGCAGCGTA-7	TRB:CASSSASGGNEQFF;TRA:CAASYFGNEKLTF	A02	CD8_TEMRA	control	CASSSASGGNEQFF	CAASYFGNEKLTF	38	1778	0.021372328458942633	CASSSASGGNEQFF+TCRBV07-09+TCRBJ02-01	TCRBV07-09	TCRBJ02-01	B*15:01	ci	feature9526_B_15_01	B	True	B*15:01	ci	7.5402223e-10	-9.122615850119594	h-B_15_01-190	10.0	8.0	0.8875	0.5583972719522592	B	True	both	True	shared	ci	B*15:01	ci
Dataset1	AAACGGGAGACAATAC-7	TRB:CSVEGDRGRSETQYF;TRA:CALETDSWGKLQF	A02	CD4_CTL	control	CSVEGDRGRSETQYF	CALETDSWGKLQF	232	1778	0.13048368953880765	CSVEGDRGRSETQYF+TCRBV29-01+TCRBJ02-05	TCRBV29-01	TCRBJ02-05	DRB1*15:01	cii	feature41633_DRB1_15_01	DRB1	True	DRB1*15:01	cii	8.389768e-11	-10.07625004843386	h-DRB1_15_01-992	4.0	14.0	0.9821428571428572	0.5981813015061097	DRB1	True	both	True	shared	cii	DRB1*15:01	cii
Dataset1	AAAGATGGTCTAGCCG-7	TRB:CSVEGDRGRSETQYF;TRA:CALETDSWGKLQF	A02	CD4_CTL	control	CSVEGDRGRSETQYF	CALETDSWGKLQF	232	1778	0.13048368953880765	CSVEGDRGRSETQYF+TCRBV29-01+TCRBJ02-05	TCRBV29-01	TCRBJ02-05	DRB1*15:01	cii	feature41633_DRB1_15_01	DRB1	True	DRB1*15:01	cii	8.389768e-11	-10.07625004843386	h-DRB1_15_01-992	4.0	14.0	0.9821428571428572	0.5981813015061097	DRB1	True	both	True	shared	cii	DRB1*15:01	cii
Dataset1	AAAGATGGTGGTACAG-7	TRB:CSVEGDRGRSETQYF;TRA:CALETDSWGKLQF	A02	CD4_CTL	control	CSVEGDRGRSETQYF	CALETDSWGKLQF	232	1778	0.13048368953880765	CSVEGDRGRSETQYF+TCRBV29-01+TCRBJ02-05	TCRBV29-01	TCRBJ02-05	DRB1*15:01	cii	feature41633_DRB1_15_01	DRB1	True	DRB1*15:01	cii	8.389768e-11	-10.07625004843386	h-DRB1_15_01-992	4.0	14.0	0.9821428571428572	0.5981813015061097	DRB1	True	both	True	shared	cii	DRB1*15:01	cii
Dataset1	AAAGCAATCAACACTG-7	TRB:CSVEGDRGRSETQYF;TRA:CALETDSWGKLQF	A02	CD4_CTL	control	CSVEGDRGRSETQYF	CALETDSWGKLQF	232	1778	0.13048368953880765	CSVEGDRGRSETQYF+TCRBV29-01+TCRBJ02-05	TCRBV29-01	TCRBJ02-05	DRB1*15:01	cii	feature41633_DRB1_15_01	DRB1	True	DRB1*15:01	cii	8.389768e-11	-10.07625004843386	h-DRB1_15_01-992	4.0	14.0	0.9821428571428572	0.5981813015061097	DRB1	True	both	True	shared	cii	DRB1*15:01	cii
Dataset1	AAAGTAGCACTCAGGC-7	TRB:CSVEGDRGRSETQYF;TRA:CALETDSWGKLQF	A02	CD4_CTL	control	CSVEGDRGRSETQYF	CALETDSWGKLQF	232	1778	0.13048368953880765	CSVEGDRGRSETQYF+TCRBV29-01+TCRBJ02-05	TCRBV29-01	TCRBJ02-05	DRB1*15:01	cii	feature41633_DRB1_15_01	DRB1	True	DRB1*15:01	cii	8.389768e-11	-10.07625004843386	h-DRB1_15_01-992	4.0	14.0	0.9821428571428572	0.5981813015061097	DRB1	True	both	True	shared	cii	DRB1*15:01	cii
Dataset1	AACACGTTCAAGATCC-7	TRB:CASSLGVYTDTQYF;TRA:CAANYAGGTSYGKLTF	A02	CD4_Helper	control	CASSLGVYTDTQYF	CAANYAGGTSYGKLTF	1	1778	0.0005624296962879641	CASSLGVYTDTQYF+TCRBV11-02+TCRBJ02-03	TCRBV11-02	TCRBJ02-03					False	DRB1*04:07	cii	6.7926564e-10	-9.167960353222917	h-DRB1_04_07-321	2.0	1.0		0.5612389883489628	DRB1	True	right_only	False	2026 only	cii	DRB1*04:07	cii
Dataset1	AACACGTTCGCCAGCA-7	TRB:CSVEGDRGRSETQYF;TRA:CALETDSWGKLQF	A02	CD4_CTL	control	CSVEGDRGRSETQYF	CALETDSWGKLQF	232	1778	0.13048368953880765	CSVEGDRGRSETQYF+TCRBV29-01+TCRBJ02-05	TCRBV29-01	TCRBJ02-05	DRB1*15:01	cii	feature41633_DRB1_15_01	DRB1	True	DRB1*15:01	cii	8.389768e-11	-10.07625004843386	h-DRB1_15_01-992	4.0	14.0	0.9821428571428572	0.5981813015061097	DRB1	True	both	True	shared	cii	DRB1*15:01	cii
Dataset1	AACGTTGAGCCACGCT-7	TRB:CASSSASGGNEQFF;TRA:CAASYFGNEKLTF	A02	CD8_TEMRA	control	CASSSASGGNEQFF	CAASYFGNEKLTF	38	1778	0.021372328458942633	CASSSASGGNEQFF+TCRBV07-09+TCRBJ02-01	TCRBV07-09	TCRBJ02-01	B*15:01	ci	feature9526_B_15_01	B	True	B*15:01	ci	7.5402223e-10	-9.122615850119594	h-B_15_01-190	10.0	8.0	0.8875	0.5583972719522592	B	True	both	True	shared	ci	B*15:01	ci
Dataset1	AACGTTGGTTGAACTC-7	TRB:CASSSGSYEQYF	C09	CD4_Naive	supercentenarian	CASSSGSYEQYF		1	2000	0.0005	CASSSGSYEQYF+TCRBV07-09+TCRBJ02-07	TCRBV07-09	TCRBJ02-07	DQA1*03:03+DQB1*03:01	cii	feature32635_DQA1_03_03+DQB1_03_01	DQA1	True	DRB1*04:01	cii	6.3596254e-08	-7.196568464776772	h-DRB1_04_01-510	3.0	10.0	1.0	0.5666382495026998	DRB1	True	both	True	shared	cii	DQA1*03:03+DQB1*03:01	cii
Dataset1	AACTCTTAGCTAAGAT-7	TRB:CASSLFGSDTQYF	C09	CD8_TEM	supercentenarian	CASSLFGSDTQYF		1	2000	0.0005	CASSLFGSDTQYF+TCRBV07-06+TCRBJ02-03	TCRBV07-06	TCRBJ02-03					False	DQA1*01:02+DQB1*06:04	cii	2.8535097e-10	-9.544620646805468	h-DQA1_01_02_DQB1_06_04-349	0.0	0.0		0.4953111679454391	DQA1	True	right_only	False	2026 only	cii	DQA1*01:02+DQB1*06:04	cii
Dataset1	AACTCTTAGCTAAGAT-7	TRB:CASSLFGSDTQYF	C09	CD8_TEM	supercentenarian	CASSLFGSDTQYF		1	2000	0.0005	CASSLFGSDTQYF+TCRBV07-X+TCRBJ02-03	TCRBV07-X	TCRBJ02-03					False	DQA1*01:02+DQB1*06:04	cii	7.529111e-10	-9.123256300105698	h-DQA1_01_02_DQB1_06_04-349	0.0	0.0		0.4953111679454391	DQA1	True	right_only	False	2026 only	cii	DQA1*01:02+DQB1*06:04	cii
Dataset1	AACTGGTGTTGACGTT-7	TRB:CATSRGQGGREQYF;TRA:CAVLGFGNVLHC;TRA:CAVRANSGGYQKVTF	C09	CD8_TEMRA	supercentenarian	CATSRGQGGREQYF	CAVRANSGGYQKVTF	4	2000	0.002	CATSRGQGGREQYF+TCRBV15-01+TCRBJ02-07	TCRBV15-01	TCRBJ02-07	B*15:01	ci	feature9526_B_15_01	B	True	B*15:01	ci	6.8277334e-10	-9.165723444963472	h-B_15_01-190	10.0	8.0	0.8875	0.5583972719522592	B	True	both	True	shared	ci	B*15:01	ci
Dataset1	AAGACCTCAGCTGCAC-7	TRB:CATSRGQGGREQYF;TRA:CAVLGFGNVLHC;TRA:CAVRANSGGYQKVTF	C09	CD8_TEMRA	supercentenarian	CATSRGQGGREQYF	CAVRANSGGYQKVTF	4	2000	0.002	CATSRGQGGREQYF+TCRBV15-01+TCRBJ02-07	TCRBV15-01	TCRBJ02-07	B*15:01	ci	feature9526_B_15_01	B	True	B*15:01	ci	6.8277334e-10	-9.165723444963472	h-B_15_01-190	10.0	8.0	0.8875	0.5583972719522592	B	True	both	True	shared	ci	B*15:01	ci
Dataset1	AAGCCGCCAGTAACGG-7	TRB:CSVEGDRGRSETQYF;TRA:CALETDSWGKLQF	A02	CD4_CTL	control	CSVEGDRGRSETQYF	CALETDSWGKLQF	232	1778	0.13048368953880765	CSVEGDRGRSETQYF+TCRBV29-01+TCRBJ02-05	TCRBV29-01	TCRBJ02-05	DRB1*15:01	cii	feature41633_DRB1_15_01	DRB1	True	DRB1*15:01	cii	8.389768e-11	-10.07625004843386	h-DRB1_15_01-992	4.0	14.0	0.9821428571428572	0.5981813015061097	DRB1	True	both	True	shared	cii	DRB1*15:01	cii
Dataset1	AAGGAGCAGGATATAC-7	TRB:CSVEGDRGRSETQYF;TRA:CALETDSWGKLQF	A02	CD4_CTL	control	CSVEGDRGRSETQYF	CALETDSWGKLQF	232	1778	0.13048368953880765	CSVEGDRGRSETQYF+TCRBV29-01+TCRBJ02-05	TCRBV29-01	TCRBJ02-05	DRB1*15:01	cii	feature41633_DRB1_15_01	DRB1	True	DRB1*15:01	cii	8.389768e-11	-10.07625004843386	h-DRB1_15_01-992	4.0	14.0	0.9821428571428572	0.5981813015061097	DRB1	True	both	True	shared	cii	DRB1*15:01	cii
Dataset1	AAGGAGCAGGTACTCT-7	TRB:CSVEGDRGRSETQYF;TRA:CALETDSWGKLQF	A02	CD4_CTL	control	CSVEGDRGRSETQYF	CALETDSWGKLQF	232	1778	0.13048368953880765	CSVEGDRGRSETQYF+TCRBV29-01+TCRBJ02-05	TCRBV29-01	TCRBJ02-05	DRB1*15:01	cii	feature41633_DRB1_15_01	DRB1	True	DRB1*15:01	cii	8.389768e-11	-10.07625004843386	h-DRB1_15_01-992	4.0	14.0	0.9821428571428572	0.5981813015061097	DRB1	True	both	True	shared	cii	DRB1*15:01	cii
Dataset1	AAGGTTCGTAAGTAGT-7	TRB:CSVEGDRGRSETQYF;TRA:CALETDSWGKLQF	A02	CD4_CTL	control	CSVEGDRGRSETQYF	CALETDSWGKLQF	232	1778	0.13048368953880765	CSVEGDRGRSETQYF+TCRBV29-01+TCRBJ02-05	TCRBV29-01	TCRBJ02-05	DRB1*15:01	cii	feature41633_DRB1_15_01	DRB1	True	DRB1*15:01	cii	8.389768e-11	-10.07625004843386	h-DRB1_15_01-992	4.0	14.0	0.9821428571428572	0.5981813015061097	DRB1	True	both	True	shared	cii	DRB1*15:01	cii
Dataset1	AAGTCTGGTGTTGGGA-7	TRB:CSVEGDRGRSETQYF;TRA:CALETDSWGKLQF	A02	CD4_CTL	control	CSVEGDRGRSETQYF	CALETDSWGKLQF	232	1778	0.13048368953880765	CSVEGDRGRSETQYF+TCRBV29-01+TCRBJ02-05	TCRBV29-01	TCRBJ02-05	DRB1*15:01	cii	feature41633_DRB1_15_01	DRB1	True	DRB1*15:01	cii	8.389768e-11	-10.07625004843386	h-DRB1_15_01-992	4.0	14.0	0.9821428571428572	0.5981813015061097	DRB1	True	both	True	shared	cii	DRB1*15:01	cii
Dataset1	AATCGGTCACTTAAGC-7	TRB:CASSSASGGNEQFF;TRA:CAASYFGNEKLTF	A02	CD8_TEMRA	control	CASSSASGGNEQFF	CAASYFGNEKLTF	38	1778	0.021372328458942633	CASSSASGGNEQFF+TCRBV07-09+TCRBJ02-01	TCRBV07-09	TCRBJ02-01	B*15:01	ci	feature9526_B_15_01	B	True	B*15:01	ci	7.5402223e-10	-9.122615850119594	h-B_15_01-190	10.0	8.0	0.8875	0.5583972719522592	B	True	both	True	shared	ci	B*15:01	ci
Dataset1	AATCGGTCAGCCTTGG-7	TRB:CSVEGDRGRSETQYF;TRA:CALETDSWGKLQF	A02	CD4_CTL	control	CSVEGDRGRSETQYF	CALETDSWGKLQF	232	1778	0.13048368953880765	CSVEGDRGRSETQYF+TCRBV29-01+TCRBJ02-05	TCRBV29-01	TCRBJ02-05	DRB1*15:01	cii	feature41633_DRB1_15_01	DRB1	True	DRB1*15:01	cii	8.389768e-11	-10.07625004843386	h-DRB1_15_01-992	4.0	14.0	0.9821428571428572	0.5981813015061097	DRB1	True	both	True	shared	cii	DRB1*15:01	cii
Dataset1	ACACCGGTCCATGAGT-7	TRB:CSVEGDRGRSETQYF;TRA:CALETDSWGKLQF	A02	CD4_CTL	control	CSVEGDRGRSETQYF	CALETDSWGKLQF	232	1778	0.13048368953880765	CSVEGDRGRSETQYF+TCRBV29-01+TCRBJ02-05	TCRBV29-01	TCRBJ02-05	DRB1*15:01	cii	feature41633_DRB1_15_01	DRB1	True	DRB1*15:01	cii	8.389768e-11	-10.07625004843386	h-DRB1_15_01-992	4.0	14.0	0.9821428571428572	0.5981813015061097	DRB1	True	both	True	shared	cii	DRB1*15:01	cii
Dataset1	ACATACGAGTCTCCTC-7	TRB:CSVEGDRGRSETQYF;TRA:CALETDSWGKLQF	A02	CD4_CTL	control	CSVEGDRGRSETQYF	CALETDSWGKLQF	232	1778	0.13048368953880765	CSVEGDRGRSETQYF+TCRBV29-01+TCRBJ02-05	TCRBV29-01	TCRBJ02-05	DRB1*15:01	cii	feature41633_DRB1_15_01	DRB1	True	DRB1*15:01	cii	8.389768e-11	-10.07625004843386	h-DRB1_15_01-992	4.0	14.0	0.9821428571428572	0.5981813015061097	DRB1	True	both	True	shared	cii	DRB1*15:01	cii
Dataset1	ACATACGAGTCTCGGC-7	TRB:CSVEGDRGRSETQYF;TRA:CALETDSWGKLQF	A02	CD4_CTL	control	CSVEGDRGRSETQYF	CALETDSWGKLQF	232	1778	0.13048368953880765	CSVEGDRGRSETQYF+TCRBV29-01+TCRBJ02-05	TCRBV29-01	TCRBJ02-05	DRB1*15:01	cii	feature41633_DRB1_15_01	DRB1	True	DRB1*15:01	cii	8.389768e-11	-10.07625004843386	h-DRB1_15_01-992	4.0	14.0	0.9821428571428572	0.5981813015061097	DRB1	True	both	True	shared	cii	DRB1*15:01	cii
Dataset1	ACCAGTACAAGGACTG-7	TRB:CASSSASGGNEQFF;TRA:CAASYFGNEKLTF	A02	CD8_TEMRA	control	CASSSASGGNEQFF	CAASYFGNEKLTF	38	1778	0.021372328458942633	CASSSASGGNEQFF+TCRBV07-09+TCRBJ02-01	TCRBV07-09	TCRBJ02-01	B*15:01	ci	feature9526_B_15_01	B	True	B*15:01	ci	7.5402223e-10	-9.122615850119594	h-B_15_01-190	10.0	8.0	0.8875	0.5583972719522592	B	True	both	True	shared	ci	B*15:01	ci
Dataset1	ACCCACTTCATCTGCC-7	TRB:CSVEGDRGRSETQYF;TRA:CALETDSWGKLQF	A02	CD4_CTL	control	CSVEGDRGRSETQYF	CALETDSWGKLQF	232	1778	0.13048368953880765	CSVEGDRGRSETQYF+TCRBV29-01+TCRBJ02-05	TCRBV29-01	TCRBJ02-05	DRB1*15:01	cii	feature41633_DRB1_15_01	DRB1	True	DRB1*15:01	cii	8.389768e-11	-10.07625004843386	h-DRB1_15_01-992	4.0	14.0	0.9821428571428572	0.5981813015061097	DRB1	True	both	True	shared	cii	DRB1*15:01	cii
Dataset1	ACGATGTCACTGCCAG-7	TRB:CSVEGDRGRSETQYF;TRA:CALETDSWGKLQF	A02	CD4_CTL	control	CSVEGDRGRSETQYF	CALETDSWGKLQF	232	1778	0.13048368953880765	CSVEGDRGRSETQYF+TCRBV29-01+TCRBJ02-05	TCRBV29-01	TCRBJ02-05	DRB1*15:01	cii	feature41633_DRB1_15_01	DRB1	True	DRB1*15:01	cii	8.389768e-11	-10.07625004843386	h-DRB1_15_01-992	4.0	14.0	0.9821428571428572	0.5981813015061097	DRB1	True	both	True	shared	cii	DRB1*15:01	cii
Dataset1	ACGATGTGTCGTTGTA-7	TRB:CSVEGDRGRSETQYF;TRA:CALETDSWGKLQF	A02	Monocyte	control	CSVEGDRGRSETQYF	CALETDSWGKLQF	232	1778	0.13048368953880765	CSVEGDRGRSETQYF+TCRBV29-01+TCRBJ02-05	TCRBV29-01	TCRBJ02-05	DRB1*15:01	cii	feature41633_DRB1_15_01	DRB1	True	DRB1*15:01	cii	8.389768e-11	-10.07625004843386	h-DRB1_15_01-992	4.0	14.0	0.9821428571428572	0.5981813015061097	DRB1	True	both	True	shared	cii	DRB1*15:01	cii
Dataset1	ACGCAGCTCAGTTCGA-7	TRB:CSVEGDRGRSETQYF;TRA:CALETDSWGKLQF	A02	CD4_CTL	control	CSVEGDRGRSETQYF	CALETDSWGKLQF	232	1778	0.13048368953880765	CSVEGDRGRSETQYF+TCRBV29-01+TCRBJ02-05	TCRBV29-01	TCRBJ02-05	DRB1*15:01	cii	feature41633_DRB1_15_01	DRB1	True	DRB1*15:01	cii	8.389768e-11	-10.07625004843386	h-DRB1_15_01-992	4.0	14.0	0.9821428571428572	0.5981813015061097	DRB1	True	both	True	shared	cii	DRB1*15:01	cii
Dataset1	ACGGGCTAGGATTCGG-7	TRB:CSVEGDRGRSETQYF;TRA:CALETDSWGKLQF	A02	CD4_CTL	control	CSVEGDRGRSETQYF	CALETDSWGKLQF	232	1778	0.13048368953880765	CSVEGDRGRSETQYF+TCRBV29-01+TCRBJ02-05	TCRBV29-01	TCRBJ02-05	DRB1*15:01	cii	feature41633_DRB1_15_01	DRB1	True	DRB1*15:01	cii	8.389768e-11	-10.07625004843386	h-DRB1_15_01-992	4.0	14.0	0.9821428571428572	0.5981813015061097	DRB1	True	both	True	shared	cii	DRB1*15:01	cii
Dataset1	ACTGAACAGGGTGTTG-7	TRB:CSVEGDRGRSETQYF;TRA:CALETDSWGKLQF	A02	CD4_CTL	control	CSVEGDRGRSETQYF	CALETDSWGKLQF	232	1778	0.13048368953880765	CSVEGDRGRSETQYF+TCRBV29-01+TCRBJ02-05	TCRBV29-01	TCRBJ02-05	DRB1*15:01	cii	feature41633_DRB1_15_01	DRB1	True	DRB1*15:01	cii	8.389768e-11	-10.07625004843386	h-DRB1_15_01-992	4.0	14.0	0.9821428571428572	0.5981813015061097	DRB1	True	both	True	shared	cii	DRB1*15:01	cii
Dataset1	ACTGAACTCCGATATG-7	TRB:CSVEGDRGRSETQYF;TRA:CALETDSWGKLQF	A02	CD4_CTL	control	CSVEGDRGRSETQYF	CALETDSWGKLQF	232	1778	0.13048368953880765	CSVEGDRGRSETQYF+TCRBV29-01+TCRBJ02-05	TCRBV29-01	TCRBJ02-05	DRB1*15:01	cii	feature41633_DRB1_15_01	DRB1	True	DRB1*15:01	cii	8.389768e-11	-10.07625004843386	h-DRB1_15_01-992	4.0	14.0	0.9821428571428572	0.5981813015061097	DRB1	True	both	True	shared	cii	DRB1*15:01	cii
Dataset1	ACTGCTCCAGCCAATT-7	TRB:CSVEGDRGRSETQYF;TRA:CALETDSWGKLQF	A02	CD4_CTL	control	CSVEGDRGRSETQYF	CALETDSWGKLQF	232	1778	0.13048368953880765	CSVEGDRGRSETQYF+TCRBV29-01+TCRBJ02-05	TCRBV29-01	TCRBJ02-05	DRB1*15:01	cii	feature41633_DRB1_15_01	DRB1	True	DRB1*15:01	cii	8.389768e-11	-10.07625004843386	h-DRB1_15_01-992	4.0	14.0	0.9821428571428572	0.5981813015061097	DRB1	True	both	True	shared	cii	DRB1*15:01	cii
Dataset1	ACTGCTCTCACCGGGT-7	TRB:CSVEGDRGRSETQYF;TRA:CALETDSWGKLQF	A02	CD4_CTL	control	CSVEGDRGRSETQYF	CALETDSWGKLQF	232	1778	0.13048368953880765	CSVEGDRGRSETQYF+TCRBV29-01+TCRBJ02-05	TCRBV29-01	TCRBJ02-05	DRB1*15:01	cii	feature41633_DRB1_15_01	DRB1	True	DRB1*15:01	cii	8.389768e-11	-10.07625004843386	h-DRB1_15_01-992	4.0	14.0	0.9821428571428572	0.5981813015061097	DRB1	True	both	True	shared	cii	DRB1*15:01	cii
Dataset1	ACTGTCCGTCTGATTG-7	TRB:CSVEGDRGRSETQYF;TRA:CALETDSWGKLQF	A02	CD4_CTL	control	CSVEGDRGRSETQYF	CALETDSWGKLQF	232	1778	0.13048368953880765	CSVEGDRGRSETQYF+TCRBV29-01+TCRBJ02-05	TCRBV29-01	TCRBJ02-05	DRB1*15:01	cii	feature41633_DRB1_15_01	DRB1	True	DRB1*15:01	cii	8.389768e-11	-10.07625004843386	h-DRB1_15_01-992	4.0	14.0	0.9821428571428572	0.5981813015061097	DRB1	True	both	True	shared	cii	DRB1*15:01	cii
Dataset1	AGAATAGTCAGAGGTG-7	TRB:CSVEGDRGRSETQYF;TRA:CALETDSWGKLQF	A02	CD4_CTL	control	CSVEGDRGRSETQYF	CALETDSWGKLQF	232	1778	0.13048368953880765	CSVEGDRGRSETQYF+TCRBV29-01+TCRBJ02-05	TCRBV29-01	TCRBJ02-05	DRB1*15:01	cii	feature41633_DRB1_15_01	DRB1	True	DRB1*15:01	cii	8.389768e-11	-10.07625004843386	h-DRB1_15_01-992	4.0	14.0	0.9821428571428572	0.5981813015061097	DRB1	True	both	True	shared	cii	DRB1*15:01	cii
Dataset1	AGAGCGACACACAGAG-7	TRB:CSVEGDRGRSETQYF;TRA:CALETDSWGKLQF	A02	CD4_CTL	control	CSVEGDRGRSETQYF	CALETDSWGKLQF	232	1778	0.13048368953880765	CSVEGDRGRSETQYF+TCRBV29-01+TCRBJ02-05	TCRBV29-01	TCRBJ02-05	DRB1*15:01	cii	feature41633_DRB1_15_01	DRB1	True	DRB1*15:01	cii	8.389768e-11	-10.07625004843386	h-DRB1_15_01-992	4.0	14.0	0.9821428571428572	0.5981813015061097	DRB1	True	both	True	shared	cii	DRB1*15:01	cii
Dataset1	AGAGCTTGTGTTTGGT-7	TRB:CSVEGDRGRSETQYF;TRA:CALETDSWGKLQF	A02	CD4_CTL	control	CSVEGDRGRSETQYF	CALETDSWGKLQF	232	1778	0.13048368953880765	CSVEGDRGRSETQYF+TCRBV29-01+TCRBJ02-05	TCRBV29-01	TCRBJ02-05	DRB1*15:01	cii	feature41633_DRB1_15_01	DRB1	True	DRB1*15:01	cii	8.389768e-11	-10.07625004843386	h-DRB1_15_01-992	4.0	14.0	0.9821428571428572	0.5981813015061097	DRB1	True	both	True	shared	cii	DRB1*15:01	cii
Dataset1	AGATTGCGTCCAGTGC-7	TRB:CSVEGDRGRSETQYF;TRA:CALETDSWGKLQF	A02	CD4_CTL	control	CSVEGDRGRSETQYF	CALETDSWGKLQF	232	1778	0.13048368953880765	CSVEGDRGRSETQYF+TCRBV29-01+TCRBJ02-05	TCRBV29-01	TCRBJ02-05	DRB1*15:01	cii	feature41633_DRB1_15_01	DRB1	True	DRB1*15:01	cii	8.389768e-11	-10.07625004843386	h-DRB1_15_01-992	4.0	14.0	0.9821428571428572	0.5981813015061097	DRB1	True	both	True	shared	cii	DRB1*15:01	cii
Dataset1	AGATTGCGTTAAGGGC-7	TRB:CSVEGDRGRSETQYF;TRA:CALETDSWGKLQF	A02	CD4_CTL	control	CSVEGDRGRSETQYF	CALETDSWGKLQF	232	1778	0.13048368953880765	CSVEGDRGRSETQYF+TCRBV29-01+TCRBJ02-05	TCRBV29-01	TCRBJ02-05	DRB1*15:01	cii	feature41633_DRB1_15_01	DRB1	True	DRB1*15:01	cii	8.389768e-11	-10.07625004843386	h-DRB1_15_01-992	4.0	14.0	0.9821428571428572	0.5981813015061097	DRB1	True	both	True	shared	cii	DRB1*15:01	cii
Dataset1	AGCATACAGAAACGAG-7	TRB:CSVEGDRGRSETQYF;TRA:CALETDSWGKLQF	A02	CD4_CTL	control	CSVEGDRGRSETQYF	CALETDSWGKLQF	232	1778	0.13048368953880765	CSVEGDRGRSETQYF+TCRBV29-01+TCRBJ02-05	TCRBV29-01	TCRBJ02-05	DRB1*15:01	cii	feature41633_DRB1_15_01	DRB1	True	DRB1*15:01	cii	8.389768e-11	-10.07625004843386	h-DRB1_15_01-992	4.0	14.0	0.9821428571428572	0.5981813015061097	DRB1	True	both	True	shared	cii	DRB1*15:01	cii
Dataset1	AGCGTATGTATGAAAC-7	TRB:CSVEGDRGRSETQYF;TRA:CALETDSWGKLQF	A02	CD4_CTL	control	CSVEGDRGRSETQYF	CALETDSWGKLQF	232	1778	0.13048368953880765	CSVEGDRGRSETQYF+TCRBV29-01+TCRBJ02-05	TCRBV29-01	TCRBJ02-05	DRB1*15:01	cii	feature41633_DRB1_15_01	DRB1	True	DRB1*15:01	cii	8.389768e-11	-10.07625004843386	h-DRB1_15_01-992	4.0	14.0	0.9821428571428572	0.5981813015061097	DRB1	True	both	True	shared	cii	DRB1*15:01	cii
Dataset1	AGGCCACCACCAGGCT-7	TRB:CSVEGDRGRSETQYF;TRA:CALETDSWGKLQF	A02	CD4_CTL	control	CSVEGDRGRSETQYF	CALETDSWGKLQF	232	1778	0.13048368953880765	CSVEGDRGRSETQYF+TCRBV29-01+TCRBJ02-05	TCRBV29-01	TCRBJ02-05	DRB1*15:01	cii	feature41633_DRB1_15_01	DRB1	True	DRB1*15:01	cii	8.389768e-11	-10.07625004843386	h-DRB1_15_01-992	4.0	14.0	0.9821428571428572	0.5981813015061097	DRB1	True	both	True	shared	cii	DRB1*15:01	cii
Dataset1	AGGGAGTTCTGTACGA-7	TRB:CSVEGDRGRSETQYF;TRA:CALETDSWGKLQF	A02	CD4_CTL	control	CSVEGDRGRSETQYF	CALETDSWGKLQF	232	1778	0.13048368953880765	CSVEGDRGRSETQYF+TCRBV29-01+TCRBJ02-05	TCRBV29-01	TCRBJ02-05	DRB1*15:01	cii	feature41633_DRB1_15_01	DRB1	True	DRB1*15:01	cii	8.389768e-11	-10.07625004843386	h-DRB1_15_01-992	4.0	14.0	0.9821428571428572	0.5981813015061097	DRB1	True	both	True	shared	cii	DRB1*15:01	cii
Dataset1	AGGGATGCAGCTTAAC-7	TRB:CASSPGGNEQFF;TRA:CAASARRDDKIIF	A07	CD4_Naive	control	CASSPGGNEQFF	CAASARRDDKIIF	1	2092	0.0004780114722753346	CASSPGGNEQFF+TCRBV25-01+TCRBJ02-01	TCRBV25-01	TCRBJ02-01					False	C*07:02	ci	1.0158543e-08	-7.993168576740644	h-C_07_02-300	6.0	7.0	0.9166666666666669	0.5562659846547314	C	True	right_only	False	2026 only	ci	C*07:02	ci
Dataset1	AGGGATGGTGATGTCT-7	TRB:CASSQTYEQYF	A02	CD4_Naive	control	CASSQTYEQYF		1	1778	0.0005624296962879641	CASSQTYEQYF+TCRBV06-05+TCRBJ02-07	TCRBV06-05	TCRBJ02-07					False	DRB1*13:01	cii	2.836482e-08	-7.5472199680751215	h-DRB1_13_01-221	2.0	5.0		0.6243250923557829	DRB1	True	right_only	False	2026 only	cii	DRB1*13:01	cii
Dataset1	AGGGTGAAGGGCTCTC-7	TRB:CASGSYNSPLHF;TRA:CAHPRTSGGSYIPTF	A07	CD4_CTL	control	CASGSYNSPLHF	CAHPRTSGGSYIPTF	9	2092	0.004302103250478011	CASGSYNSPLHF+TCRBV19-01+TCRBJ01-06	TCRBV19-01	TCRBJ01-06					False	DRB5*01:01	cii	4.7939506e-09	-8.319306445533476	h-DRB5_01_01-883	0.0	1.0		0.6655299801079853	DRB5	True	right_only	False	2026 only	cii	DRB5*01:01	cii
Dataset1	AGGGTGATCCTCAATT-7	TRB:CSVEGDRGRSETQYF;TRA:CALETDSWGKLQF	A02	CD4_CTL	control	CSVEGDRGRSETQYF	CALETDSWGKLQF	232	1778	0.13048368953880765	CSVEGDRGRSETQYF+TCRBV29-01+TCRBJ02-05	TCRBV29-01	TCRBJ02-05	DRB1*15:01	cii	feature41633_DRB1_15_01	DRB1	True	DRB1*15:01	cii	8.389768e-11	-10.07625004843386	h-DRB1_15_01-992	4.0	14.0	0.9821428571428572	0.5981813015061097	DRB1	True	both	True	shared	cii	DRB1*15:01	cii
Dataset1	AGGTCATAGCCACCTG-7	TRB:CASSLITTTDTQYF;TRA:CARHSGNTPLVF	C09	CD8_TEMRA	supercentenarian	CASSLITTTDTQYF	CARHSGNTPLVF	2	2000	0.001	CASSLITTTDTQYF+TCRBV07-09+TCRBJ02-03	TCRBV07-09	TCRBJ02-03					False	A*24:02	ci	8.621291e-11	-10.064427695637606	h-A_24_02-93	13.0	9.0	0.9829059829059827	0.6315714691673772	A	True	right_only	False	2026 only	ci	A*24:02	ci
Dataset1	AGGTCCGTCAAAGTAG-7	TRB:CASSSASGGNEQFF;TRA:CAASYFGNEKLTF	A02	CD8_TEMRA	control	CASSSASGGNEQFF	CAASYFGNEKLTF	38	1778	0.021372328458942633	CASSSASGGNEQFF+TCRBV07-09+TCRBJ02-01	TCRBV07-09	TCRBJ02-01	B*15:01	ci	feature9526_B_15_01	B	True	B*15:01	ci	7.5402223e-10	-9.122615850119594	h-B_15_01-190	10.0	8.0	0.8875	0.5583972719522592	B	True	both	True	shared	ci	B*15:01	ci
Dataset1	AGGTCCGTCGTTACGA-7	TRB:CSVEGDRGRSETQYF;TRA:CALETDSWGKLQF	A02	CD4_CTL	control	CSVEGDRGRSETQYF	CALETDSWGKLQF	232	1778	0.13048368953880765	CSVEGDRGRSETQYF+TCRBV29-01+TCRBJ02-05	TCRBV29-01	TCRBJ02-05	DRB1*15:01	cii	feature41633_DRB1_15_01	DRB1	True	DRB1*15:01	cii	8.389768e-11	-10.07625004843386	h-DRB1_15_01-992	4.0	14.0	0.9821428571428572	0.5981813015061097	DRB1	True	both	True	shared	cii	DRB1*15:01	cii
Dataset1	AGTAGTCCATGCAACT-7	TRB:CSVEGDRGRSETQYF;TRA:CALETDSWGKLQF	A02	CD4_CTL	control	CSVEGDRGRSETQYF	CALETDSWGKLQF	232	1778	0.13048368953880765	CSVEGDRGRSETQYF+TCRBV29-01+TCRBJ02-05	TCRBV29-01	TCRBJ02-05	DRB1*15:01	cii	feature41633_DRB1_15_01	DRB1	True	DRB1*15:01	cii	8.389768e-11	-10.07625004843386	h-DRB1_15_01-992	4.0	14.0	0.9821428571428572	0.5981813015061097	DRB1	True	both	True	shared	cii	DRB1*15:01	cii
Dataset1	AGTGTCACAGTTCCCT-7	TRB:CSVEGDRGRSETQYF;TRA:CALETDSWGKLQF	A02	CD4_CTL	control	CSVEGDRGRSETQYF	CALETDSWGKLQF	232	1778	0.13048368953880765	CSVEGDRGRSETQYF+TCRBV29-01+TCRBJ02-05	TCRBV29-01	TCRBJ02-05	DRB1*15:01	cii	feature41633_DRB1_15_01	DRB1	True	DRB1*15:01	cii	8.389768e-11	-10.07625004843386	h-DRB1_15_01-992	4.0	14.0	0.9821428571428572	0.5981813015061097	DRB1	True	both	True	shared	cii	DRB1*15:01	cii
Dataset1	AGTTGGTGTAAGTGTA-7	TRB:CSVEGDRGRSETQYF;TRA:CALETDSWGKLQF	A02	CD4_CTL	control	CSVEGDRGRSETQYF	CALETDSWGKLQF	232	1778	0.13048368953880765	CSVEGDRGRSETQYF+TCRBV29-01+TCRBJ02-05	TCRBV29-01	TCRBJ02-05	DRB1*15:01	cii	feature41633_DRB1_15_01	DRB1	True	DRB1*15:01	cii	8.389768e-11	-10.07625004843386	h-DRB1_15_01-992	4.0	14.0	0.9821428571428572	0.5981813015061097	DRB1	True	both	True	shared	cii	DRB1*15:01	cii
Dataset1	ATAACGCGTCACTGGC-7	TRB:CSVEGDRGRSETQYF;TRA:CALETDSWGKLQF	A02	CD4_CTL	control	CSVEGDRGRSETQYF	CALETDSWGKLQF	232	1778	0.13048368953880765	CSVEGDRGRSETQYF+TCRBV29-01+TCRBJ02-05	TCRBV29-01	TCRBJ02-05	DRB1*15:01	cii	feature41633_DRB1_15_01	DRB1	True	DRB1*15:01	cii	8.389768e-11	-10.07625004843386	h-DRB1_15_01-992	4.0	14.0	0.9821428571428572	0.5981813015061097	DRB1	True	both	True	shared	cii	DRB1*15:01	cii
Dataset1	ATCACGACAGGTTTCA-7	TRB:CASSPGGSYNEQFF;TRA:CAVANNDMRF	C09	CD8_TEM	supercentenarian	CASSPGGSYNEQFF	CAVANNDMRF	1	2000	0.0005	CASSPGGSYNEQFF+TCRBV27-01+TCRBJ02-01	TCRBV27-01	TCRBJ02-01	B*35:01	ci	feature11611_B_35_01	B	True											False	left_only	False	2024 only	ci	B*35:01	ci
Dataset1	ATCACGAGTAAATGTG-7	TRB:CSVEGDRGRSETQYF;TRA:CALETDSWGKLQF	A02	CD4_CTL	control	CSVEGDRGRSETQYF	CALETDSWGKLQF	232	1778	0.13048368953880765	CSVEGDRGRSETQYF+TCRBV29-01+TCRBJ02-05	TCRBV29-01	TCRBJ02-05	DRB1*15:01	cii	feature41633_DRB1_15_01	DRB1	True	DRB1*15:01	cii	8.389768e-11	-10.07625004843386	h-DRB1_15_01-992	4.0	14.0	0.9821428571428572	0.5981813015061097	DRB1	True	both	True	shared	cii	DRB1*15:01	cii
Dataset1	ATCATCTTCTACTATC-7	TRB:CASSSGLQETQYF;TRA:CIVRVAGRGDDKIIF	A07	CD4_Helper	control	CASSSGLQETQYF	CIVRVAGRGDDKIIF	1	2092	0.0004780114722753346	CASSSGLQETQYF+TCRBV27-01+TCRBJ02-05	TCRBV27-01	TCRBJ02-05	B*44:03	ci	feature16424_B_44_03	B	True											False	left_only	False	2024 only	ci	B*44:03	ci
Dataset1	ATCCACCCAGCCTATA-7	TRB:CASSYFPGRGTEAFF	C09	CD8_TEM	supercentenarian	CASSYFPGRGTEAFF		1	2000	0.0005	CASSYFPGRGTEAFF+TCRBV06-05+TCRBJ01-01	TCRBV06-05	TCRBJ01-01					False	B*40:01	ci	4.019053e-10	-9.395876266648031	h-B_40_01-223	5.0	11.0	1.0	0.6098323387325945	B	True	right_only	False	2026 only	ci	B*40:01	ci
Dataset1	ATCCGAAAGCGCCTCA-7	TRB:CSVEGDRGRSETQYF;TRA:CALETDSWGKLQF	A02	CD4_CTL	control	CSVEGDRGRSETQYF	CALETDSWGKLQF	232	1778	0.13048368953880765	CSVEGDRGRSETQYF+TCRBV29-01+TCRBJ02-05	TCRBV29-01	TCRBJ02-05	DRB1*15:01	cii	feature41633_DRB1_15_01	DRB1	True	DRB1*15:01	cii	8.389768e-11	-10.07625004843386	h-DRB1_15_01-992	4.0	14.0	0.9821428571428572	0.5981813015061097	DRB1	True	both	True	shared	cii	DRB1*15:01	cii
Dataset1	ATCGAGTCACGGTAAG-7	TRB:CASSLTVSYEQYF;TRA:CAASLQSGGYQKVTF	A07	CD4_Helper	control	CASSLTVSYEQYF	CAASLQSGGYQKVTF	1	2092	0.0004780114722753346	CASSLTVSYEQYF+TCRBV07-02+TCRBJ02-07	TCRBV07-02	TCRBJ02-07	DRB5*01:01	cii	feature43191_DRB5_01_01	DRB5	True	DRB1*15:01	cii	5.3324047e-09	-8.273076897460149	h-DRB1_15_01-992	4.0	14.0	0.9821428571428572	0.5981813015061097	DRB1	True	both	True	shared	cii	DRB5*01:01	cii
Dataset1	ATCTACTAGAGTCTGG-7	TRB:CASSYSGEDTQYF;TRA:CVVRNSGYALNF	A02	CD8_TEMRA	control	CASSYSGEDTQYF	CVVRNSGYALNF	9	1778	0.005061867266591676	CASSYSGEDTQYF+TCRBV06-05+TCRBJ02-03	TCRBV06-05	TCRBJ02-03	B*40:01	ci	feature14970_B_40_01	B	True											False	left_only	False	2024 only	ci	B*40:01	ci
Dataset1	ATGAGGGAGGACCACA-7	TRB:CSVEGDRGRSETQYF;TRA:CALETDSWGKLQF	A02	CD4_CTL	control	CSVEGDRGRSETQYF	CALETDSWGKLQF	232	1778	0.13048368953880765	CSVEGDRGRSETQYF+TCRBV29-01+TCRBJ02-05	TCRBV29-01	TCRBJ02-05	DRB1*15:01	cii	feature41633_DRB1_15_01	DRB1	True	DRB1*15:01	cii	8.389768e-11	-10.07625004843386	h-DRB1_15_01-992	4.0	14.0	0.9821428571428572	0.5981813015061097	DRB1	True	both	True	shared	cii	DRB1*15:01	cii
Dataset1	ATGAGGGCAGCGTTCG-7	TRB:CASSPGSSYEQYF;TRA:CAVNGAYNNNDMRF	A07	CD4_Naive	control	CASSPGSSYEQYF	CAVNGAYNNNDMRF	1	2092	0.0004780114722753346	CASSPGSSYEQYF+TCRBV10-02+TCRBJ02-07	TCRBV10-02	TCRBJ02-07	DRB1*01:01	cii	feature33517_DRB1_01_01	DRB1	True	DRB1*01:01	cii	5.971204e-09	-8.22393809134361	h-DRB1_01_01-298	6.0	4.0	1.0	0.4997158283603296	DRB1	True	both	True	shared	cii	DRB1*01:01	cii
Dataset1	ATGAGGGTCAAAGACA-7	TRB:CSVEGDRGRSETQYF;TRA:CALETDSWGKLQF	A02	CD4_CTL	control	CSVEGDRGRSETQYF	CALETDSWGKLQF	232	1778	0.13048368953880765	CSVEGDRGRSETQYF+TCRBV29-01+TCRBJ02-05	TCRBV29-01	TCRBJ02-05	DRB1*15:01	cii	feature41633_DRB1_15_01	DRB1	True	DRB1*15:01	cii	8.389768e-11	-10.07625004843386	h-DRB1_15_01-992	4.0	14.0	0.9821428571428572	0.5981813015061097	DRB1	True	both	True	shared	cii	DRB1*15:01	cii
Dataset1	ATGCGATCAGGCTCAC-7	TRB:CSVEGDRGRSETQYF;TRA:CALETDSWGKLQF	A02	CD4_CTL	control	CSVEGDRGRSETQYF	CALETDSWGKLQF	232	1778	0.13048368953880765	CSVEGDRGRSETQYF+TCRBV29-01+TCRBJ02-05	TCRBV29-01	TCRBJ02-05	DRB1*15:01	cii	feature41633_DRB1_15_01	DRB1	True	DRB1*15:01	cii	8.389768e-11	-10.07625004843386	h-DRB1_15_01-992	4.0	14.0	0.9821428571428572	0.5981813015061097	DRB1	True	both	True	shared	cii	DRB1*15:01	cii
Dataset1	ATGGGAGAGCCGATTT-7	TRB:CSVEGDRGRSETQYF;TRA:CALETDSWGKLQF	A02	CD4_CTL	control	CSVEGDRGRSETQYF	CALETDSWGKLQF	232	1778	0.13048368953880765	CSVEGDRGRSETQYF+TCRBV29-01+TCRBJ02-05	TCRBV29-01	TCRBJ02-05	DRB1*15:01	cii	feature41633_DRB1_15_01	DRB1	True	DRB1*15:01	cii	8.389768e-11	-10.07625004843386	h-DRB1_15_01-992	4.0	14.0	0.9821428571428572	0.5981813015061097	DRB1	True	both	True	shared	cii	DRB1*15:01	cii
Dataset1	ATGGGAGGTTCGTCTC-7	TRB:CASSSASGGNEQFF;TRA:CAASYFGNEKLTF	A02	CD8_TEMRA	control	CASSSASGGNEQFF	CAASYFGNEKLTF	38	1778	0.021372328458942633	CASSSASGGNEQFF+TCRBV07-09+TCRBJ02-01	TCRBV07-09	TCRBJ02-01	B*15:01	ci	feature9526_B_15_01	B	True	B*15:01	ci	7.5402223e-10	-9.122615850119594	h-B_15_01-190	10.0	8.0	0.8875	0.5583972719522592	B	True	both	True	shared	ci	B*15:01	ci
Dataset1	ATGGGAGTCGGCGCAT-7	TRB:CASSLFGSDTQYF;TRA:CAVSETSYDKVIF	C09	CD8_TEM	supercentenarian	CASSLFGSDTQYF	CAVSETSYDKVIF	1	2000	0.0005	CASSLFGSDTQYF+TCRBV07-06+TCRBJ02-03	TCRBV07-06	TCRBJ02-03					False	DQA1*01:02+DQB1*06:04	cii	2.8535097e-10	-9.544620646805468	h-DQA1_01_02_DQB1_06_04-349	0.0	0.0		0.4953111679454391	DQA1	True	right_only	False	2026 only	cii	DQA1*01:02+DQB1*06:04	cii
Dataset1	ATGGGAGTCGGCGCAT-7	TRB:CASSLFGSDTQYF;TRA:CAVSETSYDKVIF	C09	CD8_TEM	supercentenarian	CASSLFGSDTQYF	CAVSETSYDKVIF	1	2000	0.0005	CASSLFGSDTQYF+TCRBV07-X+TCRBJ02-03	TCRBV07-X	TCRBJ02-03					False	DQA1*01:02+DQB1*06:04	cii	7.529111e-10	-9.123256300105698	h-DQA1_01_02_DQB1_06_04-349	0.0	0.0		0.4953111679454391	DQA1	True	right_only	False	2026 only	cii	DQA1*01:02+DQB1*06:04	cii
Dataset1	ATGTGTGGTAGAGGAA-7	TRB:CSVEGDRGRSETQYF;TRA:CALETDSWGKLQF	A02	CD4_CTL	control	CSVEGDRGRSETQYF	CALETDSWGKLQF	232	1778	0.13048368953880765	CSVEGDRGRSETQYF+TCRBV29-01+TCRBJ02-05	TCRBV29-01	TCRBJ02-05	DRB1*15:01	cii	feature41633_DRB1_15_01	DRB1	True	DRB1*15:01	cii	8.389768e-11	-10.07625004843386	h-DRB1_15_01-992	4.0	14.0	0.9821428571428572	0.5981813015061097	DRB1	True	both	True	shared	cii	DRB1*15:01	cii
Dataset1	ATTACTCTCTACTATC-7	TRB:CSVEGDRGRSETQYF;TRA:CALETDSWGKLQF	A02	CD4_CTL	control	CSVEGDRGRSETQYF	CALETDSWGKLQF	232	1778	0.13048368953880765	CSVEGDRGRSETQYF+TCRBV29-01+TCRBJ02-05	TCRBV29-01	TCRBJ02-05	DRB1*15:01	cii	feature41633_DRB1_15_01	DRB1	True	DRB1*15:01	cii	8.389768e-11	-10.07625004843386	h-DRB1_15_01-992	4.0	14.0	0.9821428571428572	0.5981813015061097	DRB1	True	both	True	shared	cii	DRB1*15:01	cii
Dataset1	ATTATCCAGCCAGTAG-7	TRB:CSVEGDRGRSETQYF;TRA:CALETDSWGKLQF	A02	CD4_CTL	control	CSVEGDRGRSETQYF	CALETDSWGKLQF	232	1778	0.13048368953880765	CSVEGDRGRSETQYF+TCRBV29-01+TCRBJ02-05	TCRBV29-01	TCRBJ02-05	DRB1*15:01	cii	feature41633_DRB1_15_01	DRB1	True	DRB1*15:01	cii	8.389768e-11	-10.07625004843386	h-DRB1_15_01-992	4.0	14.0	0.9821428571428572	0.5981813015061097	DRB1	True	both	True	shared	cii	DRB1*15:01	cii
Dataset1	ATTATCCGTATGCTTG-7	TRB:CSVEGDRGRSETQYF;TRA:CALETDSWGKLQF	A02	CD4_CTL	control	CSVEGDRGRSETQYF	CALETDSWGKLQF	232	1778	0.13048368953880765	CSVEGDRGRSETQYF+TCRBV29-01+TCRBJ02-05	TCRBV29-01	TCRBJ02-05	DRB1*15:01	cii	feature41633_DRB1_15_01	DRB1	True	DRB1*15:01	cii	8.389768e-11	-10.07625004843386	h-DRB1_15_01-992	4.0	14.0	0.9821428571428572	0.5981813015061097	DRB1	True	both	True	shared	cii	DRB1*15:01	cii
Dataset1	ATTATCCTCGCAGGCT-7	TRB:CSVEGDRGRSETQYF;TRA:CALETDSWGKLQF	A02	CD4_CTL	control	CSVEGDRGRSETQYF	CALETDSWGKLQF	232	1778	0.13048368953880765	CSVEGDRGRSETQYF+TCRBV29-01+TCRBJ02-05	TCRBV29-01	TCRBJ02-05	DRB1*15:01	cii	feature41633_DRB1_15_01	DRB1	True	DRB1*15:01	cii	8.389768e-11	-10.07625004843386	h-DRB1_15_01-992	4.0	14.0	0.9821428571428572	0.5981813015061097	DRB1	True	both	True	shared	cii	DRB1*15:01	cii
Dataset1	ATTGGACCACGAAACG-7	TRB:CASSSPRGGNEQFF;TRA:CAASYFGNEKLTF	A02	CD8_TEM	control	CASSSPRGGNEQFF	CAASYFGNEKLTF	1	1778	0.0005624296962879641	CASSSPRGGNEQFF+TCRBV07-09+TCRBJ02-01	TCRBV07-09	TCRBJ02-01	B*15:01	ci	feature9526_B_15_01	B	True	B*15:01	ci	1.00732e-09	-8.99683254319258	h-B_15_01-190	10.0	8.0	0.8875	0.5583972719522592	B	True	both	True	shared	ci	B*15:01	ci
Dataset1	ATTGGACTCGTTACAG-7	TRB:CSVEGDRGRSETQYF;TRA:CALETDSWGKLQF	A02	CD4_CTL	control	CSVEGDRGRSETQYF	CALETDSWGKLQF	232	1778	0.13048368953880765	CSVEGDRGRSETQYF+TCRBV29-01+TCRBJ02-05	TCRBV29-01	TCRBJ02-05	DRB1*15:01	cii	feature41633_DRB1_15_01	DRB1	True	DRB1*15:01	cii	8.389768e-11	-10.07625004843386	h-DRB1_15_01-992	4.0	14.0	0.9821428571428572	0.5981813015061097	DRB1	True	both	True	shared	cii	DRB1*15:01	cii
Dataset1	ATTTCTGCACTTAAGC-7	TRB:CSVEGDRGRSETQYF;TRA:CALETDSWGKLQF	A02	CD4_CTL	control	CSVEGDRGRSETQYF	CALETDSWGKLQF	232	1778	0.13048368953880765	CSVEGDRGRSETQYF+TCRBV29-01+TCRBJ02-05	TCRBV29-01	TCRBJ02-05	DRB1*15:01	cii	feature41633_DRB1_15_01	DRB1	True	DRB1*15:01	cii	8.389768e-11	-10.07625004843386	h-DRB1_15_01-992	4.0	14.0	0.9821428571428572	0.5981813015061097	DRB1	True	both	True	shared	cii	DRB1*15:01	cii
Dataset1	CAACCAAAGTCCGTAT-7	TRB:CSVEGDRGRSETQYF;TRA:CALETDSWGKLQF	A02	CD4_CTL	control	CSVEGDRGRSETQYF	CALETDSWGKLQF	232	1778	0.13048368953880765	CSVEGDRGRSETQYF+TCRBV29-01+TCRBJ02-05	TCRBV29-01	TCRBJ02-05	DRB1*15:01	cii	feature41633_DRB1_15_01	DRB1	True	DRB1*15:01	cii	8.389768e-11	-10.07625004843386	h-DRB1_15_01-992	4.0	14.0	0.9821428571428572	0.5981813015061097	DRB1	True	both	True	shared	cii	DRB1*15:01	cii
Dataset1	CAACCAACAAATTGCC-7	TRB:CSVEGDRGRSETQYF;TRA:CALETDSWGKLQF	A02	CD4_CTL	control	CSVEGDRGRSETQYF	CALETDSWGKLQF	232	1778	0.13048368953880765	CSVEGDRGRSETQYF+TCRBV29-01+TCRBJ02-05	TCRBV29-01	TCRBJ02-05	DRB1*15:01	cii	feature41633_DRB1_15_01	DRB1	True	DRB1*15:01	cii	8.389768e-11	-10.07625004843386	h-DRB1_15_01-992	4.0	14.0	0.9821428571428572	0.5981813015061097	DRB1	True	both	True	shared	cii	DRB1*15:01	cii
Dataset1	CAACCTCGTCGGGTCT-7	TRB:CSVEGDRGRSETQYF;TRA:CALETDSWGKLQF	A02	CD4_CTL	control	CSVEGDRGRSETQYF	CALETDSWGKLQF	232	1778	0.13048368953880765	CSVEGDRGRSETQYF+TCRBV29-01+TCRBJ02-05	TCRBV29-01	TCRBJ02-05	DRB1*15:01	cii	feature41633_DRB1_15_01	DRB1	True	DRB1*15:01	cii	8.389768e-11	-10.07625004843386	h-DRB1_15_01-992	4.0	14.0	0.9821428571428572	0.5981813015061097	DRB1	True	both	True	shared	cii	DRB1*15:01	cii
Dataset1	CAACCTCTCTGGCGAC-7	TRB:CSVEGDRGRSETQYF;TRA:CALETDSWGKLQF	A02	CD4_CTL	control	CSVEGDRGRSETQYF	CALETDSWGKLQF	232	1778	0.13048368953880765	CSVEGDRGRSETQYF+TCRBV29-01+TCRBJ02-05	TCRBV29-01	TCRBJ02-05	DRB1*15:01	cii	feature41633_DRB1_15_01	DRB1	True	DRB1*15:01	cii	8.389768e-11	-10.07625004843386	h-DRB1_15_01-992	4.0	14.0	0.9821428571428572	0.5981813015061097	DRB1	True	both	True	shared	cii	DRB1*15:01	cii
Dataset1	CAAGAAAGTAGCTTGT-7	TRB:CSVEGDRGRSETQYF;TRA:CALETDSWGKLQF	A02	CD4_CTL	control	CSVEGDRGRSETQYF	CALETDSWGKLQF	232	1778	0.13048368953880765	CSVEGDRGRSETQYF+TCRBV29-01+TCRBJ02-05	TCRBV29-01	TCRBJ02-05	DRB1*15:01	cii	feature41633_DRB1_15_01	DRB1	True	DRB1*15:01	cii	8.389768e-11	-10.07625004843386	h-DRB1_15_01-992	4.0	14.0	0.9821428571428572	0.5981813015061097	DRB1	True	both	True	shared	cii	DRB1*15:01	cii
Dataset1	CAAGTTGCACGGTAGA-7	TRB:CSAHRDGGYEQYF;TRA:CVVNQETSYDKVIF	A02	CD4_Naive	control	CSAHRDGGYEQYF	CVVNQETSYDKVIF	1	1778	0.0005624296962879641	CSAHRDGGYEQYF+TCRBV20-X+TCRBJ02-07	TCRBV20-X	TCRBJ02-07					False	DRB5*01:01	cii	8.3215806e-10	-9.079794176033525	h-DRB5_01_01-883	0.0	1.0		0.6655299801079853	DRB5	True	right_only	False	2026 only	cii	DRB5*01:01	cii
Dataset1	CAAGTTGGTAGCGATG-7	TRB:CASSSASGGNEQFF;TRA:CAASYFGNEKLTF	A02	CD8_TEMRA	control	CASSSASGGNEQFF	CAASYFGNEKLTF	38	1778	0.021372328458942633	CASSSASGGNEQFF+TCRBV07-09+TCRBJ02-01	TCRBV07-09	TCRBJ02-01	B*15:01	ci	feature9526_B_15_01	B	True	B*15:01	ci	7.5402223e-10	-9.122615850119594	h-B_15_01-190	10.0	8.0	0.8875	0.5583972719522592	B	True	both	True	shared	ci	B*15:01	ci
Dataset1	CACAAACTCTTCCTTC-7	TRB:CASSYSGEDTQYF	A02	CD8_TEMRA	control	CASSYSGEDTQYF		3	1778	0.001687289088863892	CASSYSGEDTQYF+TCRBV06-05+TCRBJ02-03	TCRBV06-05	TCRBJ02-03	B*40:01	ci	feature14970_B_40_01	B	True											False	left_only	False	2024 only	ci	B*40:01	ci
Dataset1	CACAGTAAGGGATCTG-7	TRB:CSVEGDRGRSETQYF;TRA:CALETDSWGKLQF	A02	CD4_CTL	control	CSVEGDRGRSETQYF	CALETDSWGKLQF	232	1778	0.13048368953880765	CSVEGDRGRSETQYF+TCRBV29-01+TCRBJ02-05	TCRBV29-01	TCRBJ02-05	DRB1*15:01	cii	feature41633_DRB1_15_01	DRB1	True	DRB1*15:01	cii	8.389768e-11	-10.07625004843386	h-DRB1_15_01-992	4.0	14.0	0.9821428571428572	0.5981813015061097	DRB1	True	both	True	shared	cii	DRB1*15:01	cii
Dataset1	CACAGTATCCTTTACA-7	TRB:CASSSASGGNEQFF;TRA:CAASYFGNEKLTF	A02	CD8_TEMRA	control	CASSSASGGNEQFF	CAASYFGNEKLTF	38	1778	0.021372328458942633	CASSSASGGNEQFF+TCRBV07-09+TCRBJ02-01	TCRBV07-09	TCRBJ02-01	B*15:01	ci	feature9526_B_15_01	B	True	B*15:01	ci	7.5402223e-10	-9.122615850119594	h-B_15_01-190	10.0	8.0	0.8875	0.5583972719522592	B	True	both	True	shared	ci	B*15:01	ci
Dataset1	CACATTTAGGATGCGT-7	TRB:CSVEGDRGRSETQYF;TRA:CALETDSWGKLQF	A02	CD4_CTL	control	CSVEGDRGRSETQYF	CALETDSWGKLQF	232	1778	0.13048368953880765	CSVEGDRGRSETQYF+TCRBV29-01+TCRBJ02-05	TCRBV29-01	TCRBJ02-05	DRB1*15:01	cii	feature41633_DRB1_15_01	DRB1	True	DRB1*15:01	cii	8.389768e-11	-10.07625004843386	h-DRB1_15_01-992	4.0	14.0	0.9821428571428572	0.5981813015061097	DRB1	True	both	True	shared	cii	DRB1*15:01	cii
Dataset1	CACATTTGTTATGTGC-7	TRB:CASSLGTSASYEQYF;TRA:CAENRNSGGSNYKLTF	A02	CD4_Naive	control	CASSLGTSASYEQYF	CAENRNSGGSNYKLTF	1	1778	0.0005624296962879641	CASSLGTSASYEQYF+TCRBV04-01+TCRBJ02-07	TCRBV04-01	TCRBJ02-07					False	B*40:02	ci	2.157532e-10	-9.666042754212818	h-B_40_02-68	4.0	3.0	0.7083333333333333	0.4990053992611538	B	True	right_only	False	2026 only	ci	B*40:02	ci
Dataset1	CACCTTGGTCAGTGGA-7	TRB:CASSSASGGNEQFF;TRA:CAASYFGNEKLTF	A02	CD8_TEMRA	control	CASSSASGGNEQFF	CAASYFGNEKLTF	38	1778	0.021372328458942633	CASSSASGGNEQFF+TCRBV07-09+TCRBJ02-01	TCRBV07-09	TCRBJ02-01	B*15:01	ci	feature9526_B_15_01	B	True	B*15:01	ci	7.5402223e-10	-9.122615850119594	h-B_15_01-190	10.0	8.0	0.8875	0.5583972719522592	B	True	both	True	shared	ci	B*15:01	ci
Dataset1	CAGCATATCACGATGT-7	TRB:CSVEGDRGRSETQYF;TRA:CALETDSWGKLQF	A02	CD4_CTL	control	CSVEGDRGRSETQYF	CALETDSWGKLQF	232	1778	0.13048368953880765	CSVEGDRGRSETQYF+TCRBV29-01+TCRBJ02-05	TCRBV29-01	TCRBJ02-05	DRB1*15:01	cii	feature41633_DRB1_15_01	DRB1	True	DRB1*15:01	cii	8.389768e-11	-10.07625004843386	h-DRB1_15_01-992	4.0	14.0	0.9821428571428572	0.5981813015061097	DRB1	True	both	True	shared	cii	DRB1*15:01	cii
Dataset1	CAGCCGAGTAAATACG-7	TRB:CASSSASGGNEQFF;TRA:CAASYFGNEKLTF	A02	CD8_TEMRA	control	CASSSASGGNEQFF	CAASYFGNEKLTF	38	1778	0.021372328458942633	CASSSASGGNEQFF+TCRBV07-09+TCRBJ02-01	TCRBV07-09	TCRBJ02-01	B*15:01	ci	feature9526_B_15_01	B	True	B*15:01	ci	7.5402223e-10	-9.122615850119594	h-B_15_01-190	10.0	8.0	0.8875	0.5583972719522592	B	True	both	True	shared	ci	B*15:01	ci
Dataset1	CAGCCGAGTAAGGATT-7	TRB:CSVEGDRGRSETQYF;TRA:CALETDSWGKLQF	A02	CD4_CTL	control	CSVEGDRGRSETQYF	CALETDSWGKLQF	232	1778	0.13048368953880765	CSVEGDRGRSETQYF+TCRBV29-01+TCRBJ02-05	TCRBV29-01	TCRBJ02-05	DRB1*15:01	cii	feature41633_DRB1_15_01	DRB1	True	DRB1*15:01	cii	8.389768e-11	-10.07625004843386	h-DRB1_15_01-992	4.0	14.0	0.9821428571428572	0.5981813015061097	DRB1	True	both	True	shared	cii	DRB1*15:01	cii
Dataset1	CAGCTAAGTAGCGCTC-7	TRB:CSVEGDRGRSETQYF;TRA:CALETDSWGKLQF	A02	CD4_CTL	control	CSVEGDRGRSETQYF	CALETDSWGKLQF	232	1778	0.13048368953880765	CSVEGDRGRSETQYF+TCRBV29-01+TCRBJ02-05	TCRBV29-01	TCRBJ02-05	DRB1*15:01	cii	feature41633_DRB1_15_01	DRB1	True	DRB1*15:01	cii	8.389768e-11	-10.07625004843386	h-DRB1_15_01-992	4.0	14.0	0.9821428571428572	0.5981813015061097	DRB1	True	both	True	shared	cii	DRB1*15:01	cii
Dataset1	CAGCTAATCCAAATGC-7	TRB:CASGSYNSPLHF;TRA:CAHPRTSGGSYIPTF	A07	CD4_CTL	control	CASGSYNSPLHF	CAHPRTSGGSYIPTF	9	2092	0.004302103250478011	CASGSYNSPLHF+TCRBV19-01+TCRBJ01-06	TCRBV19-01	TCRBJ01-06					False	DRB5*01:01	cii	4.7939506e-09	-8.319306445533476	h-DRB5_01_01-883	0.0	1.0		0.6655299801079853	DRB5	True	right_only	False	2026 only	cii	DRB5*01:01	cii
Dataset1	CAGCTGGCAGCGTCCA-7	TRB:CASSSASGGNEQFF;TRA:CAASYFGNEKLTF	A02	CD8_TEMRA	control	CASSSASGGNEQFF	CAASYFGNEKLTF	38	1778	0.021372328458942633	CASSSASGGNEQFF+TCRBV07-09+TCRBJ02-01	TCRBV07-09	TCRBJ02-01	B*15:01	ci	feature9526_B_15_01	B	True	B*15:01	ci	7.5402223e-10	-9.122615850119594	h-B_15_01-190	10.0	8.0	0.8875	0.5583972719522592	B	True	both	True	shared	ci	B*15:01	ci
Dataset1	CAGCTGGTCAGGTTCA-7	TRB:CSVEGDRGRSETQYF;TRA:CALETDSWGKLQF	A02	CD4_CTL	control	CSVEGDRGRSETQYF	CALETDSWGKLQF	232	1778	0.13048368953880765	CSVEGDRGRSETQYF+TCRBV29-01+TCRBJ02-05	TCRBV29-01	TCRBJ02-05	DRB1*15:01	cii	feature41633_DRB1_15_01	DRB1	True	DRB1*15:01	cii	8.389768e-11	-10.07625004843386	h-DRB1_15_01-992	4.0	14.0	0.9821428571428572	0.5981813015061097	DRB1	True	both	True	shared	cii	DRB1*15:01	cii
Dataset1	CAGGTGCAGTGCAAGC-7	TRB:CASSLGASTEAFF;TRA:CAVGAWSGGGADGLTF	A07	CD4_Helper	control	CASSLGASTEAFF	CAVGAWSGGGADGLTF	1	2092	0.0004780114722753346	CASSLGASTEAFF+TCRBV11-01+TCRBJ01-01	TCRBV11-01	TCRBJ01-01	DRB1*12:01	cii	feature40348_DRB1_12_01	DRB1	True	DRB1*12:01	cii	9.67079e-10	-9.014538047258588	h-DRB1_12_01-352	1.0	4.0		0.4860755896561524	DRB1	True	both	True	shared	cii	DRB1*12:01	cii
Dataset1	CAGGTGCCAGACGTAG-7	TRB:CSVEGDRGRSETQYF;TRA:CALETDSWGKLQF	A02	CD4_CTL	control	CSVEGDRGRSETQYF	CALETDSWGKLQF	232	1778	0.13048368953880765	CSVEGDRGRSETQYF+TCRBV29-01+TCRBJ02-05	TCRBV29-01	TCRBJ02-05	DRB1*15:01	cii	feature41633_DRB1_15_01	DRB1	True	DRB1*15:01	cii	8.389768e-11	-10.07625004843386	h-DRB1_15_01-992	4.0	14.0	0.9821428571428572	0.5981813015061097	DRB1	True	both	True	shared	cii	DRB1*15:01	cii
Dataset1	CAGTAACTCTACCAGA-7	TRB:CASGSYNSPLHF	A07	CD4_CTL	control	CASGSYNSPLHF		2	2092	0.0009560229445506692	CASGSYNSPLHF+TCRBV19-01+TCRBJ01-06	TCRBV19-01	TCRBJ01-06					False	DRB5*01:01	cii	4.7939506e-09	-8.319306445533476	h-DRB5_01_01-883	0.0	1.0		0.6655299801079853	DRB5	True	right_only	False	2026 only	cii	DRB5*01:01	cii
Dataset1	CAGTCCTGTCTAGTGT-7	TRB:CASGSYNSPLHF;TRA:CAHPRTSGGSYIPTF	A07	CD4_CTL	control	CASGSYNSPLHF	CAHPRTSGGSYIPTF	9	2092	0.004302103250478011	CASGSYNSPLHF+TCRBV19-01+TCRBJ01-06	TCRBV19-01	TCRBJ01-06					False	DRB5*01:01	cii	4.7939506e-09	-8.319306445533476	h-DRB5_01_01-883	0.0	1.0		0.6655299801079853	DRB5	True	right_only	False	2026 only	cii	DRB5*01:01	cii
Dataset1	CAGTCCTTCACCGTAA-7	TRB:CSVEGDRGRSETQYF;TRA:CALETDSWGKLQF	A02	CD4_CTL	control	CSVEGDRGRSETQYF	CALETDSWGKLQF	232	1778	0.13048368953880765	CSVEGDRGRSETQYF+TCRBV29-01+TCRBJ02-05	TCRBV29-01	TCRBJ02-05	DRB1*15:01	cii	feature41633_DRB1_15_01	DRB1	True	DRB1*15:01	cii	8.389768e-11	-10.07625004843386	h-DRB1_15_01-992	4.0	14.0	0.9821428571428572	0.5981813015061097	DRB1	True	both	True	shared	cii	DRB1*15:01	cii
Dataset1	CAGTCCTTCCGAAGAG-7	TRB:CATSRGTVSYEQYF;TRA:CATDFFGNEKLTF;TRA:CIVRGHSGYALNF	C09	CD8_TEMRA	supercentenarian	CATSRGTVSYEQYF	CIVRGHSGYALNF	3	2000	0.0015	CATSRGTVSYEQYF+TCRBV15-01+TCRBJ02-07	TCRBV15-01	TCRBJ02-07	B*40:01	ci	feature14970_B_40_01	B	True	B*40:01	ci	6.2084884e-09	-8.207014125982827	h-B_40_01-223	5.0	11.0	1.0	0.6098323387325945	B	True	both	True	shared	ci	B*40:01	ci
Dataset1	CATATGGCACAGATTC-7	TRB:CSVEGDRGRSETQYF;TRA:CALETDSWGKLQF	A02	CD4_CTL	control	CSVEGDRGRSETQYF	CALETDSWGKLQF	232	1778	0.13048368953880765	CSVEGDRGRSETQYF+TCRBV29-01+TCRBJ02-05	TCRBV29-01	TCRBJ02-05	DRB1*15:01	cii	feature41633_DRB1_15_01	DRB1	True	DRB1*15:01	cii	8.389768e-11	-10.07625004843386	h-DRB1_15_01-992	4.0	14.0	0.9821428571428572	0.5981813015061097	DRB1	True	both	True	shared	cii	DRB1*15:01	cii
Dataset1	CATATGGGTTAGATGA-7	TRB:CSVEGDRGRSETQYF;TRA:CALETDSWGKLQF	A02	CD4_CTL	control	CSVEGDRGRSETQYF	CALETDSWGKLQF	232	1778	0.13048368953880765	CSVEGDRGRSETQYF+TCRBV29-01+TCRBJ02-05	TCRBV29-01	TCRBJ02-05	DRB1*15:01	cii	feature41633_DRB1_15_01	DRB1	True	DRB1*15:01	cii	8.389768e-11	-10.07625004843386	h-DRB1_15_01-992	4.0	14.0	0.9821428571428572	0.5981813015061097	DRB1	True	both	True	shared	cii	DRB1*15:01	cii
Dataset1	CATATGGTCGCGTAGC-7	TRB:CSVEGDRGRSETQYF;TRA:CALETDSWGKLQF	A02	CD4_CTL	control	CSVEGDRGRSETQYF	CALETDSWGKLQF	232	1778	0.13048368953880765	CSVEGDRGRSETQYF+TCRBV29-01+TCRBJ02-05	TCRBV29-01	TCRBJ02-05	DRB1*15:01	cii	feature41633_DRB1_15_01	DRB1	True	DRB1*15:01	cii	8.389768e-11	-10.07625004843386	h-DRB1_15_01-992	4.0	14.0	0.9821428571428572	0.5981813015061097	DRB1	True	both	True	shared	cii	DRB1*15:01	cii
Dataset1	CATATTCGTCATGCAT-7	TRB:CSVEGDRGRSETQYF;TRA:CALETDSWGKLQF	A02	CD4_CTL	control	CSVEGDRGRSETQYF	CALETDSWGKLQF	232	1778	0.13048368953880765	CSVEGDRGRSETQYF+TCRBV29-01+TCRBJ02-05	TCRBV29-01	TCRBJ02-05	DRB1*15:01	cii	feature41633_DRB1_15_01	DRB1	True	DRB1*15:01	cii	8.389768e-11	-10.07625004843386	h-DRB1_15_01-992	4.0	14.0	0.9821428571428572	0.5981813015061097	DRB1	True	both	True	shared	cii	DRB1*15:01	cii
Dataset1	CATCAAGAGATGCCAG-7	TRB:CSVEGDRGRSETQYF;TRA:CALETDSWGKLQF	A02	CD4_CTL	control	CSVEGDRGRSETQYF	CALETDSWGKLQF	232	1778	0.13048368953880765	CSVEGDRGRSETQYF+TCRBV29-01+TCRBJ02-05	TCRBV29-01	TCRBJ02-05	DRB1*15:01	cii	feature41633_DRB1_15_01	DRB1	True	DRB1*15:01	cii	8.389768e-11	-10.07625004843386	h-DRB1_15_01-992	4.0	14.0	0.9821428571428572	0.5981813015061097	DRB1	True	both	True	shared	cii	DRB1*15:01	cii
Dataset1	CATCCACCAAATCCGT-7	TRB:CASSRDRSNQPQHF;TRA:CALSERGLSGSARQLTF	A02	CD4_Helper	control	CASSRDRSNQPQHF	CALSERGLSGSARQLTF	1	1778	0.0005624296962879641	CASSRDRSNQPQHF+TCRBV05-05+TCRBJ01-05	TCRBV05-05	TCRBJ01-05	DRB1*13:01	cii	feature40546_DRB1_13_01	DRB1	True	DRB1*13:01	cii	3.4595713e-09	-8.460977714380485	h-DRB1_13_01-221	2.0	5.0		0.6243250923557829	DRB1	True	both	True	shared	cii	DRB1*13:01	cii
Dataset1	CATCGGGAGGTGTGGT-7	TRB:CASSPNTEAFF;TRA:CAAPAGGTSYGKLTF	A07	CD4_Helper	control	CASSPNTEAFF	CAAPAGGTSYGKLTF	1	2092	0.0004780114722753346	CASSPNTEAFF+TCRBV30-01+TCRBJ01-01	TCRBV30-01	TCRBJ01-01	A*24:02	ci	feature3296_A_24_02	A	True	A*24:02	ci	5.0558163e-10	-9.29620871426398	h-A_24_02-95	13.0	9.0	0.7606837606837608	0.5382210855356635	A	True	both	True	shared	ci	A*24:02	ci
Dataset1	CATGACACATTCACTT-7	TRB:CASSSASGGNEQFF;TRA:CAASYFGNEKLTF	A02	CD8_TEMRA	control	CASSSASGGNEQFF	CAASYFGNEKLTF	38	1778	0.021372328458942633	CASSSASGGNEQFF+TCRBV07-09+TCRBJ02-01	TCRBV07-09	TCRBJ02-01	B*15:01	ci	feature9526_B_15_01	B	True	B*15:01	ci	7.5402223e-10	-9.122615850119594	h-B_15_01-190	10.0	8.0	0.8875	0.5583972719522592	B	True	both	True	shared	ci	B*15:01	ci
Dataset1	CATTATCGTCACAAGG-7	TRB:CSVEGDRGRSETQYF;TRA:CALETDSWGKLQF	A02	CD4_CTL	control	CSVEGDRGRSETQYF	CALETDSWGKLQF	232	1778	0.13048368953880765	CSVEGDRGRSETQYF+TCRBV29-01+TCRBJ02-05	TCRBV29-01	TCRBJ02-05	DRB1*15:01	cii	feature41633_DRB1_15_01	DRB1	True	DRB1*15:01	cii	8.389768e-11	-10.07625004843386	h-DRB1_15_01-992	4.0	14.0	0.9821428571428572	0.5981813015061097	DRB1	True	both	True	shared	cii	DRB1*15:01	cii
Dataset1	CATTATCTCAGCTCTC-7	TRB:CSVEGDRGRSETQYF;TRA:CALETDSWGKLQF	A02	CD4_CTL	control	CSVEGDRGRSETQYF	CALETDSWGKLQF	232	1778	0.13048368953880765	CSVEGDRGRSETQYF+TCRBV29-01+TCRBJ02-05	TCRBV29-01	TCRBJ02-05	DRB1*15:01	cii	feature41633_DRB1_15_01	DRB1	True	DRB1*15:01	cii	8.389768e-11	-10.07625004843386	h-DRB1_15_01-992	4.0	14.0	0.9821428571428572	0.5981813015061097	DRB1	True	both	True	shared	cii	DRB1*15:01	cii
Dataset1	CATTATCTCAGCTGGC-7	TRB:CASSSASGGNEQFF;TRA:CAASYFGNEKLTF	A02	CD8_TEMRA	control	CASSSASGGNEQFF	CAASYFGNEKLTF	38	1778	0.021372328458942633	CASSSASGGNEQFF+TCRBV07-09+TCRBJ02-01	TCRBV07-09	TCRBJ02-01	B*15:01	ci	feature9526_B_15_01	B	True	B*15:01	ci	7.5402223e-10	-9.122615850119594	h-B_15_01-190	10.0	8.0	0.8875	0.5583972719522592	B	True	both	True	shared	ci	B*15:01	ci
Dataset1	CCACCTAAGGCGACAT-7	TRB:CASSSASGGNEQFF;TRA:CAASYFGNEKLTF	A02	CD8_TEMRA	control	CASSSASGGNEQFF	CAASYFGNEKLTF	38	1778	0.021372328458942633	CASSSASGGNEQFF+TCRBV07-09+TCRBJ02-01	TCRBV07-09	TCRBJ02-01	B*15:01	ci	feature9526_B_15_01	B	True	B*15:01	ci	7.5402223e-10	-9.122615850119594	h-B_15_01-190	10.0	8.0	0.8875	0.5583972719522592	B	True	both	True	shared	ci	B*15:01	ci
Dataset1	CCACGGATCAAACGGG-7	TRB:CSVEGDRGRSETQYF;TRA:CALETDSWGKLQF	A02	CD4_CTL	control	CSVEGDRGRSETQYF	CALETDSWGKLQF	232	1778	0.13048368953880765	CSVEGDRGRSETQYF+TCRBV29-01+TCRBJ02-05	TCRBV29-01	TCRBJ02-05	DRB1*15:01	cii	feature41633_DRB1_15_01	DRB1	True	DRB1*15:01	cii	8.389768e-11	-10.07625004843386	h-DRB1_15_01-992	4.0	14.0	0.9821428571428572	0.5981813015061097	DRB1	True	both	True	shared	cii	DRB1*15:01	cii
Dataset1	CCACGGATCGGTGTTA-7	TRB:CSVEGDRGRSETQYF;TRA:CALETDSWGKLQF	A02	CD4_CTL	control	CSVEGDRGRSETQYF	CALETDSWGKLQF	232	1778	0.13048368953880765	CSVEGDRGRSETQYF+TCRBV29-01+TCRBJ02-05	TCRBV29-01	TCRBJ02-05	DRB1*15:01	cii	feature41633_DRB1_15_01	DRB1	True	DRB1*15:01	cii	8.389768e-11	-10.07625004843386	h-DRB1_15_01-992	4.0	14.0	0.9821428571428572	0.5981813015061097	DRB1	True	both	True	shared	cii	DRB1*15:01	cii
Dataset1	CCATGTCCACAACTGT-7	TRB:CASSSGLQETQYF;TRA:CATDSRGGADGLTF	C09	CD4_Naive	supercentenarian	CASSSGLQETQYF	CATDSRGGADGLTF	1	2000	0.0005	CASSSGLQETQYF+TCRBV27-01+TCRBJ02-05	TCRBV27-01	TCRBJ02-05	B*44:03	ci	feature16424_B_44_03	B	True											False	left_only	False	2024 only	ci	B*44:03	ci
Dataset1	CCATTCGCAGCTCGAC-7	TRB:CSVEGDRGRSETQYF;TRA:CALETDSWGKLQF	A02	CD8_TEMRA	control	CSVEGDRGRSETQYF	CALETDSWGKLQF	232	1778	0.13048368953880765	CSVEGDRGRSETQYF+TCRBV29-01+TCRBJ02-05	TCRBV29-01	TCRBJ02-05	DRB1*15:01	cii	feature41633_DRB1_15_01	DRB1	True	DRB1*15:01	cii	8.389768e-11	-10.07625004843386	h-DRB1_15_01-992	4.0	14.0	0.9821428571428572	0.5981813015061097	DRB1	True	both	True	shared	cii	DRB1*15:01	cii
Dataset1	CCCTCCTGTGACAAAT-7	TRB:CSVEGDRGRSETQYF;TRA:CALETDSWGKLQF	A02	CD4_CTL	control	CSVEGDRGRSETQYF	CALETDSWGKLQF	232	1778	0.13048368953880765	CSVEGDRGRSETQYF+TCRBV29-01+TCRBJ02-05	TCRBV29-01	TCRBJ02-05	DRB1*15:01	cii	feature41633_DRB1_15_01	DRB1	True	DRB1*15:01	cii	8.389768e-11	-10.07625004843386	h-DRB1_15_01-992	4.0	14.0	0.9821428571428572	0.5981813015061097	DRB1	True	both	True	shared	cii	DRB1*15:01	cii
Dataset1	CCGGGATGTCAATGTC-7	TRB:CASSSASGGNEQFF;TRA:CAASYFGNEKLTF	A02	CD8_TEMRA	control	CASSSASGGNEQFF	CAASYFGNEKLTF	38	1778	0.021372328458942633	CASSSASGGNEQFF+TCRBV07-09+TCRBJ02-01	TCRBV07-09	TCRBJ02-01	B*15:01	ci	feature9526_B_15_01	B	True	B*15:01	ci	7.5402223e-10	-9.122615850119594	h-B_15_01-190	10.0	8.0	0.8875	0.5583972719522592	B	True	both	True	shared	ci	B*15:01	ci
Dataset1	CCGTTCATCTGCTTGC-7	TRB:CASSLTVSYEQYF	A07	CD4_Helper	control	CASSLTVSYEQYF		1	2092	0.0004780114722753346	CASSLTVSYEQYF+TCRBV07-02+TCRBJ02-07	TCRBV07-02	TCRBJ02-07	DRB5*01:01	cii	feature43191_DRB5_01_01	DRB5	True	DRB1*15:01	cii	5.3324047e-09	-8.273076897460149	h-DRB1_15_01-992	4.0	14.0	0.9821428571428572	0.5981813015061097	DRB1	True	both	True	shared	cii	DRB5*01:01	cii
Dataset1	CCTACACCAGCAGTTT-7	TRB:CASSATSGSSYNEQFF;TRA:CAVSGGYQKVTF	A07	CD4_Naive	control	CASSATSGSSYNEQFF	CAVSGGYQKVTF	1	2092	0.0004780114722753346	CASSATSGSSYNEQFF+TCRBV11-01+TCRBJ02-01	TCRBV11-01	TCRBJ02-01					False	DQA1*01:03+DQB1*06:01	cii	1.9007794e-10	-9.721068283409132	h-DQA1_01_03_DQB1_06_01-269	2.0	1.0		0.5322534811025859	DQA1	True	right_only	False	2026 only	cii	DQA1*01:03+DQB1*06:01	cii
Dataset1	CCTACACTCAGTGCAT-7	TRB:CSVEGDRGRSETQYF;TRA:CALETDSWGKLQF	A02	CD4_CTL	control	CSVEGDRGRSETQYF	CALETDSWGKLQF	232	1778	0.13048368953880765	CSVEGDRGRSETQYF+TCRBV29-01+TCRBJ02-05	TCRBV29-01	TCRBJ02-05	DRB1*15:01	cii	feature41633_DRB1_15_01	DRB1	True	DRB1*15:01	cii	8.389768e-11	-10.07625004843386	h-DRB1_15_01-992	4.0	14.0	0.9821428571428572	0.5981813015061097	DRB1	True	both	True	shared	cii	DRB1*15:01	cii
Dataset1	CCTCTGACATATGAGA-7	TRB:CSVEGDRGRSETQYF;TRA:CALETDSWGKLQF	A02	CD4_CTL	control	CSVEGDRGRSETQYF	CALETDSWGKLQF	232	1778	0.13048368953880765	CSVEGDRGRSETQYF+TCRBV29-01+TCRBJ02-05	TCRBV29-01	TCRBJ02-05	DRB1*15:01	cii	feature41633_DRB1_15_01	DRB1	True	DRB1*15:01	cii	8.389768e-11	-10.07625004843386	h-DRB1_15_01-992	4.0	14.0	0.9821428571428572	0.5981813015061097	DRB1	True	both	True	shared	cii	DRB1*15:01	cii
Dataset1	CCTCTGATCACTTCAT-7	TRB:CASSPQGFSGNTIYF;TRA:CAVNSGGYQKVTF	A02	CD4_Naive	control	CASSPQGFSGNTIYF	CAVNSGGYQKVTF	1	1778	0.0005624296962879641	CASSPQGFSGNTIYF+TCRBV12-X+TCRBJ01-03	TCRBV12-X	TCRBJ01-03	DQA1*01:02+DQB1*06:02	cii	feature30119_DQA1_01_02+DQB1_06_02	DQA1	True	DQA1*01:02+DQB1*06:02	cii	6.789607e-10	-9.168155363078986	h-DQA1_01_02_DQB1_06_02-7	4.0	13.0	1.0	0.5910770105143506	DQA1	True	both	True	shared	cii	DQA1*01:02+DQB1*06:02	cii
Dataset1	CCTTCGACAATGGATA-7	TRB:CASSHNRGQETQYF;TRA:CVVKGLGSARQLTF	C09	CD4_Helper	supercentenarian	CASSHNRGQETQYF	CVVKGLGSARQLTF	1	2000	0.0005	CASSHNRGQETQYF+TCRBV14-01+TCRBJ02-05	TCRBV14-01	TCRBJ02-05	DRB1*07:01	cii	feature37525_DRB1_07_01	DRB1	True	DRB1*07:01	cii	2.3526425e-09	-8.628444061805325	h-DRB1_07_01-718	11.0	19.0	0.9617224880382776	0.5242966751918158	DRB1	True	both	True	shared	cii	DRB1*07:01	cii
Dataset1	CCTTTCTGTGTCAATC-7	TRB:CSVEGDRGRSETQYF;TRA:CALETDSWGKLQF	A02	CD4_CTL	control	CSVEGDRGRSETQYF	CALETDSWGKLQF	232	1778	0.13048368953880765	CSVEGDRGRSETQYF+TCRBV29-01+TCRBJ02-05	TCRBV29-01	TCRBJ02-05	DRB1*15:01	cii	feature41633_DRB1_15_01	DRB1	True	DRB1*15:01	cii	8.389768e-11	-10.07625004843386	h-DRB1_15_01-992	4.0	14.0	0.9821428571428572	0.5981813015061097	DRB1	True	both	True	shared	cii	DRB1*15:01	cii
Dataset1	CGAACATAGGAATTAC-7	TRB:CSVEGDRGRSETQYF;TRA:CALETDSWGKLQF	A02	CD4_CTL	control	CSVEGDRGRSETQYF	CALETDSWGKLQF	232	1778	0.13048368953880765	CSVEGDRGRSETQYF+TCRBV29-01+TCRBJ02-05	TCRBV29-01	TCRBJ02-05	DRB1*15:01	cii	feature41633_DRB1_15_01	DRB1	True	DRB1*15:01	cii	8.389768e-11	-10.07625004843386	h-DRB1_15_01-992	4.0	14.0	0.9821428571428572	0.5981813015061097	DRB1	True	both	True	shared	cii	DRB1*15:01	cii
Dataset1	CGAATGTAGTCATCCA-7	TRB:CSVEGDRGRSETQYF;TRA:CALETDSWGKLQF	A02	CD4_CTL	control	CSVEGDRGRSETQYF	CALETDSWGKLQF	232	1778	0.13048368953880765	CSVEGDRGRSETQYF+TCRBV29-01+TCRBJ02-05	TCRBV29-01	TCRBJ02-05	DRB1*15:01	cii	feature41633_DRB1_15_01	DRB1	True	DRB1*15:01	cii	8.389768e-11	-10.07625004843386	h-DRB1_15_01-992	4.0	14.0	0.9821428571428572	0.5981813015061097	DRB1	True	both	True	shared	cii	DRB1*15:01	cii
Dataset1	CGACTTCGTTCCAACA-7	TRB:CSVEGDRGRSETQYF;TRA:CALETDSWGKLQF	A02	CD4_CTL	control	CSVEGDRGRSETQYF	CALETDSWGKLQF	232	1778	0.13048368953880765	CSVEGDRGRSETQYF+TCRBV29-01+TCRBJ02-05	TCRBV29-01	TCRBJ02-05	DRB1*15:01	cii	feature41633_DRB1_15_01	DRB1	True	DRB1*15:01	cii	8.389768e-11	-10.07625004843386	h-DRB1_15_01-992	4.0	14.0	0.9821428571428572	0.5981813015061097	DRB1	True	both	True	shared	cii	DRB1*15:01	cii
Dataset1	CGACTTCTCAGTTCGA-7	TRB:CASSPPSGPPYEQYF;TRA:CALSGSGGYNKLIF	A02	CD4_Helper	control	CASSPPSGPPYEQYF	CALSGSGGYNKLIF	1	1778	0.0005624296962879641	CASSPPSGPPYEQYF+TCRBV03-01/03-02+TCRBJ02-07	TCRBV03-01/03-02	TCRBJ02-07					False	DRB5*01:01	cii	2.4905594e-10	-9.603703095857078	h-DRB5_01_01-883	0.0	1.0		0.6655299801079853	DRB5	True	right_only	False	2026 only	cii	DRB5*01:01	cii
Dataset1	CGACTTCTCAGTTCGA-7	TRB:CASSPPSGPPYEQYF;TRA:CALSGSGGYNKLIF	A02	CD4_Helper	control	CASSPPSGPPYEQYF	CALSGSGGYNKLIF	1	1778	0.0005624296962879641	CASSPPSGPPYEQYF+TCRBV07-09+TCRBJ02-07	TCRBV07-09	TCRBJ02-07	B*35:01	ci	feature11611_B_35_01	B	True											False	left_only	False	2024 only	ci	B*35:01	ci
Dataset1	CGATCGGAGCAATCTC-7	TRB:CSVEGDRGRSETQYF;TRA:CALETDSWGKLQF	A02	CD4_CTL	control	CSVEGDRGRSETQYF	CALETDSWGKLQF	232	1778	0.13048368953880765	CSVEGDRGRSETQYF+TCRBV29-01+TCRBJ02-05	TCRBV29-01	TCRBJ02-05	DRB1*15:01	cii	feature41633_DRB1_15_01	DRB1	True	DRB1*15:01	cii	8.389768e-11	-10.07625004843386	h-DRB1_15_01-992	4.0	14.0	0.9821428571428572	0.5981813015061097	DRB1	True	both	True	shared	cii	DRB1*15:01	cii
Dataset1	CGATGGCAGTGGTCCC-7	TRB:CSVEGDRGRSETQYF;TRA:CALETDSWGKLQF	A02	CD4_CTL	control	CSVEGDRGRSETQYF	CALETDSWGKLQF	232	1778	0.13048368953880765	CSVEGDRGRSETQYF+TCRBV29-01+TCRBJ02-05	TCRBV29-01	TCRBJ02-05	DRB1*15:01	cii	feature41633_DRB1_15_01	DRB1	True	DRB1*15:01	cii	8.389768e-11	-10.07625004843386	h-DRB1_15_01-992	4.0	14.0	0.9821428571428572	0.5981813015061097	DRB1	True	both	True	shared	cii	DRB1*15:01	cii
Dataset1	CGCGTTTCAAGCTGGA-7	TRB:CASSSASGGNEQFF	A02	CD8_TEMRA	control	CASSSASGGNEQFF		1	1778	0.0005624296962879641	CASSSASGGNEQFF+TCRBV07-09+TCRBJ02-01	TCRBV07-09	TCRBJ02-01	B*15:01	ci	feature9526_B_15_01	B	True	B*15:01	ci	7.5402223e-10	-9.122615850119594	h-B_15_01-190	10.0	8.0	0.8875	0.5583972719522592	B	True	both	True	shared	ci	B*15:01	ci
Dataset1	CGGACGTTCAACACTG-7	TRB:CSVEGDRGRSETQYF;TRA:CALETDSWGKLQF	A02	CD4_CTL	control	CSVEGDRGRSETQYF	CALETDSWGKLQF	232	1778	0.13048368953880765	CSVEGDRGRSETQYF+TCRBV29-01+TCRBJ02-05	TCRBV29-01	TCRBJ02-05	DRB1*15:01	cii	feature41633_DRB1_15_01	DRB1	True	DRB1*15:01	cii	8.389768e-11	-10.07625004843386	h-DRB1_15_01-992	4.0	14.0	0.9821428571428572	0.5981813015061097	DRB1	True	both	True	shared	cii	DRB1*15:01	cii
Dataset1	CGGAGCTAGATCTGCT-7	TRB:CSVEGDRGRSETQYF;TRA:CALETDSWGKLQF	A02	CD4_CTL	control	CSVEGDRGRSETQYF	CALETDSWGKLQF	232	1778	0.13048368953880765	CSVEGDRGRSETQYF+TCRBV29-01+TCRBJ02-05	TCRBV29-01	TCRBJ02-05	DRB1*15:01	cii	feature41633_DRB1_15_01	DRB1	True	DRB1*15:01	cii	8.389768e-11	-10.07625004843386	h-DRB1_15_01-992	4.0	14.0	0.9821428571428572	0.5981813015061097	DRB1	True	both	True	shared	cii	DRB1*15:01	cii
Dataset1	CGGAGCTGTGTTTGGT-7	TRB:CSVEGDRGRSETQYF;TRA:CALETDSWGKLQF	A02	CD4_CTL	control	CSVEGDRGRSETQYF	CALETDSWGKLQF	232	1778	0.13048368953880765	CSVEGDRGRSETQYF+TCRBV29-01+TCRBJ02-05	TCRBV29-01	TCRBJ02-05	DRB1*15:01	cii	feature41633_DRB1_15_01	DRB1	True	DRB1*15:01	cii	8.389768e-11	-10.07625004843386	h-DRB1_15_01-992	4.0	14.0	0.9821428571428572	0.5981813015061097	DRB1	True	both	True	shared	cii	DRB1*15:01	cii
Dataset1	CGGGTCAAGAGTACCG-7	TRB:CSVEGDRGRSETQYF;TRA:CALETDSWGKLQF	A02	CD4_CTL	control	CSVEGDRGRSETQYF	CALETDSWGKLQF	232	1778	0.13048368953880765	CSVEGDRGRSETQYF+TCRBV29-01+TCRBJ02-05	TCRBV29-01	TCRBJ02-05	DRB1*15:01	cii	feature41633_DRB1_15_01	DRB1	True	DRB1*15:01	cii	8.389768e-11	-10.07625004843386	h-DRB1_15_01-992	4.0	14.0	0.9821428571428572	0.5981813015061097	DRB1	True	both	True	shared	cii	DRB1*15:01	cii
Dataset1	CGGTTAAAGCTGCAAG-7	TRB:CASSSASGGNEQFF;TRA:CAASYFGNEKLTF	A02	CD8_TEMRA	control	CASSSASGGNEQFF	CAASYFGNEKLTF	38	1778	0.021372328458942633	CASSSASGGNEQFF+TCRBV07-09+TCRBJ02-01	TCRBV07-09	TCRBJ02-01	B*15:01	ci	feature9526_B_15_01	B	True	B*15:01	ci	7.5402223e-10	-9.122615850119594	h-B_15_01-190	10.0	8.0	0.8875	0.5583972719522592	B	True	both	True	shared	ci	B*15:01	ci
Dataset1	CGGTTAACACGGACAA-7	TRB:CSVEGDRGRSETQYF;TRA:CALETDSWGKLQF	A02	CD4_CTL	control	CSVEGDRGRSETQYF	CALETDSWGKLQF	232	1778	0.13048368953880765	CSVEGDRGRSETQYF+TCRBV29-01+TCRBJ02-05	TCRBV29-01	TCRBJ02-05	DRB1*15:01	cii	feature41633_DRB1_15_01	DRB1	True	DRB1*15:01	cii	8.389768e-11	-10.07625004843386	h-DRB1_15_01-992	4.0	14.0	0.9821428571428572	0.5981813015061097	DRB1	True	both	True	shared	cii	DRB1*15:01	cii
Dataset1	CGGTTAATCACAACGT-7	TRB:CSVEGDRGRSETQYF;TRA:CALETDSWGKLQF	A02	CD4_CTL	control	CSVEGDRGRSETQYF	CALETDSWGKLQF	232	1778	0.13048368953880765	CSVEGDRGRSETQYF+TCRBV29-01+TCRBJ02-05	TCRBV29-01	TCRBJ02-05	DRB1*15:01	cii	feature41633_DRB1_15_01	DRB1	True	DRB1*15:01	cii	8.389768e-11	-10.07625004843386	h-DRB1_15_01-992	4.0	14.0	0.9821428571428572	0.5981813015061097	DRB1	True	both	True	shared	cii	DRB1*15:01	cii
Dataset1	CGTAGCGCAAGGCTCC-7	TRB:CASSSASGGNEQFF;TRA:CAASYFGNEKLTF	A02	CD8_TEMRA	control	CASSSASGGNEQFF	CAASYFGNEKLTF	38	1778	0.021372328458942633	CASSSASGGNEQFF+TCRBV07-09+TCRBJ02-01	TCRBV07-09	TCRBJ02-01	B*15:01	ci	feature9526_B_15_01	B	True	B*15:01	ci	7.5402223e-10	-9.122615850119594	h-B_15_01-190	10.0	8.0	0.8875	0.5583972719522592	B	True	both	True	shared	ci	B*15:01	ci
Dataset1	CGTCACTCAAGCCGTC-7	TRB:CASSLRSTGNSPLHF;TRA:CVVNDSGGYNKLIF	A07	CD4_Helper	control	CASSLRSTGNSPLHF	CVVNDSGGYNKLIF	1	2092	0.0004780114722753346	CASSLRSTGNSPLHF+TCRBV05-01+TCRBJ01-06	TCRBV05-01	TCRBJ01-06	DPA1*02:02+DPB1*05:01	cii	feature29615_DPA1_02_02+DPB1_05_01	DPA1	True											False	left_only	False	2024 only	cii	DPA1*02:02+DPB1*05:01	cii
Dataset1	CGTCAGGAGCCACTAT-7	TRB:CASSLGGNQPQHF;TRA:CALLYNNARLMF	A07	CD4_Helper	control	CASSLGGNQPQHF	CALLYNNARLMF	1	2092	0.0004780114722753346	CASSLGGNQPQHF+TCRBV11-02+TCRBJ01-05	TCRBV11-02	TCRBJ01-05					False	DRB1*01:01	cii	6.576042e-08	-7.182035421698239	h-DRB1_01_01-298	6.0	4.0	1.0	0.4997158283603296	DRB1	True	right_only	False	2026 only	cii	DRB1*01:01	cii
Dataset1	CGTCAGGAGCCACTAT-7	TRB:CASSLGGNQPQHF;TRA:CALLYNNARLMF	A07	CD4_Helper	control	CASSLGGNQPQHF	CALLYNNARLMF	1	2092	0.0004780114722753346	CASSLGGNQPQHF+TCRBV11-X+TCRBJ01-05	TCRBV11-X	TCRBJ01-05	DRB1*01:01	cii	feature33517_DRB1_01_01	DRB1	True	DRB1*01:01	cii	1.2159275e-07	-6.915092319215102	h-DRB1_01_01-298	6.0	4.0	1.0	0.4997158283603296	DRB1	True	both	True	shared	cii	DRB1*01:01	cii
Dataset1	CGTCAGGCAACTGGCC-7	TRB:CSVEGDRGRSETQYF;TRA:CALETDSWGKLQF	A02	CD4_CTL	control	CSVEGDRGRSETQYF	CALETDSWGKLQF	232	1778	0.13048368953880765	CSVEGDRGRSETQYF+TCRBV29-01+TCRBJ02-05	TCRBV29-01	TCRBJ02-05	DRB1*15:01	cii	feature41633_DRB1_15_01	DRB1	True	DRB1*15:01	cii	8.389768e-11	-10.07625004843386	h-DRB1_15_01-992	4.0	14.0	0.9821428571428572	0.5981813015061097	DRB1	True	both	True	shared	cii	DRB1*15:01	cii
Dataset1	CGTCAGGGTAGAGTGC-7	TRB:CSVEGDRGRSETQYF;TRA:CALETDSWGKLQF	A02	CD4_CTL	control	CSVEGDRGRSETQYF	CALETDSWGKLQF	232	1778	0.13048368953880765	CSVEGDRGRSETQYF+TCRBV29-01+TCRBJ02-05	TCRBV29-01	TCRBJ02-05	DRB1*15:01	cii	feature41633_DRB1_15_01	DRB1	True	DRB1*15:01	cii	8.389768e-11	-10.07625004843386	h-DRB1_15_01-992	4.0	14.0	0.9821428571428572	0.5981813015061097	DRB1	True	both	True	shared	cii	DRB1*15:01	cii
Dataset1	CGTCAGGTCTCTTATG-7	TRB:CSVEGDRGRSETQYF;TRA:CALETDSWGKLQF	A02	CD4_CTL	control	CSVEGDRGRSETQYF	CALETDSWGKLQF	232	1778	0.13048368953880765	CSVEGDRGRSETQYF+TCRBV29-01+TCRBJ02-05	TCRBV29-01	TCRBJ02-05	DRB1*15:01	cii	feature41633_DRB1_15_01	DRB1	True	DRB1*15:01	cii	8.389768e-11	-10.07625004843386	h-DRB1_15_01-992	4.0	14.0	0.9821428571428572	0.5981813015061097	DRB1	True	both	True	shared	cii	DRB1*15:01	cii
Dataset1	CGTCCATCAGCTGCAC-7	TRB:CSVEGDRGRSETQYF;TRA:CALETDSWGKLQF	A02	CD4_CTL	control	CSVEGDRGRSETQYF	CALETDSWGKLQF	232	1778	0.13048368953880765	CSVEGDRGRSETQYF+TCRBV29-01+TCRBJ02-05	TCRBV29-01	TCRBJ02-05	DRB1*15:01	cii	feature41633_DRB1_15_01	DRB1	True	DRB1*15:01	cii	8.389768e-11	-10.07625004843386	h-DRB1_15_01-992	4.0	14.0	0.9821428571428572	0.5981813015061097	DRB1	True	both	True	shared	cii	DRB1*15:01	cii
Dataset1	CGTCTACTCCAGTATG-7	TRB:CSVEGDRGRSETQYF;TRA:CALETDSWGKLQF	A02	CD4_CTL	control	CSVEGDRGRSETQYF	CALETDSWGKLQF	232	1778	0.13048368953880765	CSVEGDRGRSETQYF+TCRBV29-01+TCRBJ02-05	TCRBV29-01	TCRBJ02-05	DRB1*15:01	cii	feature41633_DRB1_15_01	DRB1	True	DRB1*15:01	cii	8.389768e-11	-10.07625004843386	h-DRB1_15_01-992	4.0	14.0	0.9821428571428572	0.5981813015061097	DRB1	True	both	True	shared	cii	DRB1*15:01	cii
Dataset1	CGTGAGCAGTTATCGC-7	TRB:CSVEGDRGRSETQYF;TRA:CALETDSWGKLQF	A02	CD4_CTL	control	CSVEGDRGRSETQYF	CALETDSWGKLQF	232	1778	0.13048368953880765	CSVEGDRGRSETQYF+TCRBV29-01+TCRBJ02-05	TCRBV29-01	TCRBJ02-05	DRB1*15:01	cii	feature41633_DRB1_15_01	DRB1	True	DRB1*15:01	cii	8.389768e-11	-10.07625004843386	h-DRB1_15_01-992	4.0	14.0	0.9821428571428572	0.5981813015061097	DRB1	True	both	True	shared	cii	DRB1*15:01	cii
Dataset1	CGTTAGAAGATCTGAA-7	TRB:CSVEGDRGRSETQYF;TRA:CALETDSWGKLQF	A02	CD4_CTL	control	CSVEGDRGRSETQYF	CALETDSWGKLQF	232	1778	0.13048368953880765	CSVEGDRGRSETQYF+TCRBV29-01+TCRBJ02-05	TCRBV29-01	TCRBJ02-05	DRB1*15:01	cii	feature41633_DRB1_15_01	DRB1	True	DRB1*15:01	cii	8.389768e-11	-10.07625004843386	h-DRB1_15_01-992	4.0	14.0	0.9821428571428572	0.5981813015061097	DRB1	True	both	True	shared	cii	DRB1*15:01	cii
Dataset1	CGTTAGATCCCTCAGT-7	TRB:CATSRGQGGREQYF;TRA:CAVLGFGNVLHC;TRA:CAVRANSGGYQKVTF	C09	CD8_TEMRA	supercentenarian	CATSRGQGGREQYF	CAVRANSGGYQKVTF	4	2000	0.002	CATSRGQGGREQYF+TCRBV15-01+TCRBJ02-07	TCRBV15-01	TCRBJ02-07	B*15:01	ci	feature9526_B_15_01	B	True	B*15:01	ci	6.8277334e-10	-9.165723444963472	h-B_15_01-190	10.0	8.0	0.8875	0.5583972719522592	B	True	both	True	shared	ci	B*15:01	ci
Dataset1	CGTTAGATCTTGCAAG-7	TRB:CASSDTDTQYF;TRA:CAASPGGATNKLIF	A07	CD4_Helper	control	CASSDTDTQYF	CAASPGGATNKLIF	1	2092	0.0004780114722753346	CASSDTDTQYF+TCRBV06-01+TCRBJ02-03	TCRBV06-01	TCRBJ02-03					False	A*31:01	ci	3.4371332e-08	-7.463803637224405	h-A_31_01-92	2.0	1.0		0.5889457232168229	A	True	right_only	False	2026 only	ci	A*31:01	ci
Dataset1	CGTTGGGCAACGCACC-7	TRB:CSVEGDRGRSETQYF;TRA:CALETDSWGKLQF	A02	CD4_CTL	control	CSVEGDRGRSETQYF	CALETDSWGKLQF	232	1778	0.13048368953880765	CSVEGDRGRSETQYF+TCRBV29-01+TCRBJ02-05	TCRBV29-01	TCRBJ02-05	DRB1*15:01	cii	feature41633_DRB1_15_01	DRB1	True	DRB1*15:01	cii	8.389768e-11	-10.07625004843386	h-DRB1_15_01-992	4.0	14.0	0.9821428571428572	0.5981813015061097	DRB1	True	both	True	shared	cii	DRB1*15:01	cii
Dataset1	CGTTGGGCAGTCCTTC-7	TRB:CAIRPGLNSGNTIYF;TRA:CAMIGGKLIF	A07	CD4_Naive	control	CAIRPGLNSGNTIYF	CAMIGGKLIF	1	2092	0.0004780114722753346	CAIRPGLNSGNTIYF+TCRBV10-03+TCRBJ01-03	TCRBV10-03	TCRBJ01-03	DRB5*02:02	cii	feature43549_DRB5_02_02	DRB5	True											False	left_only	False	2024 only	cii	DRB5*02:02	cii
Dataset1	CGTTGGGCATTTCAGG-7	TRB:CSVEGDRGRSETQYF;TRA:CALETDSWGKLQF	A02	CD4_CTL	control	CSVEGDRGRSETQYF	CALETDSWGKLQF	232	1778	0.13048368953880765	CSVEGDRGRSETQYF+TCRBV29-01+TCRBJ02-05	TCRBV29-01	TCRBJ02-05	DRB1*15:01	cii	feature41633_DRB1_15_01	DRB1	True	DRB1*15:01	cii	8.389768e-11	-10.07625004843386	h-DRB1_15_01-992	4.0	14.0	0.9821428571428572	0.5981813015061097	DRB1	True	both	True	shared	cii	DRB1*15:01	cii
Dataset1	CGTTGGGGTGGTCCGT-7	TRB:CASSPGYEQYF;TRA:CVVYYSSASKIIF	A02	CD4_Helper	control	CASSPGYEQYF	CVVYYSSASKIIF	1	1778	0.0005624296962879641	CASSPGYEQYF+TCRBV07-06+TCRBJ02-07	TCRBV07-06	TCRBJ02-07	B*39:01	ci	feature14002_B_39_01	B	True											False	left_only	False	2024 only	ci	B*39:01	ci
Dataset1	CGTTGGGGTGGTCCGT-7	TRB:CASSPGYEQYF;TRA:CVVYYSSASKIIF	A02	CD4_Helper	control	CASSPGYEQYF	CVVYYSSASKIIF	1	1778	0.0005624296962879641	CASSPGYEQYF+TCRBV07-X+TCRBJ02-07	TCRBV07-X	TCRBJ02-07	B*39:01	ci	feature14002_B_39_01	B	True											False	left_only	False	2024 only	ci	B*39:01	ci
Dataset1	CTAACTTGTGTGAAAT-7	TRB:CASSSASGGNEQFF;TRA:CAASYFGNEKLTF	A02	CD8_TEMRA	control	CASSSASGGNEQFF	CAASYFGNEKLTF	38	1778	0.021372328458942633	CASSSASGGNEQFF+TCRBV07-09+TCRBJ02-01	TCRBV07-09	TCRBJ02-01	B*15:01	ci	feature9526_B_15_01	B	True	B*15:01	ci	7.5402223e-10	-9.122615850119594	h-B_15_01-190	10.0	8.0	0.8875	0.5583972719522592	B	True	both	True	shared	ci	B*15:01	ci
Dataset1	CTAACTTTCTAGAGTC-7	TRB:CSVEGDRGRSETQYF;TRA:CALETDSWGKLQF	A02	CD4_CTL	control	CSVEGDRGRSETQYF	CALETDSWGKLQF	232	1778	0.13048368953880765	CSVEGDRGRSETQYF+TCRBV29-01+TCRBJ02-05	TCRBV29-01	TCRBJ02-05	DRB1*15:01	cii	feature41633_DRB1_15_01	DRB1	True	DRB1*15:01	cii	8.389768e-11	-10.07625004843386	h-DRB1_15_01-992	4.0	14.0	0.9821428571428572	0.5981813015061097	DRB1	True	both	True	shared	cii	DRB1*15:01	cii
Dataset1	CTAAGACTCTCGTATT-7	TRB:CSVEGDRGRSETQYF;TRA:CALETDSWGKLQF	A02	CD4_CTL	control	CSVEGDRGRSETQYF	CALETDSWGKLQF	232	1778	0.13048368953880765	CSVEGDRGRSETQYF+TCRBV29-01+TCRBJ02-05	TCRBV29-01	TCRBJ02-05	DRB1*15:01	cii	feature41633_DRB1_15_01	DRB1	True	DRB1*15:01	cii	8.389768e-11	-10.07625004843386	h-DRB1_15_01-992	4.0	14.0	0.9821428571428572	0.5981813015061097	DRB1	True	both	True	shared	cii	DRB1*15:01	cii
Dataset1	CTAATGGGTACGACCC-7	TRB:CASSSASGGNEQFF;TRA:CAASYFGNEKLTF	A02	CD8_TEMRA	control	CASSSASGGNEQFF	CAASYFGNEKLTF	38	1778	0.021372328458942633	CASSSASGGNEQFF+TCRBV07-09+TCRBJ02-01	TCRBV07-09	TCRBJ02-01	B*15:01	ci	feature9526_B_15_01	B	True	B*15:01	ci	7.5402223e-10	-9.122615850119594	h-B_15_01-190	10.0	8.0	0.8875	0.5583972719522592	B	True	both	True	shared	ci	B*15:01	ci
Dataset1	CTAATGGGTATAAACG-7	TRB:CASSQGTRSYEQYF;TRA:CAEESQAGTALIF	A07	CD4_Treg	control	CASSQGTRSYEQYF	CAEESQAGTALIF	1	2092	0.0004780114722753346	CASSQGTRSYEQYF+TCRBV03-01/03-02+TCRBJ02-07	TCRBV03-01/03-02	TCRBJ02-07	DQA1*01:03+DQB1*06:03	cii	feature31466_DQA1_01_03+DQB1_06_03	DQA1	True	DRB1*13:01	cii	8.622365e-09	-8.064373596637468	h-DRB1_13_01-221	2.0	5.0		0.6243250923557829	DRB1	True	both	True	shared	cii	DQA1*01:03+DQB1*06:03	cii
Dataset1	CTAGAGTAGACACGAC-7	TRB:CSVEGDRGRSETQYF;TRA:CALETDSWGKLQF	A02	CD4_CTL	control	CSVEGDRGRSETQYF	CALETDSWGKLQF	232	1778	0.13048368953880765	CSVEGDRGRSETQYF+TCRBV29-01+TCRBJ02-05	TCRBV29-01	TCRBJ02-05	DRB1*15:01	cii	feature41633_DRB1_15_01	DRB1	True	DRB1*15:01	cii	8.389768e-11	-10.07625004843386	h-DRB1_15_01-992	4.0	14.0	0.9821428571428572	0.5981813015061097	DRB1	True	both	True	shared	cii	DRB1*15:01	cii
Dataset1	CTAGAGTCAGGTCTCG-7	TRB:CASGSYNSPLHF	A07	CD4_CTL	control	CASGSYNSPLHF		2	2092	0.0009560229445506692	CASGSYNSPLHF+TCRBV19-01+TCRBJ01-06	TCRBV19-01	TCRBJ01-06					False	DRB5*01:01	cii	4.7939506e-09	-8.319306445533476	h-DRB5_01_01-883	0.0	1.0		0.6655299801079853	DRB5	True	right_only	False	2026 only	cii	DRB5*01:01	cii
Dataset1	CTAGAGTCATCCGCGA-7	TRB:CSVEGDRGRSETQYF;TRA:CALETDSWGKLQF	A02	CD4_CTL	control	CSVEGDRGRSETQYF	CALETDSWGKLQF	232	1778	0.13048368953880765	CSVEGDRGRSETQYF+TCRBV29-01+TCRBJ02-05	TCRBV29-01	TCRBJ02-05	DRB1*15:01	cii	feature41633_DRB1_15_01	DRB1	True	DRB1*15:01	cii	8.389768e-11	-10.07625004843386	h-DRB1_15_01-992	4.0	14.0	0.9821428571428572	0.5981813015061097	DRB1	True	both	True	shared	cii	DRB1*15:01	cii
Dataset1	CTCACACCAGATCTGT-7	TRB:CASRTLSGANVLTF;TRA:CAVVGGANAGKSTF	A02	CD4_Helper	control	CASRTLSGANVLTF	CAVVGGANAGKSTF	1	1778	0.0005624296962879641	CASRTLSGANVLTF+TCRBV19-01+TCRBJ02-06	TCRBV19-01	TCRBJ02-06					False	DQA1*04:01+DQB1*04:02	cii	1.8653776e-09	-8.729233242677058	h-DQA1_04_01_DQB1_04_02-203	1.0	6.0		0.5083830633702756	DQA1	True	right_only	False	2026 only	cii	DQA1*04:01+DQB1*04:02	cii
Dataset1	CTCACACGTTTACTCT-7	TRB:CASSYSGEDTQYF;TRA:CVVRNSGYALNF	A02	CD8_TEMRA	control	CASSYSGEDTQYF	CVVRNSGYALNF	9	1778	0.005061867266591676	CASSYSGEDTQYF+TCRBV06-05+TCRBJ02-03	TCRBV06-05	TCRBJ02-03	B*40:01	ci	feature14970_B_40_01	B	True											False	left_only	False	2024 only	ci	B*40:01	ci
Dataset1	CTCACACTCAACGGCC-7	TRB:CSVEGDRGRSETQYF;TRA:CALETDSWGKLQF	A02	CD4_CTL	control	CSVEGDRGRSETQYF	CALETDSWGKLQF	232	1778	0.13048368953880765	CSVEGDRGRSETQYF+TCRBV29-01+TCRBJ02-05	TCRBV29-01	TCRBJ02-05	DRB1*15:01	cii	feature41633_DRB1_15_01	DRB1	True	DRB1*15:01	cii	8.389768e-11	-10.07625004843386	h-DRB1_15_01-992	4.0	14.0	0.9821428571428572	0.5981813015061097	DRB1	True	both	True	shared	cii	DRB1*15:01	cii
Dataset1	CTCAGAACACACAGAG-7	TRB:CASSLITTTDTQYF;TRA:CARHSGNTPLVF	C09	CD8_TEMRA	supercentenarian	CASSLITTTDTQYF	CARHSGNTPLVF	2	2000	0.001	CASSLITTTDTQYF+TCRBV07-09+TCRBJ02-03	TCRBV07-09	TCRBJ02-03					False	A*24:02	ci	8.621291e-11	-10.064427695637606	h-A_24_02-93	13.0	9.0	0.9829059829059827	0.6315714691673772	A	True	right_only	False	2026 only	ci	A*24:02	ci
Dataset1	CTCAGAAGTAGCGTGA-7	TRB:CSVEGDRGRSETQYF;TRA:CALETDSWGKLQF	A02	CD4_CTL	control	CSVEGDRGRSETQYF	CALETDSWGKLQF	232	1778	0.13048368953880765	CSVEGDRGRSETQYF+TCRBV29-01+TCRBJ02-05	TCRBV29-01	TCRBJ02-05	DRB1*15:01	cii	feature41633_DRB1_15_01	DRB1	True	DRB1*15:01	cii	8.389768e-11	-10.07625004843386	h-DRB1_15_01-992	4.0	14.0	0.9821428571428572	0.5981813015061097	DRB1	True	both	True	shared	cii	DRB1*15:01	cii
Dataset1	CTCCTAGCATACGCTA-7	TRB:CSVEGDRGRSETQYF;TRA:CALETDSWGKLQF	A02	CD4_CTL	control	CSVEGDRGRSETQYF	CALETDSWGKLQF	232	1778	0.13048368953880765	CSVEGDRGRSETQYF+TCRBV29-01+TCRBJ02-05	TCRBV29-01	TCRBJ02-05	DRB1*15:01	cii	feature41633_DRB1_15_01	DRB1	True	DRB1*15:01	cii	8.389768e-11	-10.07625004843386	h-DRB1_15_01-992	4.0	14.0	0.9821428571428572	0.5981813015061097	DRB1	True	both	True	shared	cii	DRB1*15:01	cii
Dataset1	CTCGGAGTCGGAAATA-7	TRB:CASSSASGGNEQFF;TRA:CAASYFGNEKLTF	A02	CD8_TEMRA	control	CASSSASGGNEQFF	CAASYFGNEKLTF	38	1778	0.021372328458942633	CASSSASGGNEQFF+TCRBV07-09+TCRBJ02-01	TCRBV07-09	TCRBJ02-01	B*15:01	ci	feature9526_B_15_01	B	True	B*15:01	ci	7.5402223e-10	-9.122615850119594	h-B_15_01-190	10.0	8.0	0.8875	0.5583972719522592	B	True	both	True	shared	ci	B*15:01	ci
Dataset1	CTGAAACGTTACGGAG-7	TRB:CASSYSGEDTQYF;TRA:CVVRNSGYALNF	A02	CD8_TEMRA	control	CASSYSGEDTQYF	CVVRNSGYALNF	9	1778	0.005061867266591676	CASSYSGEDTQYF+TCRBV06-05+TCRBJ02-03	TCRBV06-05	TCRBJ02-03	B*40:01	ci	feature14970_B_40_01	B	True											False	left_only	False	2024 only	ci	B*40:01	ci
Dataset1	CTGATCCGTGTTCTTT-7	TRB:CSVEGDRGRSETQYF;TRA:CALETDSWGKLQF	A02	CD4_CTL	control	CSVEGDRGRSETQYF	CALETDSWGKLQF	232	1778	0.13048368953880765	CSVEGDRGRSETQYF+TCRBV29-01+TCRBJ02-05	TCRBV29-01	TCRBJ02-05	DRB1*15:01	cii	feature41633_DRB1_15_01	DRB1	True	DRB1*15:01	cii	8.389768e-11	-10.07625004843386	h-DRB1_15_01-992	4.0	14.0	0.9821428571428572	0.5981813015061097	DRB1	True	both	True	shared	cii	DRB1*15:01	cii
Dataset1	CTGCCTATCTCGCATC-7	TRB:CSVEGDRGRSETQYF;TRA:CALETDSWGKLQF	A02	CD4_CTL	control	CSVEGDRGRSETQYF	CALETDSWGKLQF	232	1778	0.13048368953880765	CSVEGDRGRSETQYF+TCRBV29-01+TCRBJ02-05	TCRBV29-01	TCRBJ02-05	DRB1*15:01	cii	feature41633_DRB1_15_01	DRB1	True	DRB1*15:01	cii	8.389768e-11	-10.07625004843386	h-DRB1_15_01-992	4.0	14.0	0.9821428571428572	0.5981813015061097	DRB1	True	both	True	shared	cii	DRB1*15:01	cii
Dataset1	CTGCGGAGTTCCGTCT-7	TRB:CSVEGDRGRSETQYF;TRA:CALETDSWGKLQF	A02	CD4_CTL	control	CSVEGDRGRSETQYF	CALETDSWGKLQF	232	1778	0.13048368953880765	CSVEGDRGRSETQYF+TCRBV29-01+TCRBJ02-05	TCRBV29-01	TCRBJ02-05	DRB1*15:01	cii	feature41633_DRB1_15_01	DRB1	True	DRB1*15:01	cii	8.389768e-11	-10.07625004843386	h-DRB1_15_01-992	4.0	14.0	0.9821428571428572	0.5981813015061097	DRB1	True	both	True	shared	cii	DRB1*15:01	cii
Dataset1	CTGCTGTGTAAGAGAG-7	TRB:CASSLGDFSYEQYF	C09	CD8_TEM	supercentenarian	CASSLGDFSYEQYF		1	2000	0.0005	CASSLGDFSYEQYF+TCRBV05-08+TCRBJ02-07	TCRBV05-08	TCRBJ02-07	DRB3*02:02	cii	feature42584_DRB3_02_02	DRB3	True											False	left_only	False	2024 only	cii	DRB3*02:02	cii
Dataset1	CTTCTCTAGAGTTGGC-7	TRB:CSVEGDRGRSETQYF;TRA:CALETDSWGKLQF	A02	CD4_CTL	control	CSVEGDRGRSETQYF	CALETDSWGKLQF	232	1778	0.13048368953880765	CSVEGDRGRSETQYF+TCRBV29-01+TCRBJ02-05	TCRBV29-01	TCRBJ02-05	DRB1*15:01	cii	feature41633_DRB1_15_01	DRB1	True	DRB1*15:01	cii	8.389768e-11	-10.07625004843386	h-DRB1_15_01-992	4.0	14.0	0.9821428571428572	0.5981813015061097	DRB1	True	both	True	shared	cii	DRB1*15:01	cii
Dataset1	CTTCTCTCATTGGTAC-7	TRB:CSVEGDRGRSETQYF;TRA:CALETDSWGKLQF	A02	CD4_CTL	control	CSVEGDRGRSETQYF	CALETDSWGKLQF	232	1778	0.13048368953880765	CSVEGDRGRSETQYF+TCRBV29-01+TCRBJ02-05	TCRBV29-01	TCRBJ02-05	DRB1*15:01	cii	feature41633_DRB1_15_01	DRB1	True	DRB1*15:01	cii	8.389768e-11	-10.07625004843386	h-DRB1_15_01-992	4.0	14.0	0.9821428571428572	0.5981813015061097	DRB1	True	both	True	shared	cii	DRB1*15:01	cii
Dataset1	CTTGGCTGTACATGTC-7	TRB:CSVEGDRGRSETQYF;TRA:CALETDSWGKLQF	A02	CD4_CTL	control	CSVEGDRGRSETQYF	CALETDSWGKLQF	232	1778	0.13048368953880765	CSVEGDRGRSETQYF+TCRBV29-01+TCRBJ02-05	TCRBV29-01	TCRBJ02-05	DRB1*15:01	cii	feature41633_DRB1_15_01	DRB1	True	DRB1*15:01	cii	8.389768e-11	-10.07625004843386	h-DRB1_15_01-992	4.0	14.0	0.9821428571428572	0.5981813015061097	DRB1	True	both	True	shared	cii	DRB1*15:01	cii
Dataset1	GAACCTACATCGGTTA-7	TRB:CSVEGDRGRSETQYF;TRA:CALETDSWGKLQF	A02	CD4_CTL	control	CSVEGDRGRSETQYF	CALETDSWGKLQF	232	1778	0.13048368953880765	CSVEGDRGRSETQYF+TCRBV29-01+TCRBJ02-05	TCRBV29-01	TCRBJ02-05	DRB1*15:01	cii	feature41633_DRB1_15_01	DRB1	True	DRB1*15:01	cii	8.389768e-11	-10.07625004843386	h-DRB1_15_01-992	4.0	14.0	0.9821428571428572	0.5981813015061097	DRB1	True	both	True	shared	cii	DRB1*15:01	cii
Dataset1	GAAGCAGAGGAGTTTA-7	TRB:CSVEGDRGRSETQYF;TRA:CALETDSWGKLQF	A02	CD4_CTL	control	CSVEGDRGRSETQYF	CALETDSWGKLQF	232	1778	0.13048368953880765	CSVEGDRGRSETQYF+TCRBV29-01+TCRBJ02-05	TCRBV29-01	TCRBJ02-05	DRB1*15:01	cii	feature41633_DRB1_15_01	DRB1	True	DRB1*15:01	cii	8.389768e-11	-10.07625004843386	h-DRB1_15_01-992	4.0	14.0	0.9821428571428572	0.5981813015061097	DRB1	True	both	True	shared	cii	DRB1*15:01	cii
Dataset1	GAAGCAGGTGGTACAG-7	TRB:CSVEGDRGRSETQYF;TRA:CALETDSWGKLQF	A02	CD4_CTL	control	CSVEGDRGRSETQYF	CALETDSWGKLQF	232	1778	0.13048368953880765	CSVEGDRGRSETQYF+TCRBV29-01+TCRBJ02-05	TCRBV29-01	TCRBJ02-05	DRB1*15:01	cii	feature41633_DRB1_15_01	DRB1	True	DRB1*15:01	cii	8.389768e-11	-10.07625004843386	h-DRB1_15_01-992	4.0	14.0	0.9821428571428572	0.5981813015061097	DRB1	True	both	True	shared	cii	DRB1*15:01	cii
Dataset1	GAATGAAAGACCGGAT-7	TRB:CASSSPGQGAYEQYF;TRA:CVVNRNDYKLSF	C09	CD4_Naive	supercentenarian	CASSSPGQGAYEQYF	CVVNRNDYKLSF	1	2000	0.0005	CASSSPGQGAYEQYF+TCRBV06-05+TCRBJ02-07	TCRBV06-05	TCRBJ02-07	DQA1*03:01+DQB1*03:02	cii	feature32278_DQA1_03_01+DQB1_03_02	DQA1	True											False	left_only	False	2024 only	cii	DQA1*03:01+DQB1*03:02	cii
Dataset1	GAATGAACAGTACACT-7	TRB:CSVEGDRGRSETQYF;TRA:CALETDSWGKLQF	A02	CD4_CTL	control	CSVEGDRGRSETQYF	CALETDSWGKLQF	232	1778	0.13048368953880765	CSVEGDRGRSETQYF+TCRBV29-01+TCRBJ02-05	TCRBV29-01	TCRBJ02-05	DRB1*15:01	cii	feature41633_DRB1_15_01	DRB1	True	DRB1*15:01	cii	8.389768e-11	-10.07625004843386	h-DRB1_15_01-992	4.0	14.0	0.9821428571428572	0.5981813015061097	DRB1	True	both	True	shared	cii	DRB1*15:01	cii
Dataset1	GACACGCTCCACGTTC-7	TRB:CSVEGDRGRSETQYF;TRA:CALETDSWGKLQF	A02	CD4_CTL	control	CSVEGDRGRSETQYF	CALETDSWGKLQF	232	1778	0.13048368953880765	CSVEGDRGRSETQYF+TCRBV29-01+TCRBJ02-05	TCRBV29-01	TCRBJ02-05	DRB1*15:01	cii	feature41633_DRB1_15_01	DRB1	True	DRB1*15:01	cii	8.389768e-11	-10.07625004843386	h-DRB1_15_01-992	4.0	14.0	0.9821428571428572	0.5981813015061097	DRB1	True	both	True	shared	cii	DRB1*15:01	cii
Dataset1	GACAGAGCATGCTGGC-7	TRB:CASSSASGGNEQFF;TRA:CAASYFGNEKLTF	A02	CD8_TEMRA	control	CASSSASGGNEQFF	CAASYFGNEKLTF	38	1778	0.021372328458942633	CASSSASGGNEQFF+TCRBV07-09+TCRBJ02-01	TCRBV07-09	TCRBJ02-01	B*15:01	ci	feature9526_B_15_01	B	True	B*15:01	ci	7.5402223e-10	-9.122615850119594	h-B_15_01-190	10.0	8.0	0.8875	0.5583972719522592	B	True	both	True	shared	ci	B*15:01	ci
Dataset1	GACCAATTCGCACTCT-7	TRB:CSVEGDRGRSETQYF;TRA:CALETDSWGKLQF	A02	CD4_CTL	control	CSVEGDRGRSETQYF	CALETDSWGKLQF	232	1778	0.13048368953880765	CSVEGDRGRSETQYF+TCRBV29-01+TCRBJ02-05	TCRBV29-01	TCRBJ02-05	DRB1*15:01	cii	feature41633_DRB1_15_01	DRB1	True	DRB1*15:01	cii	8.389768e-11	-10.07625004843386	h-DRB1_15_01-992	4.0	14.0	0.9821428571428572	0.5981813015061097	DRB1	True	both	True	shared	cii	DRB1*15:01	cii
Dataset1	GACGGCTAGTACTTGC-7	TRB:CSVEGDRGRSETQYF;TRA:CALETDSWGKLQF	A02	CD4_CTL	control	CSVEGDRGRSETQYF	CALETDSWGKLQF	232	1778	0.13048368953880765	CSVEGDRGRSETQYF+TCRBV29-01+TCRBJ02-05	TCRBV29-01	TCRBJ02-05	DRB1*15:01	cii	feature41633_DRB1_15_01	DRB1	True	DRB1*15:01	cii	8.389768e-11	-10.07625004843386	h-DRB1_15_01-992	4.0	14.0	0.9821428571428572	0.5981813015061097	DRB1	True	both	True	shared	cii	DRB1*15:01	cii
Dataset1	GACGTGCCAAGCCGTC-7	TRB:CASSLGTSGETQYF;TRA:CVVSPRKGNNNDMRF	A07	CD4_Helper	control	CASSLGTSGETQYF	CVVSPRKGNNNDMRF	1	2092	0.0004780114722753346	CASSLGTSGETQYF+TCRBV05-01+TCRBJ02-05	TCRBV05-01	TCRBJ02-05	DRB1*04:01	cii	feature34899_DRB1_04_01	DRB1	True	DRB1*04:01	cii	4.82448e-08	-7.316549489636398	h-DRB1_04_01-510	3.0	10.0	1.0	0.5666382495026998	DRB1	True	both	True	shared	cii	DRB1*04:01	cii
Dataset1	GACGTGCTCGCGTAGC-7	TRB:CSVEGDRGRSETQYF;TRA:CALETDSWGKLQF	A02	CD4_CTL	control	CSVEGDRGRSETQYF	CALETDSWGKLQF	232	1778	0.13048368953880765	CSVEGDRGRSETQYF+TCRBV29-01+TCRBJ02-05	TCRBV29-01	TCRBJ02-05	DRB1*15:01	cii	feature41633_DRB1_15_01	DRB1	True	DRB1*15:01	cii	8.389768e-11	-10.07625004843386	h-DRB1_15_01-992	4.0	14.0	0.9821428571428572	0.5981813015061097	DRB1	True	both	True	shared	cii	DRB1*15:01	cii
Dataset1	GACTAACTCATTGCGA-7	TRB:CSVEGDRGRSETQYF;TRA:CALETDSWGKLQF	A02	CD4_CTL	control	CSVEGDRGRSETQYF	CALETDSWGKLQF	232	1778	0.13048368953880765	CSVEGDRGRSETQYF+TCRBV29-01+TCRBJ02-05	TCRBV29-01	TCRBJ02-05	DRB1*15:01	cii	feature41633_DRB1_15_01	DRB1	True	DRB1*15:01	cii	8.389768e-11	-10.07625004843386	h-DRB1_15_01-992	4.0	14.0	0.9821428571428572	0.5981813015061097	DRB1	True	both	True	shared	cii	DRB1*15:01	cii
Dataset1	GACTGCGAGATATGGT-7	TRB:CASSYSGEDTQYF;TRA:CVVRNSGYALNF	A02	CD8_TEMRA	control	CASSYSGEDTQYF	CVVRNSGYALNF	9	1778	0.005061867266591676	CASSYSGEDTQYF+TCRBV06-05+TCRBJ02-03	TCRBV06-05	TCRBJ02-03	B*40:01	ci	feature14970_B_40_01	B	True											False	left_only	False	2024 only	ci	B*40:01	ci
Dataset1	GACTGCGGTACGAAAT-7	TRB:CASSIENTGELFF;TRA:CAVDTGRRALTF	A02	CD4_Helper	control	CASSIENTGELFF	CAVDTGRRALTF	1	1778	0.0005624296962879641	CASSIENTGELFF+TCRBV07-09+TCRBJ02-02	TCRBV07-09	TCRBJ02-02					False	DQA1*01:03+DQB1*06:03	cii	7.829532e-10	-9.106264196548942	h-DQA1_01_03_DQB1_06_03-508	1.0	2.0		0.522023302074453	DQA1	True	right_only	False	2026 only	cii	DQA1*01:03+DQB1*06:03	cii
Dataset1	GAGCAGATCGGTCTAA-7	TRB:CSVEGDRGRSETQYF;TRA:CALETDSWGKLQF	A02	CD4_CTL	control	CSVEGDRGRSETQYF	CALETDSWGKLQF	232	1778	0.13048368953880765	CSVEGDRGRSETQYF+TCRBV29-01+TCRBJ02-05	TCRBV29-01	TCRBJ02-05	DRB1*15:01	cii	feature41633_DRB1_15_01	DRB1	True	DRB1*15:01	cii	8.389768e-11	-10.07625004843386	h-DRB1_15_01-992	4.0	14.0	0.9821428571428572	0.5981813015061097	DRB1	True	both	True	shared	cii	DRB1*15:01	cii
Dataset1	GAGTCCGTCAAGCCTA-7	TRB:CSVEGDRGRSETQYF;TRA:CALETDSWGKLQF	A02	CD4_CTL	control	CSVEGDRGRSETQYF	CALETDSWGKLQF	232	1778	0.13048368953880765	CSVEGDRGRSETQYF+TCRBV29-01+TCRBJ02-05	TCRBV29-01	TCRBJ02-05	DRB1*15:01	cii	feature41633_DRB1_15_01	DRB1	True	DRB1*15:01	cii	8.389768e-11	-10.07625004843386	h-DRB1_15_01-992	4.0	14.0	0.9821428571428572	0.5981813015061097	DRB1	True	both	True	shared	cii	DRB1*15:01	cii
Dataset1	GATCGATGTAGCGTCC-7	TRB:CSVEGDRGRSETQYF;TRA:CALETDSWGKLQF	A02	CD4_CTL	control	CSVEGDRGRSETQYF	CALETDSWGKLQF	232	1778	0.13048368953880765	CSVEGDRGRSETQYF+TCRBV29-01+TCRBJ02-05	TCRBV29-01	TCRBJ02-05	DRB1*15:01	cii	feature41633_DRB1_15_01	DRB1	True	DRB1*15:01	cii	8.389768e-11	-10.07625004843386	h-DRB1_15_01-992	4.0	14.0	0.9821428571428572	0.5981813015061097	DRB1	True	both	True	shared	cii	DRB1*15:01	cii
Dataset1	GATCGCGAGATCCCGC-7	TRB:CSVEGDRGRSETQYF;TRA:CALETDSWGKLQF	A02	CD4_CTL	control	CSVEGDRGRSETQYF	CALETDSWGKLQF	232	1778	0.13048368953880765	CSVEGDRGRSETQYF+TCRBV29-01+TCRBJ02-05	TCRBV29-01	TCRBJ02-05	DRB1*15:01	cii	feature41633_DRB1_15_01	DRB1	True	DRB1*15:01	cii	8.389768e-11	-10.07625004843386	h-DRB1_15_01-992	4.0	14.0	0.9821428571428572	0.5981813015061097	DRB1	True	both	True	shared	cii	DRB1*15:01	cii
Dataset1	GATCGCGCATACCATG-7	TRB:CSVEGDRGRSETQYF;TRA:CALETDSWGKLQF	A02	CD4_CTL	control	CSVEGDRGRSETQYF	CALETDSWGKLQF	232	1778	0.13048368953880765	CSVEGDRGRSETQYF+TCRBV29-01+TCRBJ02-05	TCRBV29-01	TCRBJ02-05	DRB1*15:01	cii	feature41633_DRB1_15_01	DRB1	True	DRB1*15:01	cii	8.389768e-11	-10.07625004843386	h-DRB1_15_01-992	4.0	14.0	0.9821428571428572	0.5981813015061097	DRB1	True	both	True	shared	cii	DRB1*15:01	cii
Dataset1	GATGAGGAGGGTTCCC-7	TRB:CSVEGDRGRSETQYF;TRA:CALETDSWGKLQF	A02	CD4_CTL	control	CSVEGDRGRSETQYF	CALETDSWGKLQF	232	1778	0.13048368953880765	CSVEGDRGRSETQYF+TCRBV29-01+TCRBJ02-05	TCRBV29-01	TCRBJ02-05	DRB1*15:01	cii	feature41633_DRB1_15_01	DRB1	True	DRB1*15:01	cii	8.389768e-11	-10.07625004843386	h-DRB1_15_01-992	4.0	14.0	0.9821428571428572	0.5981813015061097	DRB1	True	both	True	shared	cii	DRB1*15:01	cii
Dataset1	GATGAGGCATGCCCGA-7	TRB:CSVEGDRGRSETQYF;TRA:CALETDSWGKLQF	A02	CD4_CTL	control	CSVEGDRGRSETQYF	CALETDSWGKLQF	232	1778	0.13048368953880765	CSVEGDRGRSETQYF+TCRBV29-01+TCRBJ02-05	TCRBV29-01	TCRBJ02-05	DRB1*15:01	cii	feature41633_DRB1_15_01	DRB1	True	DRB1*15:01	cii	8.389768e-11	-10.07625004843386	h-DRB1_15_01-992	4.0	14.0	0.9821428571428572	0.5981813015061097	DRB1	True	both	True	shared	cii	DRB1*15:01	cii
Dataset1	GATGAGGTCGTTACGA-7	TRB:CSVEGDRGRSETQYF;TRA:CALETDSWGKLQF	A02	CD4_CTL	control	CSVEGDRGRSETQYF	CALETDSWGKLQF	232	1778	0.13048368953880765	CSVEGDRGRSETQYF+TCRBV29-01+TCRBJ02-05	TCRBV29-01	TCRBJ02-05	DRB1*15:01	cii	feature41633_DRB1_15_01	DRB1	True	DRB1*15:01	cii	8.389768e-11	-10.07625004843386	h-DRB1_15_01-992	4.0	14.0	0.9821428571428572	0.5981813015061097	DRB1	True	both	True	shared	cii	DRB1*15:01	cii
Dataset1	GATGCTAAGTTACCCA-7	TRB:CSVEGDRGRSETQYF;TRA:CALETDSWGKLQF	A02	CD4_CTL	control	CSVEGDRGRSETQYF	CALETDSWGKLQF	232	1778	0.13048368953880765	CSVEGDRGRSETQYF+TCRBV29-01+TCRBJ02-05	TCRBV29-01	TCRBJ02-05	DRB1*15:01	cii	feature41633_DRB1_15_01	DRB1	True	DRB1*15:01	cii	8.389768e-11	-10.07625004843386	h-DRB1_15_01-992	4.0	14.0	0.9821428571428572	0.5981813015061097	DRB1	True	both	True	shared	cii	DRB1*15:01	cii
Dataset1	GATTCAGCACGAGGTA-7	TRB:CASSSASGGNEQFF;TRA:CAASYFGNEKLTF	A02	CD8_TEMRA	control	CASSSASGGNEQFF	CAASYFGNEKLTF	38	1778	0.021372328458942633	CASSSASGGNEQFF+TCRBV07-09+TCRBJ02-01	TCRBV07-09	TCRBJ02-01	B*15:01	ci	feature9526_B_15_01	B	True	B*15:01	ci	7.5402223e-10	-9.122615850119594	h-B_15_01-190	10.0	8.0	0.8875	0.5583972719522592	B	True	both	True	shared	ci	B*15:01	ci
Dataset1	GATTCAGTCAGGCGAA-7	TRB:CSVEGDRGRSETQYF;TRA:CALETDSWGKLQF	A02	CD4_CTL	control	CSVEGDRGRSETQYF	CALETDSWGKLQF	232	1778	0.13048368953880765	CSVEGDRGRSETQYF+TCRBV29-01+TCRBJ02-05	TCRBV29-01	TCRBJ02-05	DRB1*15:01	cii	feature41633_DRB1_15_01	DRB1	True	DRB1*15:01	cii	8.389768e-11	-10.07625004843386	h-DRB1_15_01-992	4.0	14.0	0.9821428571428572	0.5981813015061097	DRB1	True	both	True	shared	cii	DRB1*15:01	cii
Dataset1	GCAAACTAGGATGCGT-7	TRB:CSVEGDRGRSETQYF;TRA:CALETDSWGKLQF	A02	CD4_CTL	control	CSVEGDRGRSETQYF	CALETDSWGKLQF	232	1778	0.13048368953880765	CSVEGDRGRSETQYF+TCRBV29-01+TCRBJ02-05	TCRBV29-01	TCRBJ02-05	DRB1*15:01	cii	feature41633_DRB1_15_01	DRB1	True	DRB1*15:01	cii	8.389768e-11	-10.07625004843386	h-DRB1_15_01-992	4.0	14.0	0.9821428571428572	0.5981813015061097	DRB1	True	both	True	shared	cii	DRB1*15:01	cii
Dataset1	GCACTCTAGCCTCGTG-7	TRB:CASSPRGTTDTQYF;TRA:CAMREGALSGNTPLVF	A02	CD8_TEM	control	CASSPRGTTDTQYF	CAMREGALSGNTPLVF	1	1778	0.0005624296962879641	CASSPRGTTDTQYF+TCRBV05-04+TCRBJ02-03	TCRBV05-04	TCRBJ02-03	DRB1*10:01	cii	feature39343_DRB1_10_01	DRB1	True	DRB1*10:01	cii	1.0875434e-09	-8.963553402875004	h-DRB1_10_01-393	0.0	0.0		0.4717249218527991	DRB1	True	both	True	shared	cii	DRB1*10:01	cii
Dataset1	GCACTCTAGTAACCCT-7	TRB:CASSSASGGNEQFF;TRA:CAASYFGNEKLTF	A02	CD8_TEMRA	control	CASSSASGGNEQFF	CAASYFGNEKLTF	38	1778	0.021372328458942633	CASSSASGGNEQFF+TCRBV07-09+TCRBJ02-01	TCRBV07-09	TCRBJ02-01	B*15:01	ci	feature9526_B_15_01	B	True	B*15:01	ci	7.5402223e-10	-9.122615850119594	h-B_15_01-190	10.0	8.0	0.8875	0.5583972719522592	B	True	both	True	shared	ci	B*15:01	ci
Dataset1	GCACTCTGTCGCGTGT-7	TRB:CASSLYGDTQYF;TRA:CAAPSGTYKYIF	A07	CD8_TEM	control	CASSLYGDTQYF	CAAPSGTYKYIF	1	2092	0.0004780114722753346	CASSLYGDTQYF+TCRBV05-06+TCRBJ02-03	TCRBV05-06	TCRBJ02-03					False	DRB1*07:01	cii	2.3829976e-09	-8.622876395046445	h-DRB1_07_01-718	11.0	19.0	0.9617224880382776	0.5242966751918158	DRB1	True	right_only	False	2026 only	cii	DRB1*07:01	cii
Dataset1	GCACTCTTCCCTCTTT-7	TRB:CSVEGDRGRSETQYF;TRA:CALETDSWGKLQF	A02	CD4_CTL	control	CSVEGDRGRSETQYF	CALETDSWGKLQF	232	1778	0.13048368953880765	CSVEGDRGRSETQYF+TCRBV29-01+TCRBJ02-05	TCRBV29-01	TCRBJ02-05	DRB1*15:01	cii	feature41633_DRB1_15_01	DRB1	True	DRB1*15:01	cii	8.389768e-11	-10.07625004843386	h-DRB1_15_01-992	4.0	14.0	0.9821428571428572	0.5981813015061097	DRB1	True	both	True	shared	cii	DRB1*15:01	cii
Dataset1	GCAGCCACATCGGTTA-7	TRB:CSVEGDRGRSETQYF;TRA:CALETDSWGKLQF	A02	CD4_CTL	control	CSVEGDRGRSETQYF	CALETDSWGKLQF	232	1778	0.13048368953880765	CSVEGDRGRSETQYF+TCRBV29-01+TCRBJ02-05	TCRBV29-01	TCRBJ02-05	DRB1*15:01	cii	feature41633_DRB1_15_01	DRB1	True	DRB1*15:01	cii	8.389768e-11	-10.07625004843386	h-DRB1_15_01-992	4.0	14.0	0.9821428571428572	0.5981813015061097	DRB1	True	both	True	shared	cii	DRB1*15:01	cii
Dataset1	GCAGTTACATTGGCGC-7	TRB:CSVEGDRGRSETQYF;TRA:CALETDSWGKLQF	A02	CD4_CTL	control	CSVEGDRGRSETQYF	CALETDSWGKLQF	232	1778	0.13048368953880765	CSVEGDRGRSETQYF+TCRBV29-01+TCRBJ02-05	TCRBV29-01	TCRBJ02-05	DRB1*15:01	cii	feature41633_DRB1_15_01	DRB1	True	DRB1*15:01	cii	8.389768e-11	-10.07625004843386	h-DRB1_15_01-992	4.0	14.0	0.9821428571428572	0.5981813015061097	DRB1	True	both	True	shared	cii	DRB1*15:01	cii
Dataset1	GCATACAAGGGTCGAT-7	TRB:CASGSYNSPLHF;TRA:CAHPRTSGGSYIPTF	A07	CD4_CTL	control	CASGSYNSPLHF	CAHPRTSGGSYIPTF	9	2092	0.004302103250478011	CASGSYNSPLHF+TCRBV19-01+TCRBJ01-06	TCRBV19-01	TCRBJ01-06					False	DRB5*01:01	cii	4.7939506e-09	-8.319306445533476	h-DRB5_01_01-883	0.0	1.0		0.6655299801079853	DRB5	True	right_only	False	2026 only	cii	DRB5*01:01	cii
Dataset1	GCATGATAGCTAGTTC-7	TRB:CSVEGDRGRSETQYF;TRA:CALETDSWGKLQF	A02	CD4_CTL	control	CSVEGDRGRSETQYF	CALETDSWGKLQF	232	1778	0.13048368953880765	CSVEGDRGRSETQYF+TCRBV29-01+TCRBJ02-05	TCRBV29-01	TCRBJ02-05	DRB1*15:01	cii	feature41633_DRB1_15_01	DRB1	True	DRB1*15:01	cii	8.389768e-11	-10.07625004843386	h-DRB1_15_01-992	4.0	14.0	0.9821428571428572	0.5981813015061097	DRB1	True	both	True	shared	cii	DRB1*15:01	cii
Dataset1	GCATGCGGTCCGAAGA-7	TRB:CASSYRDRGFYEQYF;TRA:CAVNSGGSNYKLTF	A07	CD4_Naive	control	CASSYRDRGFYEQYF	CAVNSGGSNYKLTF	1	2092	0.0004780114722753346	CASSYRDRGFYEQYF+TCRBV06-06+TCRBJ02-07	TCRBV06-06	TCRBJ02-07	DRB1*04:02	cii	feature35565_DRB1_04_02	DRB1	True											False	left_only	False	2024 only	cii	DRB1*04:02	cii
Dataset1	GCATGTACAGTCACTA-7	TRB:CSVEGDRGRSETQYF;TRA:CALETDSWGKLQF	A02	CD8_TEMRA	control	CSVEGDRGRSETQYF	CALETDSWGKLQF	232	1778	0.13048368953880765	CSVEGDRGRSETQYF+TCRBV29-01+TCRBJ02-05	TCRBV29-01	TCRBJ02-05	DRB1*15:01	cii	feature41633_DRB1_15_01	DRB1	True	DRB1*15:01	cii	8.389768e-11	-10.07625004843386	h-DRB1_15_01-992	4.0	14.0	0.9821428571428572	0.5981813015061097	DRB1	True	both	True	shared	cii	DRB1*15:01	cii
Dataset1	GCCAAATCAGCTGGCT-7	TRB:CATSRGQGGREQYF;TRA:CAVLGFGNVLHC;TRA:CAVRANSGGYQKVTF	C09	CD8_TEM	supercentenarian	CATSRGQGGREQYF	CAVRANSGGYQKVTF	4	2000	0.002	CATSRGQGGREQYF+TCRBV15-01+TCRBJ02-07	TCRBV15-01	TCRBJ02-07	B*15:01	ci	feature9526_B_15_01	B	True	B*15:01	ci	6.8277334e-10	-9.165723444963472	h-B_15_01-190	10.0	8.0	0.8875	0.5583972719522592	B	True	both	True	shared	ci	B*15:01	ci
Dataset1	GCCAAATGTGCGGTAA-7	TRB:CASSYSGEDTQYF;TRA:CVVRNSGYALNF	A02	CD8_TEMRA	control	CASSYSGEDTQYF	CVVRNSGYALNF	9	1778	0.005061867266591676	CASSYSGEDTQYF+TCRBV06-05+TCRBJ02-03	TCRBV06-05	TCRBJ02-03	B*40:01	ci	feature14970_B_40_01	B	True											False	left_only	False	2024 only	ci	B*40:01	ci
Dataset1	GCCTCTAGTGAGGCTA-7	TRB:CSVEGDRGRSETQYF;TRA:CALETDSWGKLQF	A02	CD4_CTL	control	CSVEGDRGRSETQYF	CALETDSWGKLQF	232	1778	0.13048368953880765	CSVEGDRGRSETQYF+TCRBV29-01+TCRBJ02-05	TCRBV29-01	TCRBJ02-05	DRB1*15:01	cii	feature41633_DRB1_15_01	DRB1	True	DRB1*15:01	cii	8.389768e-11	-10.07625004843386	h-DRB1_15_01-992	4.0	14.0	0.9821428571428572	0.5981813015061097	DRB1	True	both	True	shared	cii	DRB1*15:01	cii
Dataset1	GCGAGAAAGCCTTGAT-7	TRB:CASSYSGEDTQYF	A02	CD8_TEMRA	control	CASSYSGEDTQYF		3	1778	0.001687289088863892	CASSYSGEDTQYF+TCRBV06-05+TCRBJ02-03	TCRBV06-05	TCRBJ02-03	B*40:01	ci	feature14970_B_40_01	B	True											False	left_only	False	2024 only	ci	B*40:01	ci
Dataset1	GCGAGAACACAGGCCT-7	TRB:CSVEGDRGRSETQYF;TRA:CALETDSWGKLQF	A02	CD4_CTL	control	CSVEGDRGRSETQYF	CALETDSWGKLQF	232	1778	0.13048368953880765	CSVEGDRGRSETQYF+TCRBV29-01+TCRBJ02-05	TCRBV29-01	TCRBJ02-05	DRB1*15:01	cii	feature41633_DRB1_15_01	DRB1	True	DRB1*15:01	cii	8.389768e-11	-10.07625004843386	h-DRB1_15_01-992	4.0	14.0	0.9821428571428572	0.5981813015061097	DRB1	True	both	True	shared	cii	DRB1*15:01	cii
Dataset1	GCGAGAAGTCAGATAA-7	TRB:CSVEGDRGRSETQYF;TRA:CALETDSWGKLQF	A02	CD4_CTL	control	CSVEGDRGRSETQYF	CALETDSWGKLQF	232	1778	0.13048368953880765	CSVEGDRGRSETQYF+TCRBV29-01+TCRBJ02-05	TCRBV29-01	TCRBJ02-05	DRB1*15:01	cii	feature41633_DRB1_15_01	DRB1	True	DRB1*15:01	cii	8.389768e-11	-10.07625004843386	h-DRB1_15_01-992	4.0	14.0	0.9821428571428572	0.5981813015061097	DRB1	True	both	True	shared	cii	DRB1*15:01	cii
Dataset1	GCGCAACCAATAGCAA-7	TRB:CSVEGDRGRSETQYF;TRA:CALETDSWGKLQF	A02	CD4_CTL	control	CSVEGDRGRSETQYF	CALETDSWGKLQF	232	1778	0.13048368953880765	CSVEGDRGRSETQYF+TCRBV29-01+TCRBJ02-05	TCRBV29-01	TCRBJ02-05	DRB1*15:01	cii	feature41633_DRB1_15_01	DRB1	True	DRB1*15:01	cii	8.389768e-11	-10.07625004843386	h-DRB1_15_01-992	4.0	14.0	0.9821428571428572	0.5981813015061097	DRB1	True	both	True	shared	cii	DRB1*15:01	cii
Dataset1	GCGCAGTGTAAGAGGA-7	TRB:CASSSASGGNEQFF;TRA:CAASYFGNEKLTF	A02	CD8_TEMRA	control	CASSSASGGNEQFF	CAASYFGNEKLTF	38	1778	0.021372328458942633	CASSSASGGNEQFF+TCRBV07-09+TCRBJ02-01	TCRBV07-09	TCRBJ02-01	B*15:01	ci	feature9526_B_15_01	B	True	B*15:01	ci	7.5402223e-10	-9.122615850119594	h-B_15_01-190	10.0	8.0	0.8875	0.5583972719522592	B	True	both	True	shared	ci	B*15:01	ci
Dataset1	GCGCCAACAACGATGG-7	TRB:CSVEGDRGRSETQYF;TRA:CALETDSWGKLQF	A02	CD4_CTL	control	CSVEGDRGRSETQYF	CALETDSWGKLQF	232	1778	0.13048368953880765	CSVEGDRGRSETQYF+TCRBV29-01+TCRBJ02-05	TCRBV29-01	TCRBJ02-05	DRB1*15:01	cii	feature41633_DRB1_15_01	DRB1	True	DRB1*15:01	cii	8.389768e-11	-10.07625004843386	h-DRB1_15_01-992	4.0	14.0	0.9821428571428572	0.5981813015061097	DRB1	True	both	True	shared	cii	DRB1*15:01	cii
Dataset1	GCGCGATAGGAGTTGC-7	TRB:CSVEGDRGRSETQYF;TRA:CALETDSWGKLQF	A02	CD4_CTL	control	CSVEGDRGRSETQYF	CALETDSWGKLQF	232	1778	0.13048368953880765	CSVEGDRGRSETQYF+TCRBV29-01+TCRBJ02-05	TCRBV29-01	TCRBJ02-05	DRB1*15:01	cii	feature41633_DRB1_15_01	DRB1	True	DRB1*15:01	cii	8.389768e-11	-10.07625004843386	h-DRB1_15_01-992	4.0	14.0	0.9821428571428572	0.5981813015061097	DRB1	True	both	True	shared	cii	DRB1*15:01	cii
Dataset1	GCGCGATTCGCCCTTA-7	TRB:CASSERGSTDTQYF;TRA:CATAPYNNNDMRF	A07	CD4_Helper	control	CASSERGSTDTQYF	CATAPYNNNDMRF	1	2092	0.0004780114722753346	CASSERGSTDTQYF+TCRBV07-09+TCRBJ02-03	TCRBV07-09	TCRBJ02-03	DPA1*01:03+DPB1*03:01	cii	feature23572_DPA1_01_03+DPB1_03_01	DPA1	True	DPA1*01:03+DPB1*104:01	cii	1.7788627e-09	-8.749857571271612	h-DPA1_01_03_DPB1_104_01-411	6.0	9.0	1.0	0.5248650184711565	DPA1	True	both	True	shared	cii	DPA1*01:03+DPB1*03:01	cii
Dataset1	GCTCCTATCACTTCAT-7	TRB:CSVEGDRGRSETQYF;TRA:CALETDSWGKLQF	A02	CD4_CTL	control	CSVEGDRGRSETQYF	CALETDSWGKLQF	232	1778	0.13048368953880765	CSVEGDRGRSETQYF+TCRBV29-01+TCRBJ02-05	TCRBV29-01	TCRBJ02-05	DRB1*15:01	cii	feature41633_DRB1_15_01	DRB1	True	DRB1*15:01	cii	8.389768e-11	-10.07625004843386	h-DRB1_15_01-992	4.0	14.0	0.9821428571428572	0.5981813015061097	DRB1	True	both	True	shared	cii	DRB1*15:01	cii
Dataset1	GCTCTGTAGTGGTAGC-7	TRB:CASSRGQQETQYF;TRA:CAYRSLYRGTASKLTF	A07	CD4_Naive	control	CASSRGQQETQYF	CAYRSLYRGTASKLTF	1	2092	0.0004780114722753346	CASSRGQQETQYF+TCRBV06-02+TCRBJ02-05	TCRBV06-02	TCRBJ02-05	DRB1*04:04	cii	feature36338_DRB1_04_04	DRB1	True											False	left_only	False	2024 only	cii	DRB1*04:04	cii
Dataset1	GCTTCCACACTATCTT-7	TRB:CASSSASGGNEQFF;TRA:CAASYFGNEKLTF	A02	CD8_TEMRA	control	CASSSASGGNEQFF	CAASYFGNEKLTF	38	1778	0.021372328458942633	CASSSASGGNEQFF+TCRBV07-09+TCRBJ02-01	TCRBV07-09	TCRBJ02-01	B*15:01	ci	feature9526_B_15_01	B	True	B*15:01	ci	7.5402223e-10	-9.122615850119594	h-B_15_01-190	10.0	8.0	0.8875	0.5583972719522592	B	True	both	True	shared	ci	B*15:01	ci
Dataset1	GCTTGAACAAGCCATT-7	TRB:CASGSYNSPLHF;TRA:CAHPRTSGGSYIPTF	A07	CD4_CTL	control	CASGSYNSPLHF	CAHPRTSGGSYIPTF	9	2092	0.004302103250478011	CASGSYNSPLHF+TCRBV19-01+TCRBJ01-06	TCRBV19-01	TCRBJ01-06					False	DRB5*01:01	cii	4.7939506e-09	-8.319306445533476	h-DRB5_01_01-883	0.0	1.0		0.6655299801079853	DRB5	True	right_only	False	2026 only	cii	DRB5*01:01	cii
Dataset1	GGAAAGCAGGCTAGGT-7	TRB:CSVEGDRGRSETQYF;TRA:CALETDSWGKLQF	A02	CD4_CTL	control	CSVEGDRGRSETQYF	CALETDSWGKLQF	232	1778	0.13048368953880765	CSVEGDRGRSETQYF+TCRBV29-01+TCRBJ02-05	TCRBV29-01	TCRBJ02-05	DRB1*15:01	cii	feature41633_DRB1_15_01	DRB1	True	DRB1*15:01	cii	8.389768e-11	-10.07625004843386	h-DRB1_15_01-992	4.0	14.0	0.9821428571428572	0.5981813015061097	DRB1	True	both	True	shared	cii	DRB1*15:01	cii
Dataset1	GGACAAGCAGTATCTG-7	TRB:CSVEGDRGRSETQYF;TRA:CALETDSWGKLQF	A02	CD4_CTL	control	CSVEGDRGRSETQYF	CALETDSWGKLQF	232	1778	0.13048368953880765	CSVEGDRGRSETQYF+TCRBV29-01+TCRBJ02-05	TCRBV29-01	TCRBJ02-05	DRB1*15:01	cii	feature41633_DRB1_15_01	DRB1	True	DRB1*15:01	cii	8.389768e-11	-10.07625004843386	h-DRB1_15_01-992	4.0	14.0	0.9821428571428572	0.5981813015061097	DRB1	True	both	True	shared	cii	DRB1*15:01	cii
Dataset1	GGACAGAAGCACGCCT-7	TRB:CSVEGDRGRSETQYF;TRA:CALETDSWGKLQF	A02	CD4_CTL	control	CSVEGDRGRSETQYF	CALETDSWGKLQF	232	1778	0.13048368953880765	CSVEGDRGRSETQYF+TCRBV29-01+TCRBJ02-05	TCRBV29-01	TCRBJ02-05	DRB1*15:01	cii	feature41633_DRB1_15_01	DRB1	True	DRB1*15:01	cii	8.389768e-11	-10.07625004843386	h-DRB1_15_01-992	4.0	14.0	0.9821428571428572	0.5981813015061097	DRB1	True	both	True	shared	cii	DRB1*15:01	cii
Dataset1	GGACGTCTCCTCAACC-7	TRB:CSVEGDRGRSETQYF;TRA:CALETDSWGKLQF	A02	CD4_CTL	control	CSVEGDRGRSETQYF	CALETDSWGKLQF	232	1778	0.13048368953880765	CSVEGDRGRSETQYF+TCRBV29-01+TCRBJ02-05	TCRBV29-01	TCRBJ02-05	DRB1*15:01	cii	feature41633_DRB1_15_01	DRB1	True	DRB1*15:01	cii	8.389768e-11	-10.07625004843386	h-DRB1_15_01-992	4.0	14.0	0.9821428571428572	0.5981813015061097	DRB1	True	both	True	shared	cii	DRB1*15:01	cii
Dataset1	GGATTACGTCTTTCAT-7	TRB:CSVEGDRGRSETQYF;TRA:CALETDSWGKLQF	A02	CD4_CTL	control	CSVEGDRGRSETQYF	CALETDSWGKLQF	232	1778	0.13048368953880765	CSVEGDRGRSETQYF+TCRBV29-01+TCRBJ02-05	TCRBV29-01	TCRBJ02-05	DRB1*15:01	cii	feature41633_DRB1_15_01	DRB1	True	DRB1*15:01	cii	8.389768e-11	-10.07625004843386	h-DRB1_15_01-992	4.0	14.0	0.9821428571428572	0.5981813015061097	DRB1	True	both	True	shared	cii	DRB1*15:01	cii
Dataset1	GGATTACTCGTTTAGG-7	TRB:CSVEGDRGRSETQYF;TRA:CALETDSWGKLQF	A02	CD4_CTL	control	CSVEGDRGRSETQYF	CALETDSWGKLQF	232	1778	0.13048368953880765	CSVEGDRGRSETQYF+TCRBV29-01+TCRBJ02-05	TCRBV29-01	TCRBJ02-05	DRB1*15:01	cii	feature41633_DRB1_15_01	DRB1	True	DRB1*15:01	cii	8.389768e-11	-10.07625004843386	h-DRB1_15_01-992	4.0	14.0	0.9821428571428572	0.5981813015061097	DRB1	True	both	True	shared	cii	DRB1*15:01	cii
Dataset1	GGCAATTTCGCTAGCG-7	TRB:CSVEGDRGRSETQYF;TRA:CALETDSWGKLQF	A02	CD4_CTL	control	CSVEGDRGRSETQYF	CALETDSWGKLQF	232	1778	0.13048368953880765	CSVEGDRGRSETQYF+TCRBV29-01+TCRBJ02-05	TCRBV29-01	TCRBJ02-05	DRB1*15:01	cii	feature41633_DRB1_15_01	DRB1	True	DRB1*15:01	cii	8.389768e-11	-10.07625004843386	h-DRB1_15_01-992	4.0	14.0	0.9821428571428572	0.5981813015061097	DRB1	True	both	True	shared	cii	DRB1*15:01	cii
Dataset1	GGGAGATCAAAGCGGT-7	TRB:CATSRGTVSYEQYF;TRA:CATDFFGNEKLTF;TRA:CIVRGHSGYALNF	C09	CD8_TEMRA	supercentenarian	CATSRGTVSYEQYF	CIVRGHSGYALNF	3	2000	0.0015	CATSRGTVSYEQYF+TCRBV15-01+TCRBJ02-07	TCRBV15-01	TCRBJ02-07	B*40:01	ci	feature14970_B_40_01	B	True	B*40:01	ci	6.2084884e-09	-8.207014125982827	h-B_40_01-223	5.0	11.0	1.0	0.6098323387325945	B	True	both	True	shared	ci	B*40:01	ci
Dataset1	GGGCACTGTATTAGCC-7	TRB:CSVEGDRGRSETQYF;TRA:CALETDSWGKLQF	A02	Monocyte	control	CSVEGDRGRSETQYF	CALETDSWGKLQF	232	1778	0.13048368953880765	CSVEGDRGRSETQYF+TCRBV29-01+TCRBJ02-05	TCRBV29-01	TCRBJ02-05	DRB1*15:01	cii	feature41633_DRB1_15_01	DRB1	True	DRB1*15:01	cii	8.389768e-11	-10.07625004843386	h-DRB1_15_01-992	4.0	14.0	0.9821428571428572	0.5981813015061097	DRB1	True	both	True	shared	cii	DRB1*15:01	cii
Dataset1	GGGCATCAGGCTAGAC-7	TRB:CSVEGDRGRSETQYF;TRA:CALETDSWGKLQF	A02	CD4_CTL	control	CSVEGDRGRSETQYF	CALETDSWGKLQF	232	1778	0.13048368953880765	CSVEGDRGRSETQYF+TCRBV29-01+TCRBJ02-05	TCRBV29-01	TCRBJ02-05	DRB1*15:01	cii	feature41633_DRB1_15_01	DRB1	True	DRB1*15:01	cii	8.389768e-11	-10.07625004843386	h-DRB1_15_01-992	4.0	14.0	0.9821428571428572	0.5981813015061097	DRB1	True	both	True	shared	cii	DRB1*15:01	cii
Dataset1	GGGCATCCACCAGCAC-7	TRB:CASGSYNSPLHF;TRA:CAHPRTSGGSYIPTF	A07	CD4_CTL	control	CASGSYNSPLHF	CAHPRTSGGSYIPTF	9	2092	0.004302103250478011	CASGSYNSPLHF+TCRBV19-01+TCRBJ01-06	TCRBV19-01	TCRBJ01-06					False	DRB5*01:01	cii	4.7939506e-09	-8.319306445533476	h-DRB5_01_01-883	0.0	1.0		0.6655299801079853	DRB5	True	right_only	False	2026 only	cii	DRB5*01:01	cii
Dataset1	GGGCATCCATGCCCGA-7	TRB:CSVEGDRGRSETQYF;TRA:CALETDSWGKLQF	A02	CD4_CTL	control	CSVEGDRGRSETQYF	CALETDSWGKLQF	232	1778	0.13048368953880765	CSVEGDRGRSETQYF+TCRBV29-01+TCRBJ02-05	TCRBV29-01	TCRBJ02-05	DRB1*15:01	cii	feature41633_DRB1_15_01	DRB1	True	DRB1*15:01	cii	8.389768e-11	-10.07625004843386	h-DRB1_15_01-992	4.0	14.0	0.9821428571428572	0.5981813015061097	DRB1	True	both	True	shared	cii	DRB1*15:01	cii
Dataset1	GGTATTGTCAGGCGAA-7	TRB:CSVEGDRGRSETQYF;TRA:CALETDSWGKLQF	A02	CD4_CTL	control	CSVEGDRGRSETQYF	CALETDSWGKLQF	232	1778	0.13048368953880765	CSVEGDRGRSETQYF+TCRBV29-01+TCRBJ02-05	TCRBV29-01	TCRBJ02-05	DRB1*15:01	cii	feature41633_DRB1_15_01	DRB1	True	DRB1*15:01	cii	8.389768e-11	-10.07625004843386	h-DRB1_15_01-992	4.0	14.0	0.9821428571428572	0.5981813015061097	DRB1	True	both	True	shared	cii	DRB1*15:01	cii
Dataset1	GGTATTGTCCATTCTA-7	TRB:CASSSASGGNEQFF;TRA:CAASYFGNEKLTF	A02	CD8_TEMRA	control	CASSSASGGNEQFF	CAASYFGNEKLTF	38	1778	0.021372328458942633	CASSSASGGNEQFF+TCRBV07-09+TCRBJ02-01	TCRBV07-09	TCRBJ02-01	B*15:01	ci	feature9526_B_15_01	B	True	B*15:01	ci	7.5402223e-10	-9.122615850119594	h-B_15_01-190	10.0	8.0	0.8875	0.5583972719522592	B	True	both	True	shared	ci	B*15:01	ci
Dataset1	GGTGCGTAGTACGCCC-7	TRB:CSVEGDRGRSETQYF;TRA:CALETDSWGKLQF	A02	CD4_CTL	control	CSVEGDRGRSETQYF	CALETDSWGKLQF	232	1778	0.13048368953880765	CSVEGDRGRSETQYF+TCRBV29-01+TCRBJ02-05	TCRBV29-01	TCRBJ02-05	DRB1*15:01	cii	feature41633_DRB1_15_01	DRB1	True	DRB1*15:01	cii	8.389768e-11	-10.07625004843386	h-DRB1_15_01-992	4.0	14.0	0.9821428571428572	0.5981813015061097	DRB1	True	both	True	shared	cii	DRB1*15:01	cii
Dataset1	GGTGTTATCAGCTGGC-7	TRB:CASSLGGNQPQHF	C09	CD4_Treg	supercentenarian	CASSLGGNQPQHF		1	2000	0.0005	CASSLGGNQPQHF+TCRBV11-02+TCRBJ01-05	TCRBV11-02	TCRBJ01-05					False	DRB1*01:01	cii	6.576042e-08	-7.182035421698239	h-DRB1_01_01-298	6.0	4.0	1.0	0.4997158283603296	DRB1	True	right_only	False	2026 only	cii	DRB1*01:01	cii
Dataset1	GGTGTTATCAGCTGGC-7	TRB:CASSLGGNQPQHF	C09	CD4_Treg	supercentenarian	CASSLGGNQPQHF		1	2000	0.0005	CASSLGGNQPQHF+TCRBV11-X+TCRBJ01-05	TCRBV11-X	TCRBJ01-05	DRB1*01:01	cii	feature33517_DRB1_01_01	DRB1	True	DRB1*01:01	cii	1.2159275e-07	-6.915092319215102	h-DRB1_01_01-298	6.0	4.0	1.0	0.4997158283603296	DRB1	True	both	True	shared	cii	DRB1*01:01	cii
Dataset1	GTAACGTTCATGGTCA-7	TRB:CSVEGDRGRSETQYF;TRA:CALETDSWGKLQF	A02	CD4_CTL	control	CSVEGDRGRSETQYF	CALETDSWGKLQF	232	1778	0.13048368953880765	CSVEGDRGRSETQYF+TCRBV29-01+TCRBJ02-05	TCRBV29-01	TCRBJ02-05	DRB1*15:01	cii	feature41633_DRB1_15_01	DRB1	True	DRB1*15:01	cii	8.389768e-11	-10.07625004843386	h-DRB1_15_01-992	4.0	14.0	0.9821428571428572	0.5981813015061097	DRB1	True	both	True	shared	cii	DRB1*15:01	cii
Dataset1	GTAACGTTCTAACTTC-7	TRB:CSVEGDRGRSETQYF;TRA:CALETDSWGKLQF	A02	CD4_CTL	control	CSVEGDRGRSETQYF	CALETDSWGKLQF	232	1778	0.13048368953880765	CSVEGDRGRSETQYF+TCRBV29-01+TCRBJ02-05	TCRBV29-01	TCRBJ02-05	DRB1*15:01	cii	feature41633_DRB1_15_01	DRB1	True	DRB1*15:01	cii	8.389768e-11	-10.07625004843386	h-DRB1_15_01-992	4.0	14.0	0.9821428571428572	0.5981813015061097	DRB1	True	both	True	shared	cii	DRB1*15:01	cii
Dataset1	GTACGTAAGCTTTGGT-7	TRB:CSVEGDRGRSETQYF;TRA:CALETDSWGKLQF	A02	CD4_CTL	control	CSVEGDRGRSETQYF	CALETDSWGKLQF	232	1778	0.13048368953880765	CSVEGDRGRSETQYF+TCRBV29-01+TCRBJ02-05	TCRBV29-01	TCRBJ02-05	DRB1*15:01	cii	feature41633_DRB1_15_01	DRB1	True	DRB1*15:01	cii	8.389768e-11	-10.07625004843386	h-DRB1_15_01-992	4.0	14.0	0.9821428571428572	0.5981813015061097	DRB1	True	both	True	shared	cii	DRB1*15:01	cii
Dataset1	GTACTCCGTTACGACT-7	TRB:CASSYSGEDTQYF;TRA:CVVRNSGYALNF	A02	CD8_TEMRA	control	CASSYSGEDTQYF	CVVRNSGYALNF	9	1778	0.005061867266591676	CASSYSGEDTQYF+TCRBV06-05+TCRBJ02-03	TCRBV06-05	TCRBJ02-03	B*40:01	ci	feature14970_B_40_01	B	True											False	left_only	False	2024 only	ci	B*40:01	ci
Dataset1	GTATCTTAGCGTGTCC-7	TRB:CSVEGDRGRSETQYF;TRA:CALETDSWGKLQF	A02	CD4_CTL	control	CSVEGDRGRSETQYF	CALETDSWGKLQF	232	1778	0.13048368953880765	CSVEGDRGRSETQYF+TCRBV29-01+TCRBJ02-05	TCRBV29-01	TCRBJ02-05	DRB1*15:01	cii	feature41633_DRB1_15_01	DRB1	True	DRB1*15:01	cii	8.389768e-11	-10.07625004843386	h-DRB1_15_01-992	4.0	14.0	0.9821428571428572	0.5981813015061097	DRB1	True	both	True	shared	cii	DRB1*15:01	cii
Dataset1	GTATTCTTCTTGGGTA-7	TRB:CASSSASGGNEQFF;TRA:CAASYFGNEKLTF	A02	CD8_TEMRA	control	CASSSASGGNEQFF	CAASYFGNEKLTF	38	1778	0.021372328458942633	CASSSASGGNEQFF+TCRBV07-09+TCRBJ02-01	TCRBV07-09	TCRBJ02-01	B*15:01	ci	feature9526_B_15_01	B	True	B*15:01	ci	7.5402223e-10	-9.122615850119594	h-B_15_01-190	10.0	8.0	0.8875	0.5583972719522592	B	True	both	True	shared	ci	B*15:01	ci
Dataset1	GTCAAGTCAAGCTGAG-7	TRB:CSVEGDRGRSETQYF;TRA:CALETDSWGKLQF	A02	CD4_CTL	control	CSVEGDRGRSETQYF	CALETDSWGKLQF	232	1778	0.13048368953880765	CSVEGDRGRSETQYF+TCRBV29-01+TCRBJ02-05	TCRBV29-01	TCRBJ02-05	DRB1*15:01	cii	feature41633_DRB1_15_01	DRB1	True	DRB1*15:01	cii	8.389768e-11	-10.07625004843386	h-DRB1_15_01-992	4.0	14.0	0.9821428571428572	0.5981813015061097	DRB1	True	both	True	shared	cii	DRB1*15:01	cii
Dataset1	GTCACAACAAGCGCTC-7	TRB:CSVEGDRGRSETQYF;TRA:CALETDSWGKLQF	A02	CD4_CTL	control	CSVEGDRGRSETQYF	CALETDSWGKLQF	232	1778	0.13048368953880765	CSVEGDRGRSETQYF+TCRBV29-01+TCRBJ02-05	TCRBV29-01	TCRBJ02-05	DRB1*15:01	cii	feature41633_DRB1_15_01	DRB1	True	DRB1*15:01	cii	8.389768e-11	-10.07625004843386	h-DRB1_15_01-992	4.0	14.0	0.9821428571428572	0.5981813015061097	DRB1	True	both	True	shared	cii	DRB1*15:01	cii
Dataset1	GTCACGGTCGTAGATC-7	TRB:CSVEGDRGRSETQYF;TRA:CALETDSWGKLQF	A02	CD4_CTL	control	CSVEGDRGRSETQYF	CALETDSWGKLQF	232	1778	0.13048368953880765	CSVEGDRGRSETQYF+TCRBV29-01+TCRBJ02-05	TCRBV29-01	TCRBJ02-05	DRB1*15:01	cii	feature41633_DRB1_15_01	DRB1	True	DRB1*15:01	cii	8.389768e-11	-10.07625004843386	h-DRB1_15_01-992	4.0	14.0	0.9821428571428572	0.5981813015061097	DRB1	True	both	True	shared	cii	DRB1*15:01	cii
Dataset1	GTCATTTGTGTGAAAT-7	TRB:CASSPDRGGNQPQHF	A07	CD4_Helper	control	CASSPDRGGNQPQHF		1	2092	0.0004780114722753346	CASSPDRGGNQPQHF+TCRBV18-01+TCRBJ01-05	TCRBV18-01	TCRBJ01-05	DRB1*13:01	cii	feature40546_DRB1_13_01	DRB1	True	DRB1*13:01	cii	2.0448534e-08	-7.689337822059195	h-DRB1_13_01-221	2.0	5.0		0.6243250923557829	DRB1	True	both	True	shared	cii	DRB1*13:01	cii
Dataset1	GTCGTAATCGCAAACT-7	TRB:CASSSASGGNEQFF;TRA:CAASYFGNEKLTF	A02	CD8_TEMRA	control	CASSSASGGNEQFF	CAASYFGNEKLTF	38	1778	0.021372328458942633	CASSSASGGNEQFF+TCRBV07-09+TCRBJ02-01	TCRBV07-09	TCRBJ02-01	B*15:01	ci	feature9526_B_15_01	B	True	B*15:01	ci	7.5402223e-10	-9.122615850119594	h-B_15_01-190	10.0	8.0	0.8875	0.5583972719522592	B	True	both	True	shared	ci	B*15:01	ci
Dataset1	GTCTTCGGTGGCGAAT-7	TRB:CSVEGDRGRSETQYF;TRA:CALETDSWGKLQF	A02	CD4_CTL	control	CSVEGDRGRSETQYF	CALETDSWGKLQF	232	1778	0.13048368953880765	CSVEGDRGRSETQYF+TCRBV29-01+TCRBJ02-05	TCRBV29-01	TCRBJ02-05	DRB1*15:01	cii	feature41633_DRB1_15_01	DRB1	True	DRB1*15:01	cii	8.389768e-11	-10.07625004843386	h-DRB1_15_01-992	4.0	14.0	0.9821428571428572	0.5981813015061097	DRB1	True	both	True	shared	cii	DRB1*15:01	cii
Dataset1	GTGAAGGGTCCTCTTG-7	TRB:CSVEGDRGRSETQYF;TRA:CALETDSWGKLQF	A02	CD4_CTL	control	CSVEGDRGRSETQYF	CALETDSWGKLQF	232	1778	0.13048368953880765	CSVEGDRGRSETQYF+TCRBV29-01+TCRBJ02-05	TCRBV29-01	TCRBJ02-05	DRB1*15:01	cii	feature41633_DRB1_15_01	DRB1	True	DRB1*15:01	cii	8.389768e-11	-10.07625004843386	h-DRB1_15_01-992	4.0	14.0	0.9821428571428572	0.5981813015061097	DRB1	True	both	True	shared	cii	DRB1*15:01	cii
Dataset1	GTGAAGGTCGTTACAG-7	TRB:CSVEGDRGRSETQYF;TRA:CALETDSWGKLQF	A02	CD4_CTL	control	CSVEGDRGRSETQYF	CALETDSWGKLQF	232	1778	0.13048368953880765	CSVEGDRGRSETQYF+TCRBV29-01+TCRBJ02-05	TCRBV29-01	TCRBJ02-05	DRB1*15:01	cii	feature41633_DRB1_15_01	DRB1	True	DRB1*15:01	cii	8.389768e-11	-10.07625004843386	h-DRB1_15_01-992	4.0	14.0	0.9821428571428572	0.5981813015061097	DRB1	True	both	True	shared	cii	DRB1*15:01	cii
Dataset1	GTGCGGTGTCCATCCT-7	TRB:CASSSASGGNEQFF;TRA:CAASYFGNEKLTF	A02	CD8_TEMRA	control	CASSSASGGNEQFF	CAASYFGNEKLTF	38	1778	0.021372328458942633	CASSSASGGNEQFF+TCRBV07-09+TCRBJ02-01	TCRBV07-09	TCRBJ02-01	B*15:01	ci	feature9526_B_15_01	B	True	B*15:01	ci	7.5402223e-10	-9.122615850119594	h-B_15_01-190	10.0	8.0	0.8875	0.5583972719522592	B	True	both	True	shared	ci	B*15:01	ci
Dataset1	GTGCGGTTCTTCATGT-7	TRB:CSVEGDRGRSETQYF;TRA:CALETDSWGKLQF	A02	CD4_CTL	control	CSVEGDRGRSETQYF	CALETDSWGKLQF	232	1778	0.13048368953880765	CSVEGDRGRSETQYF+TCRBV29-01+TCRBJ02-05	TCRBV29-01	TCRBJ02-05	DRB1*15:01	cii	feature41633_DRB1_15_01	DRB1	True	DRB1*15:01	cii	8.389768e-11	-10.07625004843386	h-DRB1_15_01-992	4.0	14.0	0.9821428571428572	0.5981813015061097	DRB1	True	both	True	shared	cii	DRB1*15:01	cii
Dataset1	GTGTGCGAGGTGCACA-7	TRB:CSVEGDRGRSETQYF;TRA:CALETDSWGKLQF	A02	CD4_CTL	control	CSVEGDRGRSETQYF	CALETDSWGKLQF	232	1778	0.13048368953880765	CSVEGDRGRSETQYF+TCRBV29-01+TCRBJ02-05	TCRBV29-01	TCRBJ02-05	DRB1*15:01	cii	feature41633_DRB1_15_01	DRB1	True	DRB1*15:01	cii	8.389768e-11	-10.07625004843386	h-DRB1_15_01-992	4.0	14.0	0.9821428571428572	0.5981813015061097	DRB1	True	both	True	shared	cii	DRB1*15:01	cii
Dataset1	GTTAAGCCACGACGAA-7	TRB:CSVEGDRGRSETQYF;TRA:CALETDSWGKLQF	A02	CD4_CTL	control	CSVEGDRGRSETQYF	CALETDSWGKLQF	232	1778	0.13048368953880765	CSVEGDRGRSETQYF+TCRBV29-01+TCRBJ02-05	TCRBV29-01	TCRBJ02-05	DRB1*15:01	cii	feature41633_DRB1_15_01	DRB1	True	DRB1*15:01	cii	8.389768e-11	-10.07625004843386	h-DRB1_15_01-992	4.0	14.0	0.9821428571428572	0.5981813015061097	DRB1	True	both	True	shared	cii	DRB1*15:01	cii
Dataset1	GTTAAGCCAGTAAGCG-7	TRB:CASSYSGEDTQYF	A02	CD8_TEMRA	control	CASSYSGEDTQYF		3	1778	0.001687289088863892	CASSYSGEDTQYF+TCRBV06-05+TCRBJ02-03	TCRBV06-05	TCRBJ02-03	B*40:01	ci	feature14970_B_40_01	B	True											False	left_only	False	2024 only	ci	B*40:01	ci
Dataset1	GTTCTCGTCTATCCCG-7	TRB:CSVEGDRGRSETQYF;TRA:CALETDSWGKLQF	A02	CD4_CTL	control	CSVEGDRGRSETQYF	CALETDSWGKLQF	232	1778	0.13048368953880765	CSVEGDRGRSETQYF+TCRBV29-01+TCRBJ02-05	TCRBV29-01	TCRBJ02-05	DRB1*15:01	cii	feature41633_DRB1_15_01	DRB1	True	DRB1*15:01	cii	8.389768e-11	-10.07625004843386	h-DRB1_15_01-992	4.0	14.0	0.9821428571428572	0.5981813015061097	DRB1	True	both	True	shared	cii	DRB1*15:01	cii
Dataset1	TAAGCGTAGTGACTCT-7	TRB:CASSVGGKETQYF;TRA:CAVISYGGSQGNLIF	A07	CD4_Treg	control	CASSVGGKETQYF	CAVISYGGSQGNLIF	1	2092	0.0004780114722753346	CASSVGGKETQYF+TCRBV03-01/03-02+TCRBJ02-05	TCRBV03-01/03-02	TCRBJ02-05					False	DRB1*07:01	cii	7.145279e-10	-9.145980808749176	h-DRB1_07_01-718	11.0	19.0	0.9617224880382776	0.5242966751918158	DRB1	True	right_only	False	2026 only	cii	DRB1*07:01	cii
Dataset1	TACACGACATCGGACC-7	TRB:CSVEGDRGRSETQYF;TRA:CALETDSWGKLQF	A02	CD4_CTL	control	CSVEGDRGRSETQYF	CALETDSWGKLQF	232	1778	0.13048368953880765	CSVEGDRGRSETQYF+TCRBV29-01+TCRBJ02-05	TCRBV29-01	TCRBJ02-05	DRB1*15:01	cii	feature41633_DRB1_15_01	DRB1	True	DRB1*15:01	cii	8.389768e-11	-10.07625004843386	h-DRB1_15_01-992	4.0	14.0	0.9821428571428572	0.5981813015061097	DRB1	True	both	True	shared	cii	DRB1*15:01	cii
Dataset1	TACGGATTCTGCAAGT-7	TRB:CSVEGDRGRSETQYF;TRA:CALETDSWGKLQF	A02	CD4_CTL	control	CSVEGDRGRSETQYF	CALETDSWGKLQF	232	1778	0.13048368953880765	CSVEGDRGRSETQYF+TCRBV29-01+TCRBJ02-05	TCRBV29-01	TCRBJ02-05	DRB1*15:01	cii	feature41633_DRB1_15_01	DRB1	True	DRB1*15:01	cii	8.389768e-11	-10.07625004843386	h-DRB1_15_01-992	4.0	14.0	0.9821428571428572	0.5981813015061097	DRB1	True	both	True	shared	cii	DRB1*15:01	cii
Dataset1	TACGGTAAGAAACCGC-7	TRB:CSVEGDRGRSETQYF;TRA:CALETDSWGKLQF	A02	CD4_CTL	control	CSVEGDRGRSETQYF	CALETDSWGKLQF	232	1778	0.13048368953880765	CSVEGDRGRSETQYF+TCRBV29-01+TCRBJ02-05	TCRBV29-01	TCRBJ02-05	DRB1*15:01	cii	feature41633_DRB1_15_01	DRB1	True	DRB1*15:01	cii	8.389768e-11	-10.07625004843386	h-DRB1_15_01-992	4.0	14.0	0.9821428571428572	0.5981813015061097	DRB1	True	both	True	shared	cii	DRB1*15:01	cii
Dataset1	TACTCATAGTCAATAG-7	TRB:CSVEGDRGRSETQYF;TRA:CALETDSWGKLQF	A02	CD4_CTL	control	CSVEGDRGRSETQYF	CALETDSWGKLQF	232	1778	0.13048368953880765	CSVEGDRGRSETQYF+TCRBV29-01+TCRBJ02-05	TCRBV29-01	TCRBJ02-05	DRB1*15:01	cii	feature41633_DRB1_15_01	DRB1	True	DRB1*15:01	cii	8.389768e-11	-10.07625004843386	h-DRB1_15_01-992	4.0	14.0	0.9821428571428572	0.5981813015061097	DRB1	True	both	True	shared	cii	DRB1*15:01	cii
Dataset1	TACTCATTCACGATGT-7	TRB:CASSSASGGNEQFF;TRA:CAASYFGNEKLTF	A02	CD8_TEMRA	control	CASSSASGGNEQFF	CAASYFGNEKLTF	38	1778	0.021372328458942633	CASSSASGGNEQFF+TCRBV07-09+TCRBJ02-01	TCRBV07-09	TCRBJ02-01	B*15:01	ci	feature9526_B_15_01	B	True	B*15:01	ci	7.5402223e-10	-9.122615850119594	h-B_15_01-190	10.0	8.0	0.8875	0.5583972719522592	B	True	both	True	shared	ci	B*15:01	ci
Dataset1	TACTTACAGAGGGCTT-7	TRB:CSVEGDRGRSETQYF;TRA:CALETDSWGKLQF	A02	CD4_CTL	control	CSVEGDRGRSETQYF	CALETDSWGKLQF	232	1778	0.13048368953880765	CSVEGDRGRSETQYF+TCRBV29-01+TCRBJ02-05	TCRBV29-01	TCRBJ02-05	DRB1*15:01	cii	feature41633_DRB1_15_01	DRB1	True	DRB1*15:01	cii	8.389768e-11	-10.07625004843386	h-DRB1_15_01-992	4.0	14.0	0.9821428571428572	0.5981813015061097	DRB1	True	both	True	shared	cii	DRB1*15:01	cii
Dataset1	TACTTACGTAAACACA-7	TRB:CSVEGDRGRSETQYF;TRA:CALETDSWGKLQF	A02	CD4_CTL	control	CSVEGDRGRSETQYF	CALETDSWGKLQF	232	1778	0.13048368953880765	CSVEGDRGRSETQYF+TCRBV29-01+TCRBJ02-05	TCRBV29-01	TCRBJ02-05	DRB1*15:01	cii	feature41633_DRB1_15_01	DRB1	True	DRB1*15:01	cii	8.389768e-11	-10.07625004843386	h-DRB1_15_01-992	4.0	14.0	0.9821428571428572	0.5981813015061097	DRB1	True	both	True	shared	cii	DRB1*15:01	cii
Dataset1	TACTTACGTTGTGGAG-7	TRB:CSVEGDRGRSETQYF;TRA:CALETDSWGKLQF	A02	CD4_CTL	control	CSVEGDRGRSETQYF	CALETDSWGKLQF	232	1778	0.13048368953880765	CSVEGDRGRSETQYF+TCRBV29-01+TCRBJ02-05	TCRBV29-01	TCRBJ02-05	DRB1*15:01	cii	feature41633_DRB1_15_01	DRB1	True	DRB1*15:01	cii	8.389768e-11	-10.07625004843386	h-DRB1_15_01-992	4.0	14.0	0.9821428571428572	0.5981813015061097	DRB1	True	both	True	shared	cii	DRB1*15:01	cii
Dataset1	TACTTGTCATGTAAGA-7	TRB:CASSSASGGNEQFF;TRA:CAASYFGNEKLTF	A02	CD8_TEMRA	control	CASSSASGGNEQFF	CAASYFGNEKLTF	38	1778	0.021372328458942633	CASSSASGGNEQFF+TCRBV07-09+TCRBJ02-01	TCRBV07-09	TCRBJ02-01	B*15:01	ci	feature9526_B_15_01	B	True	B*15:01	ci	7.5402223e-10	-9.122615850119594	h-B_15_01-190	10.0	8.0	0.8875	0.5583972719522592	B	True	both	True	shared	ci	B*15:01	ci
Dataset1	TAGGCATAGAAGGGTA-7	TRB:CSVEGDRGRSETQYF;TRA:CALETDSWGKLQF	A02	CD4_CTL	control	CSVEGDRGRSETQYF	CALETDSWGKLQF	232	1778	0.13048368953880765	CSVEGDRGRSETQYF+TCRBV29-01+TCRBJ02-05	TCRBV29-01	TCRBJ02-05	DRB1*15:01	cii	feature41633_DRB1_15_01	DRB1	True	DRB1*15:01	cii	8.389768e-11	-10.07625004843386	h-DRB1_15_01-992	4.0	14.0	0.9821428571428572	0.5981813015061097	DRB1	True	both	True	shared	cii	DRB1*15:01	cii
Dataset1	TAGGCATAGGTAGCCA-7	TRB:CASSSASGGNEQFF;TRA:CAASYFGNEKLTF	A02	CD8_TEMRA	control	CASSSASGGNEQFF	CAASYFGNEKLTF	38	1778	0.021372328458942633	CASSSASGGNEQFF+TCRBV07-09+TCRBJ02-01	TCRBV07-09	TCRBJ02-01	B*15:01	ci	feature9526_B_15_01	B	True	B*15:01	ci	7.5402223e-10	-9.122615850119594	h-B_15_01-190	10.0	8.0	0.8875	0.5583972719522592	B	True	both	True	shared	ci	B*15:01	ci
Dataset1	TAGGCATCATGCCTTC-7	TRB:CASSSGQSSYNEQFF	A07	CD4_Naive	control	CASSSGQSSYNEQFF		1	2092	0.0004780114722753346	CASSSGQSSYNEQFF+TCRBV07-07+TCRBJ02-01	TCRBV07-07	TCRBJ02-01					False	DRB3*01:01P	cii	4.8186233e-10	-9.317077023714543	h-DRB3_01_01P-599	1.0	1.0		0.5562659846547315	DRB3	True	right_only	False	2026 only	cii	DRB3*01:01P	cii
Dataset1	TAGTGGTGTCCAACTA-7	TRB:CSVEGDRGRSETQYF;TRA:CALETDSWGKLQF	A02	CD4_CTL	control	CSVEGDRGRSETQYF	CALETDSWGKLQF	232	1778	0.13048368953880765	CSVEGDRGRSETQYF+TCRBV29-01+TCRBJ02-05	TCRBV29-01	TCRBJ02-05	DRB1*15:01	cii	feature41633_DRB1_15_01	DRB1	True	DRB1*15:01	cii	8.389768e-11	-10.07625004843386	h-DRB1_15_01-992	4.0	14.0	0.9821428571428572	0.5981813015061097	DRB1	True	both	True	shared	cii	DRB1*15:01	cii
Dataset1	TAGTGGTGTCCGTGAC-7	TRB:CASSQSTGANTEAFF;TRA:CAVRETGGFKTIF	A07	CD4_Naive	control	CASSQSTGANTEAFF	CAVRETGGFKTIF	1	2092	0.0004780114722753346	CASSQSTGANTEAFF+TCRBV04-02+TCRBJ01-01	TCRBV04-02	TCRBJ01-01	A*32:01	ci	feature6445_A_32_01	A	True											False	left_only	False	2024 only	ci	A*32:01	ci
Dataset1	TAGTTGGCATTTCAGG-7	TRB:CSVEGDRGRSETQYF;TRA:CALETDSWGKLQF	A02	CD4_CTL	control	CSVEGDRGRSETQYF	CALETDSWGKLQF	232	1778	0.13048368953880765	CSVEGDRGRSETQYF+TCRBV29-01+TCRBJ02-05	TCRBV29-01	TCRBJ02-05	DRB1*15:01	cii	feature41633_DRB1_15_01	DRB1	True	DRB1*15:01	cii	8.389768e-11	-10.07625004843386	h-DRB1_15_01-992	4.0	14.0	0.9821428571428572	0.5981813015061097	DRB1	True	both	True	shared	cii	DRB1*15:01	cii
Dataset1	TCAGCAAAGCTATGCT-7	TRB:CASSARRGQETQYF;TRA:CAARAGETSGSRLTF	A07	CD4_Naive	control	CASSARRGQETQYF	CAARAGETSGSRLTF	1	2092	0.0004780114722753346	CASSARRGQETQYF+TCRBV11-03+TCRBJ02-05	TCRBV11-03	TCRBJ02-05					False	DQA1*01:05+DQB1*05:01	cii	8.9351226e-10	-9.048899484105377	h-DQA1_01_05_DQB1_05_01-588	1.0	0.0		0.5953395851094061	DQA1	True	right_only	False	2026 only	cii	DQA1*01:05+DQB1*05:01	cii
Dataset1	TCAGCAACACACTGCG-7	TRB:CASGSYNSPLHF;TRA:CAHPRTSGGSYIPTF	A07	CD4_CTL	control	CASGSYNSPLHF	CAHPRTSGGSYIPTF	9	2092	0.004302103250478011	CASGSYNSPLHF+TCRBV19-01+TCRBJ01-06	TCRBV19-01	TCRBJ01-06					False	DRB5*01:01	cii	4.7939506e-09	-8.319306445533476	h-DRB5_01_01-883	0.0	1.0		0.6655299801079853	DRB5	True	right_only	False	2026 only	cii	DRB5*01:01	cii
Dataset1	TCAGGATAGATGAGAG-7	TRB:CSVEGDRGRSETQYF;TRA:CALETDSWGKLQF	A02	CD4_CTL	control	CSVEGDRGRSETQYF	CALETDSWGKLQF	232	1778	0.13048368953880765	CSVEGDRGRSETQYF+TCRBV29-01+TCRBJ02-05	TCRBV29-01	TCRBJ02-05	DRB1*15:01	cii	feature41633_DRB1_15_01	DRB1	True	DRB1*15:01	cii	8.389768e-11	-10.07625004843386	h-DRB1_15_01-992	4.0	14.0	0.9821428571428572	0.5981813015061097	DRB1	True	both	True	shared	cii	DRB1*15:01	cii
Dataset1	TCATTACCAGCTTAAC-7	TRB:CSVEGDRGRSETQYF;TRA:CALETDSWGKLQF	A02	CD4_CTL	control	CSVEGDRGRSETQYF	CALETDSWGKLQF	232	1778	0.13048368953880765	CSVEGDRGRSETQYF+TCRBV29-01+TCRBJ02-05	TCRBV29-01	TCRBJ02-05	DRB1*15:01	cii	feature41633_DRB1_15_01	DRB1	True	DRB1*15:01	cii	8.389768e-11	-10.07625004843386	h-DRB1_15_01-992	4.0	14.0	0.9821428571428572	0.5981813015061097	DRB1	True	both	True	shared	cii	DRB1*15:01	cii
Dataset1	TCATTACGTGTGAAAT-7	TRB:CSVEGDRGRSETQYF;TRA:CALETDSWGKLQF	A02	CD4_CTL	control	CSVEGDRGRSETQYF	CALETDSWGKLQF	232	1778	0.13048368953880765	CSVEGDRGRSETQYF+TCRBV29-01+TCRBJ02-05	TCRBV29-01	TCRBJ02-05	DRB1*15:01	cii	feature41633_DRB1_15_01	DRB1	True	DRB1*15:01	cii	8.389768e-11	-10.07625004843386	h-DRB1_15_01-992	4.0	14.0	0.9821428571428572	0.5981813015061097	DRB1	True	both	True	shared	cii	DRB1*15:01	cii
Dataset1	TCATTACGTTCGGGCT-7	TRB:CSVEGDRGRSETQYF;TRA:CALETDSWGKLQF	A02	CD4_CTL	control	CSVEGDRGRSETQYF	CALETDSWGKLQF	232	1778	0.13048368953880765	CSVEGDRGRSETQYF+TCRBV29-01+TCRBJ02-05	TCRBV29-01	TCRBJ02-05	DRB1*15:01	cii	feature41633_DRB1_15_01	DRB1	True	DRB1*15:01	cii	8.389768e-11	-10.07625004843386	h-DRB1_15_01-992	4.0	14.0	0.9821428571428572	0.5981813015061097	DRB1	True	both	True	shared	cii	DRB1*15:01	cii
Dataset1	TCATTTGAGCCAGAAC-7	TRB:CSVEGDRGRSETQYF;TRA:CALETDSWGKLQF	A02	CD4_CTL	control	CSVEGDRGRSETQYF	CALETDSWGKLQF	232	1778	0.13048368953880765	CSVEGDRGRSETQYF+TCRBV29-01+TCRBJ02-05	TCRBV29-01	TCRBJ02-05	DRB1*15:01	cii	feature41633_DRB1_15_01	DRB1	True	DRB1*15:01	cii	8.389768e-11	-10.07625004843386	h-DRB1_15_01-992	4.0	14.0	0.9821428571428572	0.5981813015061097	DRB1	True	both	True	shared	cii	DRB1*15:01	cii
Dataset1	TCCACACCAAACTGTC-7	TRB:CATSRGTVSYEQYF;TRA:CATDFFGNEKLTF;TRA:CIVRGHSGYALNF	C09	CD8_TEMRA	supercentenarian	CATSRGTVSYEQYF	CIVRGHSGYALNF	3	2000	0.0015	CATSRGTVSYEQYF+TCRBV15-01+TCRBJ02-07	TCRBV15-01	TCRBJ02-07	B*40:01	ci	feature14970_B_40_01	B	True	B*40:01	ci	6.2084884e-09	-8.207014125982827	h-B_40_01-223	5.0	11.0	1.0	0.6098323387325945	B	True	both	True	shared	ci	B*40:01	ci
Dataset1	TCCACACTCATCATTC-7	TRB:CSVEGDRGRSETQYF;TRA:CALETDSWGKLQF	A02	CD4_CTL	control	CSVEGDRGRSETQYF	CALETDSWGKLQF	232	1778	0.13048368953880765	CSVEGDRGRSETQYF+TCRBV29-01+TCRBJ02-05	TCRBV29-01	TCRBJ02-05	DRB1*15:01	cii	feature41633_DRB1_15_01	DRB1	True	DRB1*15:01	cii	8.389768e-11	-10.07625004843386	h-DRB1_15_01-992	4.0	14.0	0.9821428571428572	0.5981813015061097	DRB1	True	both	True	shared	cii	DRB1*15:01	cii
Dataset1	TCCCGATGTTGCTCCT-7	TRB:CASSRLAEYNEQFF;TRA:CALDPSSGYALNF	A02	CD4_Helper	control	CASSRLAEYNEQFF	CALDPSSGYALNF	1	1778	0.0005624296962879641	CASSRLAEYNEQFF+TCRBV07-03+TCRBJ02-01	TCRBV07-03	TCRBJ02-01	DRB1*04:01	cii	feature34899_DRB1_04_01	DRB1	True	DRB1*04:01	cii	3.2605496e-09	-8.486709188849419	h-DRB1_04_01-510	3.0	10.0	1.0	0.5666382495026998	DRB1	True	both	True	shared	cii	DRB1*04:01	cii
Dataset1	TCGCGTTAGCCATCGC-7	TRB:CASRENTGELFF;TRA:CAVHDYGGSQGNLIF	A07	CD4_Naive	control	CASRENTGELFF	CAVHDYGGSQGNLIF	1	2092	0.0004780114722753346	CASRENTGELFF+TCRBV12-03/12-04+TCRBJ02-02	TCRBV12-03/12-04	TCRBJ02-02					False	DRB1*04:04	cii	6.362006e-09	-8.196405925645873	h-DRB1_04_04-340	2.0	3.0		0.6024438761011651	DRB1	True	right_only	False	2026 only	cii	DRB1*04:04	cii
Dataset1	TCGCGTTCAAGAGTCG-7	TRB:CSVEGDRGRSETQYF;TRA:CALETDSWGKLQF	A02	CD4_CTL	control	CSVEGDRGRSETQYF	CALETDSWGKLQF	232	1778	0.13048368953880765	CSVEGDRGRSETQYF+TCRBV29-01+TCRBJ02-05	TCRBV29-01	TCRBJ02-05	DRB1*15:01	cii	feature41633_DRB1_15_01	DRB1	True	DRB1*15:01	cii	8.389768e-11	-10.07625004843386	h-DRB1_15_01-992	4.0	14.0	0.9821428571428572	0.5981813015061097	DRB1	True	both	True	shared	cii	DRB1*15:01	cii
Dataset1	TCGGGACTCCGCGTTT-7	TRB:CSVEGDRGRSETQYF;TRA:CALETDSWGKLQF	A02	CD8_TEMRA	control	CSVEGDRGRSETQYF	CALETDSWGKLQF	232	1778	0.13048368953880765	CSVEGDRGRSETQYF+TCRBV29-01+TCRBJ02-05	TCRBV29-01	TCRBJ02-05	DRB1*15:01	cii	feature41633_DRB1_15_01	DRB1	True	DRB1*15:01	cii	8.389768e-11	-10.07625004843386	h-DRB1_15_01-992	4.0	14.0	0.9821428571428572	0.5981813015061097	DRB1	True	both	True	shared	cii	DRB1*15:01	cii
Dataset1	TCTGAGAAGCTACCTA-7	TRB:CSVEGDRGRSETQYF;TRA:CALETDSWGKLQF	A02	CD4_CTL	control	CSVEGDRGRSETQYF	CALETDSWGKLQF	232	1778	0.13048368953880765	CSVEGDRGRSETQYF+TCRBV29-01+TCRBJ02-05	TCRBV29-01	TCRBJ02-05	DRB1*15:01	cii	feature41633_DRB1_15_01	DRB1	True	DRB1*15:01	cii	8.389768e-11	-10.07625004843386	h-DRB1_15_01-992	4.0	14.0	0.9821428571428572	0.5981813015061097	DRB1	True	both	True	shared	cii	DRB1*15:01	cii
Dataset1	TCTTCGGCAGGGTACA-7	TRB:CASSLARQETQYF;TRA:CAVSSITLDYKLSF	C09	CD4_Helper	supercentenarian	CASSLARQETQYF	CAVSSITLDYKLSF	1	2000	0.0005	CASSLARQETQYF+TCRBV09-01+TCRBJ02-05	TCRBV09-01	TCRBJ02-05					False	DRB1*01:03	cii	4.6431774e-09	-8.333184723103312	h-DRB1_01_03-344	3.0	1.0		0.5453253765274226	DRB1	True	right_only	False	2026 only	cii	DRB1*01:03	cii
Dataset1	TCTTTCCGTCCAGTAT-7	TRB:CASSSASGGNEQFF;TRA:CAASYFGNEKLTF	A02	CD8_TEMRA	control	CASSSASGGNEQFF	CAASYFGNEKLTF	38	1778	0.021372328458942633	CASSSASGGNEQFF+TCRBV07-09+TCRBJ02-01	TCRBV07-09	TCRBJ02-01	B*15:01	ci	feature9526_B_15_01	B	True	B*15:01	ci	7.5402223e-10	-9.122615850119594	h-B_15_01-190	10.0	8.0	0.8875	0.5583972719522592	B	True	both	True	shared	ci	B*15:01	ci
Dataset1	TCTTTCCGTCGACTAT-7	TRB:CSVEGDRGRSETQYF;TRA:CALETDSWGKLQF	A02	CD4_CTL	control	CSVEGDRGRSETQYF	CALETDSWGKLQF	232	1778	0.13048368953880765	CSVEGDRGRSETQYF+TCRBV29-01+TCRBJ02-05	TCRBV29-01	TCRBJ02-05	DRB1*15:01	cii	feature41633_DRB1_15_01	DRB1	True	DRB1*15:01	cii	8.389768e-11	-10.07625004843386	h-DRB1_15_01-992	4.0	14.0	0.9821428571428572	0.5981813015061097	DRB1	True	both	True	shared	cii	DRB1*15:01	cii
Dataset1	TGAAAGATCGGTCTAA-7	TRB:CSVEGDRGRSETQYF;TRA:CALETDSWGKLQF	A02	CD4_CTL	control	CSVEGDRGRSETQYF	CALETDSWGKLQF	232	1778	0.13048368953880765	CSVEGDRGRSETQYF+TCRBV29-01+TCRBJ02-05	TCRBV29-01	TCRBJ02-05	DRB1*15:01	cii	feature41633_DRB1_15_01	DRB1	True	DRB1*15:01	cii	8.389768e-11	-10.07625004843386	h-DRB1_15_01-992	4.0	14.0	0.9821428571428572	0.5981813015061097	DRB1	True	both	True	shared	cii	DRB1*15:01	cii
Dataset1	TGACAACTCCTTCAAT-7	TRB:CASSLITTTDTQYF	C09	CD8_TEMRA	supercentenarian	CASSLITTTDTQYF		1	2000	0.0005	CASSLITTTDTQYF+TCRBV07-09+TCRBJ02-03	TCRBV07-09	TCRBJ02-03					False	A*24:02	ci	8.621291e-11	-10.064427695637606	h-A_24_02-93	13.0	9.0	0.9829059829059827	0.6315714691673772	A	True	right_only	False	2026 only	ci	A*24:02	ci
Dataset1	TGACTAGTCCCGACTT-7	TRB:CASSYSGEDTQYF;TRA:CVVRNSGYALNF	A02	CD8_TEMRA	control	CASSYSGEDTQYF	CVVRNSGYALNF	9	1778	0.005061867266591676	CASSYSGEDTQYF+TCRBV06-05+TCRBJ02-03	TCRBV06-05	TCRBJ02-03	B*40:01	ci	feature14970_B_40_01	B	True											False	left_only	False	2024 only	ci	B*40:01	ci
Dataset1	TGACTTTCAAGCGATG-7	TRB:CSVEGDRGRSETQYF;TRA:CALETDSWGKLQF	A02	CD4_CTL	control	CSVEGDRGRSETQYF	CALETDSWGKLQF	232	1778	0.13048368953880765	CSVEGDRGRSETQYF+TCRBV29-01+TCRBJ02-05	TCRBV29-01	TCRBJ02-05	DRB1*15:01	cii	feature41633_DRB1_15_01	DRB1	True	DRB1*15:01	cii	8.389768e-11	-10.07625004843386	h-DRB1_15_01-992	4.0	14.0	0.9821428571428572	0.5981813015061097	DRB1	True	both	True	shared	cii	DRB1*15:01	cii
Dataset1	TGACTTTCAAGTCTAC-7	TRB:CSVEGDRGRSETQYF;TRA:CALETDSWGKLQF	A02	CD4_CTL	control	CSVEGDRGRSETQYF	CALETDSWGKLQF	232	1778	0.13048368953880765	CSVEGDRGRSETQYF+TCRBV29-01+TCRBJ02-05	TCRBV29-01	TCRBJ02-05	DRB1*15:01	cii	feature41633_DRB1_15_01	DRB1	True	DRB1*15:01	cii	8.389768e-11	-10.07625004843386	h-DRB1_15_01-992	4.0	14.0	0.9821428571428572	0.5981813015061097	DRB1	True	both	True	shared	cii	DRB1*15:01	cii
Dataset1	TGAGCATCAGGACCCT-7	TRB:CASSLVTGYYNEQFF	A07	CD8_TEM	control	CASSLVTGYYNEQFF		1	2092	0.0004780114722753346	CASSLVTGYYNEQFF+TCRBV07-09+TCRBJ02-01	TCRBV07-09	TCRBJ02-01	B*35:03	ci	feature12626_B_35_03	B	True											False	left_only	False	2024 only	ci	B*35:03	ci
Dataset1	TGAGGGACAGCTCGCA-7	TRB:CSVEGDRGRSETQYF;TRA:CALETDSWGKLQF	A02	CD4_CTL	control	CSVEGDRGRSETQYF	CALETDSWGKLQF	232	1778	0.13048368953880765	CSVEGDRGRSETQYF+TCRBV29-01+TCRBJ02-05	TCRBV29-01	TCRBJ02-05	DRB1*15:01	cii	feature41633_DRB1_15_01	DRB1	True	DRB1*15:01	cii	8.389768e-11	-10.07625004843386	h-DRB1_15_01-992	4.0	14.0	0.9821428571428572	0.5981813015061097	DRB1	True	both	True	shared	cii	DRB1*15:01	cii
Dataset1	TGCACCTAGAGGTTAT-7	TRB:CSVEGDRGRSETQYF;TRA:CALETDSWGKLQF	A02	CD4_CTL	control	CSVEGDRGRSETQYF	CALETDSWGKLQF	232	1778	0.13048368953880765	CSVEGDRGRSETQYF+TCRBV29-01+TCRBJ02-05	TCRBV29-01	TCRBJ02-05	DRB1*15:01	cii	feature41633_DRB1_15_01	DRB1	True	DRB1*15:01	cii	8.389768e-11	-10.07625004843386	h-DRB1_15_01-992	4.0	14.0	0.9821428571428572	0.5981813015061097	DRB1	True	both	True	shared	cii	DRB1*15:01	cii
Dataset1	TGCACCTCATCGACGC-7	TRB:CSVEGDRGRSETQYF;TRA:CALETDSWGKLQF	A02	CD4_CTL	control	CSVEGDRGRSETQYF	CALETDSWGKLQF	232	1778	0.13048368953880765	CSVEGDRGRSETQYF+TCRBV29-01+TCRBJ02-05	TCRBV29-01	TCRBJ02-05	DRB1*15:01	cii	feature41633_DRB1_15_01	DRB1	True	DRB1*15:01	cii	8.389768e-11	-10.07625004843386	h-DRB1_15_01-992	4.0	14.0	0.9821428571428572	0.5981813015061097	DRB1	True	both	True	shared	cii	DRB1*15:01	cii
Dataset1	TGCCAAATCTCAAGTG-7	TRB:CASSSASGGNEQFF;TRA:CAASYFGNEKLTF	A02	CD8_TEMRA	control	CASSSASGGNEQFF	CAASYFGNEKLTF	38	1778	0.021372328458942633	CASSSASGGNEQFF+TCRBV07-09+TCRBJ02-01	TCRBV07-09	TCRBJ02-01	B*15:01	ci	feature9526_B_15_01	B	True	B*15:01	ci	7.5402223e-10	-9.122615850119594	h-B_15_01-190	10.0	8.0	0.8875	0.5583972719522592	B	True	both	True	shared	ci	B*15:01	ci
Dataset1	TGCCCATGTATAATGG-7	TRB:CSVEGDRGRSETQYF;TRA:CALETDSWGKLQF	A02	CD4_CTL	control	CSVEGDRGRSETQYF	CALETDSWGKLQF	232	1778	0.13048368953880765	CSVEGDRGRSETQYF+TCRBV29-01+TCRBJ02-05	TCRBV29-01	TCRBJ02-05	DRB1*15:01	cii	feature41633_DRB1_15_01	DRB1	True	DRB1*15:01	cii	8.389768e-11	-10.07625004843386	h-DRB1_15_01-992	4.0	14.0	0.9821428571428572	0.5981813015061097	DRB1	True	both	True	shared	cii	DRB1*15:01	cii
Dataset1	TGCCCTATCTTTAGGG-7	TRB:CASSSGGDGYTF;TRA:CAEIRSGGSYIPTF	A07	CD8_TEMRA	control	CASSSGGDGYTF	CAEIRSGGSYIPTF	1	2092	0.0004780114722753346	CASSSGGDGYTF+TCRBV06-05+TCRBJ01-02	TCRBV06-05	TCRBJ01-02	B*44:02	ci	feature16055_B_44_02	B	True	B*44:02	ci	1.8963659e-08	-7.722077862662816	h-B_44_02-121	6.0	8.0	0.8333333333333333	0.5998863313441318	B	True	both	True	shared	ci	B*44:02	ci
Dataset1	TGCGCAGGTCTAAACC-7	TRB:CASSLGGQGAEKLFF	C09	CD4_Naive	supercentenarian	CASSLGGQGAEKLFF		1	2000	0.0005	CASSLGGQGAEKLFF+TCRBV07-07+TCRBJ01-04	TCRBV07-07	TCRBJ01-04					False	DRB1*01:01	cii	2.237834e-10	-9.6501721320873	h-DRB1_01_01-298	6.0	4.0	1.0	0.4997158283603296	DRB1	True	right_only	False	2026 only	cii	DRB1*01:01	cii
Dataset1	TGCGGGTTCCCTAACC-7	TRB:CSVEGDRGRSETQYF;TRA:CALETDSWGKLQF	A02	CD4_CTL	control	CSVEGDRGRSETQYF	CALETDSWGKLQF	232	1778	0.13048368953880765	CSVEGDRGRSETQYF+TCRBV29-01+TCRBJ02-05	TCRBV29-01	TCRBJ02-05	DRB1*15:01	cii	feature41633_DRB1_15_01	DRB1	True	DRB1*15:01	cii	8.389768e-11	-10.07625004843386	h-DRB1_15_01-992	4.0	14.0	0.9821428571428572	0.5981813015061097	DRB1	True	both	True	shared	cii	DRB1*15:01	cii
Dataset1	TGCGGGTTCCGTAGGC-7	TRB:CSVEGDRGRSETQYF;TRA:CALETDSWGKLQF	A02	CD8_TEMRA	control	CSVEGDRGRSETQYF	CALETDSWGKLQF	232	1778	0.13048368953880765	CSVEGDRGRSETQYF+TCRBV29-01+TCRBJ02-05	TCRBV29-01	TCRBJ02-05	DRB1*15:01	cii	feature41633_DRB1_15_01	DRB1	True	DRB1*15:01	cii	8.389768e-11	-10.07625004843386	h-DRB1_15_01-992	4.0	14.0	0.9821428571428572	0.5981813015061097	DRB1	True	both	True	shared	cii	DRB1*15:01	cii
Dataset1	TGCGTGGAGAAAGTGG-7	TRB:CASSFPGLEAFF;TRA:CAASHGSSNTGKLIF	A02	CD4_Treg	control	CASSFPGLEAFF	CAASHGSSNTGKLIF	1	1778	0.0005624296962879641	CASSFPGLEAFF+TCRBV11-03+TCRBJ01-01	TCRBV11-03	TCRBJ01-01					False	DRB1*15:01	cii	1.2897213e-09	-8.889504127645631	h-DRB1_15_01-992	4.0	14.0	0.9821428571428572	0.5981813015061097	DRB1	True	right_only	False	2026 only	cii	DRB1*15:01	cii
Dataset1	TGCGTGGAGGAATGGA-7	TRB:CASSMTDNSPLHF;TRA:CAASPLWGQGNLIF	A02	CD4_Helper	control	CASSMTDNSPLHF	CAASPLWGQGNLIF	1	1778	0.0005624296962879641	CASSMTDNSPLHF+TCRBV19-01+TCRBJ01-06	TCRBV19-01	TCRBJ01-06					False	B*15:01	ci	3.5673955e-09	-8.447648739849775	h-B_15_01-190	10.0	8.0	0.8875	0.5583972719522592	B	True	right_only	False	2026 only	ci	B*15:01	ci
Dataset1	TGCTACCGTCATGCAT-7	TRB:CSVEGDRGRSETQYF;TRA:CALETDSWGKLQF	A02	CD4_CTL	control	CSVEGDRGRSETQYF	CALETDSWGKLQF	232	1778	0.13048368953880765	CSVEGDRGRSETQYF+TCRBV29-01+TCRBJ02-05	TCRBV29-01	TCRBJ02-05	DRB1*15:01	cii	feature41633_DRB1_15_01	DRB1	True	DRB1*15:01	cii	8.389768e-11	-10.07625004843386	h-DRB1_15_01-992	4.0	14.0	0.9821428571428572	0.5981813015061097	DRB1	True	both	True	shared	cii	DRB1*15:01	cii
Dataset1	TGCTGCTGTGGCCCTA-7	TRB:CSVEGDRGRSETQYF;TRA:CALETDSWGKLQF	A02	CD4_CTL	control	CSVEGDRGRSETQYF	CALETDSWGKLQF	232	1778	0.13048368953880765	CSVEGDRGRSETQYF+TCRBV29-01+TCRBJ02-05	TCRBV29-01	TCRBJ02-05	DRB1*15:01	cii	feature41633_DRB1_15_01	DRB1	True	DRB1*15:01	cii	8.389768e-11	-10.07625004843386	h-DRB1_15_01-992	4.0	14.0	0.9821428571428572	0.5981813015061097	DRB1	True	both	True	shared	cii	DRB1*15:01	cii
Dataset1	TGGACGCCATGTAGTC-7	TRB:CASSSASGGNEQFF;TRA:CAASYFGNEKLTF	A02	CD8_TEMRA	control	CASSSASGGNEQFF	CAASYFGNEKLTF	38	1778	0.021372328458942633	CASSSASGGNEQFF+TCRBV07-09+TCRBJ02-01	TCRBV07-09	TCRBJ02-01	B*15:01	ci	feature9526_B_15_01	B	True	B*15:01	ci	7.5402223e-10	-9.122615850119594	h-B_15_01-190	10.0	8.0	0.8875	0.5583972719522592	B	True	both	True	shared	ci	B*15:01	ci
Dataset1	TGGACGCGTATATGAG-7	TRB:CSVEGDRGRSETQYF;TRA:CALETDSWGKLQF	A02	CD4_CTL	control	CSVEGDRGRSETQYF	CALETDSWGKLQF	232	1778	0.13048368953880765	CSVEGDRGRSETQYF+TCRBV29-01+TCRBJ02-05	TCRBV29-01	TCRBJ02-05	DRB1*15:01	cii	feature41633_DRB1_15_01	DRB1	True	DRB1*15:01	cii	8.389768e-11	-10.07625004843386	h-DRB1_15_01-992	4.0	14.0	0.9821428571428572	0.5981813015061097	DRB1	True	both	True	shared	cii	DRB1*15:01	cii
Dataset1	TGGCCAGAGGTGTGGT-7	TRB:CSVEGDRGRSETQYF;TRA:CALETDSWGKLQF	A02	CD4_CTL	control	CSVEGDRGRSETQYF	CALETDSWGKLQF	232	1778	0.13048368953880765	CSVEGDRGRSETQYF+TCRBV29-01+TCRBJ02-05	TCRBV29-01	TCRBJ02-05	DRB1*15:01	cii	feature41633_DRB1_15_01	DRB1	True	DRB1*15:01	cii	8.389768e-11	-10.07625004843386	h-DRB1_15_01-992	4.0	14.0	0.9821428571428572	0.5981813015061097	DRB1	True	both	True	shared	cii	DRB1*15:01	cii
Dataset1	TGGCCAGCATGCAATC-7	TRB:CSVEGDRGRSETQYF;TRA:CALETDSWGKLQF	A02	CD4_CTL	control	CSVEGDRGRSETQYF	CALETDSWGKLQF	232	1778	0.13048368953880765	CSVEGDRGRSETQYF+TCRBV29-01+TCRBJ02-05	TCRBV29-01	TCRBJ02-05	DRB1*15:01	cii	feature41633_DRB1_15_01	DRB1	True	DRB1*15:01	cii	8.389768e-11	-10.07625004843386	h-DRB1_15_01-992	4.0	14.0	0.9821428571428572	0.5981813015061097	DRB1	True	both	True	shared	cii	DRB1*15:01	cii
Dataset1	TGGCCAGTCCCAACGG-7	TRB:CASSQARQETQYF;TRA:CAINTGGFKTIF	A02	CD4_Helper	control	CASSQARQETQYF	CAINTGGFKTIF	1	1778	0.0005624296962879641	CASSQARQETQYF+TCRBV09-01+TCRBJ02-05	TCRBV09-01	TCRBJ02-05					False	DRB1*01:03	cii	1.6587652e-09	-8.78021508447664	h-DRB1_01_03-344	3.0	1.0		0.5453253765274226	DRB1	True	right_only	False	2026 only	cii	DRB1*01:03	cii
Dataset1	TGGCTGGCACCGAATT-7	TRB:CASRRAGGPYEQYF;TRA:CAASKPGNQFYF;TRA:CAGQLRAGTASKLTF	A07	CD4_Helper	control	CASRRAGGPYEQYF	CAGQLRAGTASKLTF	1	2092	0.0004780114722753346	CASRRAGGPYEQYF+TCRBV06-X+TCRBJ02-07	TCRBV06-X	TCRBJ02-07	DRB1*13:01	cii	feature40548_DRB1_13_01	DRB1	True	DRB1*13:01	cii	1.4081657e-09	-8.851346238403043	h-DRB1_13_01-221	2.0	5.0		0.6243250923557829	DRB1	True	both	True	shared	cii	DRB1*13:01	cii
Dataset1	TGGGAAGTCCCATTTA-7	TRB:CASRGTGGYGYTF;TRA:CAVNDHNQGGKLIF	C09	CD4_Helper	supercentenarian	CASRGTGGYGYTF	CAVNDHNQGGKLIF	1	2000	0.0005	CASRGTGGYGYTF+TCRBV06-04+TCRBJ01-02	TCRBV06-04	TCRBJ01-02					False	DRB1*11:04	cii	1.5718971e-08	-7.803575887281901	h-DRB1_11_04-484	0.0	1.0		0.4452969593634555	DRB1	True	right_only	False	2026 only	cii	DRB1*11:04	cii
Dataset1	TGGGAAGTCGCGGATC-7	TRB:CASGSYNSPLHF;TRA:CAHPRTSGGSYIPTF	A07	CD4_CTL	control	CASGSYNSPLHF	CAHPRTSGGSYIPTF	9	2092	0.004302103250478011	CASGSYNSPLHF+TCRBV19-01+TCRBJ01-06	TCRBV19-01	TCRBJ01-06					False	DRB5*01:01	cii	4.7939506e-09	-8.319306445533476	h-DRB5_01_01-883	0.0	1.0		0.6655299801079853	DRB5	True	right_only	False	2026 only	cii	DRB5*01:01	cii
Dataset1	TGGGCGTGTCAAAGAT-7	TRB:CASSSASGGNEQFF;TRA:CAASYFGNEKLTF	A02	CD8_TEMRA	control	CASSSASGGNEQFF	CAASYFGNEKLTF	38	1778	0.021372328458942633	CASSSASGGNEQFF+TCRBV07-09+TCRBJ02-01	TCRBV07-09	TCRBJ02-01	B*15:01	ci	feature9526_B_15_01	B	True	B*15:01	ci	7.5402223e-10	-9.122615850119594	h-B_15_01-190	10.0	8.0	0.8875	0.5583972719522592	B	True	both	True	shared	ci	B*15:01	ci
Dataset1	TGGGCGTGTTGCGCAC-7	TRB:CSVEGDRGRSETQYF;TRA:CALETDSWGKLQF	A02	CD4_CTL	control	CSVEGDRGRSETQYF	CALETDSWGKLQF	232	1778	0.13048368953880765	CSVEGDRGRSETQYF+TCRBV29-01+TCRBJ02-05	TCRBV29-01	TCRBJ02-05	DRB1*15:01	cii	feature41633_DRB1_15_01	DRB1	True	DRB1*15:01	cii	8.389768e-11	-10.07625004843386	h-DRB1_15_01-992	4.0	14.0	0.9821428571428572	0.5981813015061097	DRB1	True	both	True	shared	cii	DRB1*15:01	cii
Dataset1	TGGTTAGCACCAGGCT-7	TRB:CASRTGTSDHEQFF;TRA:CLVPKGGSSNTGKLIF	C09	CD8_TEMRA	supercentenarian	CASRTGTSDHEQFF	CLVPKGGSSNTGKLIF	1	2000	0.0005	CASRTGTSDHEQFF+TCRBV02-01+TCRBJ02-01	TCRBV02-01	TCRBJ02-01	B*40:01	ci	feature14970_B_40_01	B	True	B*40:01	ci	8.810087e-12	-11.055019802889499	h-B_40_01-223	5.0	11.0	1.0	0.6098323387325945	B	True	both	True	shared	ci	B*40:01	ci
Dataset1	TGGTTCCCACGGTTTA-7	TRB:CSVEGDRGRSETQYF;TRA:CALETDSWGKLQF	A02	CD4_CTL	control	CSVEGDRGRSETQYF	CALETDSWGKLQF	232	1778	0.13048368953880765	CSVEGDRGRSETQYF+TCRBV29-01+TCRBJ02-05	TCRBV29-01	TCRBJ02-05	DRB1*15:01	cii	feature41633_DRB1_15_01	DRB1	True	DRB1*15:01	cii	8.389768e-11	-10.07625004843386	h-DRB1_15_01-992	4.0	14.0	0.9821428571428572	0.5981813015061097	DRB1	True	both	True	shared	cii	DRB1*15:01	cii
Dataset1	TGGTTCCCAGATGGGT-7	TRB:CSVEGDRGRSETQYF;TRA:CALETDSWGKLQF	A02	CD4_CTL	control	CSVEGDRGRSETQYF	CALETDSWGKLQF	232	1778	0.13048368953880765	CSVEGDRGRSETQYF+TCRBV29-01+TCRBJ02-05	TCRBV29-01	TCRBJ02-05	DRB1*15:01	cii	feature41633_DRB1_15_01	DRB1	True	DRB1*15:01	cii	8.389768e-11	-10.07625004843386	h-DRB1_15_01-992	4.0	14.0	0.9821428571428572	0.5981813015061097	DRB1	True	both	True	shared	cii	DRB1*15:01	cii
Dataset1	TGTATTCAGTTAGGTA-7	TRB:CSVEGDRGRSETQYF;TRA:CALETDSWGKLQF	A02	CD4_CTL	control	CSVEGDRGRSETQYF	CALETDSWGKLQF	232	1778	0.13048368953880765	CSVEGDRGRSETQYF+TCRBV29-01+TCRBJ02-05	TCRBV29-01	TCRBJ02-05	DRB1*15:01	cii	feature41633_DRB1_15_01	DRB1	True	DRB1*15:01	cii	8.389768e-11	-10.07625004843386	h-DRB1_15_01-992	4.0	14.0	0.9821428571428572	0.5981813015061097	DRB1	True	both	True	shared	cii	DRB1*15:01	cii
Dataset1	TGTATTCTCCGTTGTC-7	TRB:CASSLVGGTEAFF;TRA:CAVSRAGGTSYGKLTF	A07	CD4_Helper	control	CASSLVGGTEAFF	CAVSRAGGTSYGKLTF	1	2092	0.0004780114722753346	CASSLVGGTEAFF+TCRBV06-05+TCRBJ01-01	TCRBV06-05	TCRBJ01-01					False	DRB1*04:01	cii	1.761626e-09	-8.754086288532859	h-DRB1_04_01-510	3.0	10.0	1.0	0.5666382495026998	DRB1	True	right_only	False	2026 only	cii	DRB1*04:01	cii
Dataset1	TGTCCCAGTTCCACGG-7	TRB:CASGSYNSPLHF;TRA:CAHPRTSGGSYIPTF	A07	CD4_CTL	control	CASGSYNSPLHF	CAHPRTSGGSYIPTF	9	2092	0.004302103250478011	CASGSYNSPLHF+TCRBV19-01+TCRBJ01-06	TCRBV19-01	TCRBJ01-06					False	DRB5*01:01	cii	4.7939506e-09	-8.319306445533476	h-DRB5_01_01-883	0.0	1.0		0.6655299801079853	DRB5	True	right_only	False	2026 only	cii	DRB5*01:01	cii
Dataset1	TGTGGTACAACAACCT-7	TRB:CSVEGDRGRSETQYF;TRA:CALETDSWGKLQF	A02	CD4_CTL	control	CSVEGDRGRSETQYF	CALETDSWGKLQF	232	1778	0.13048368953880765	CSVEGDRGRSETQYF+TCRBV29-01+TCRBJ02-05	TCRBV29-01	TCRBJ02-05	DRB1*15:01	cii	feature41633_DRB1_15_01	DRB1	True	DRB1*15:01	cii	8.389768e-11	-10.07625004843386	h-DRB1_15_01-992	4.0	14.0	0.9821428571428572	0.5981813015061097	DRB1	True	both	True	shared	cii	DRB1*15:01	cii
Dataset1	TGTTCCGCAGCTGTAT-7	TRB:CSVEGDRGRSETQYF;TRA:CALETDSWGKLQF	A02	CD4_CTL	control	CSVEGDRGRSETQYF	CALETDSWGKLQF	232	1778	0.13048368953880765	CSVEGDRGRSETQYF+TCRBV29-01+TCRBJ02-05	TCRBV29-01	TCRBJ02-05	DRB1*15:01	cii	feature41633_DRB1_15_01	DRB1	True	DRB1*15:01	cii	8.389768e-11	-10.07625004843386	h-DRB1_15_01-992	4.0	14.0	0.9821428571428572	0.5981813015061097	DRB1	True	both	True	shared	cii	DRB1*15:01	cii
Dataset1	TTAGGCACAAGGTGTG-7	TRB:CSVEGDRGRSETQYF;TRA:CALETDSWGKLQF	A02	CD4_CTL	control	CSVEGDRGRSETQYF	CALETDSWGKLQF	232	1778	0.13048368953880765	CSVEGDRGRSETQYF+TCRBV29-01+TCRBJ02-05	TCRBV29-01	TCRBJ02-05	DRB1*15:01	cii	feature41633_DRB1_15_01	DRB1	True	DRB1*15:01	cii	8.389768e-11	-10.07625004843386	h-DRB1_15_01-992	4.0	14.0	0.9821428571428572	0.5981813015061097	DRB1	True	both	True	shared	cii	DRB1*15:01	cii
Dataset1	TTAGGCATCCCTTGCA-7	TRB:CSVEGDRGRSETQYF;TRA:CALETDSWGKLQF	A02	CD4_CTL	control	CSVEGDRGRSETQYF	CALETDSWGKLQF	232	1778	0.13048368953880765	CSVEGDRGRSETQYF+TCRBV29-01+TCRBJ02-05	TCRBV29-01	TCRBJ02-05	DRB1*15:01	cii	feature41633_DRB1_15_01	DRB1	True	DRB1*15:01	cii	8.389768e-11	-10.07625004843386	h-DRB1_15_01-992	4.0	14.0	0.9821428571428572	0.5981813015061097	DRB1	True	both	True	shared	cii	DRB1*15:01	cii
Dataset1	TTAGGCATCGGTGTTA-7	TRB:CASSYSGEDTQYF;TRA:CVVRNSGYALNF	A02	CD8_TEMRA	control	CASSYSGEDTQYF	CVVRNSGYALNF	9	1778	0.005061867266591676	CASSYSGEDTQYF+TCRBV06-05+TCRBJ02-03	TCRBV06-05	TCRBJ02-03	B*40:01	ci	feature14970_B_40_01	B	True											False	left_only	False	2024 only	ci	B*40:01	ci
Dataset1	TTAGTTCAGGTTCCTA-7	TRB:CSVEGDRGRSETQYF;TRA:CALETDSWGKLQF	A02	CD4_CTL	control	CSVEGDRGRSETQYF	CALETDSWGKLQF	232	1778	0.13048368953880765	CSVEGDRGRSETQYF+TCRBV29-01+TCRBJ02-05	TCRBV29-01	TCRBJ02-05	DRB1*15:01	cii	feature41633_DRB1_15_01	DRB1	True	DRB1*15:01	cii	8.389768e-11	-10.07625004843386	h-DRB1_15_01-992	4.0	14.0	0.9821428571428572	0.5981813015061097	DRB1	True	both	True	shared	cii	DRB1*15:01	cii
Dataset1	TTAGTTCCAGGTCCAC-7	TRB:CSVEGDRGRSETQYF;TRA:CALETDSWGKLQF	A02	CD4_CTL	control	CSVEGDRGRSETQYF	CALETDSWGKLQF	232	1778	0.13048368953880765	CSVEGDRGRSETQYF+TCRBV29-01+TCRBJ02-05	TCRBV29-01	TCRBJ02-05	DRB1*15:01	cii	feature41633_DRB1_15_01	DRB1	True	DRB1*15:01	cii	8.389768e-11	-10.07625004843386	h-DRB1_15_01-992	4.0	14.0	0.9821428571428572	0.5981813015061097	DRB1	True	both	True	shared	cii	DRB1*15:01	cii
Dataset1	TTATGCTAGACCTTTG-7	TRB:CASSYSGEDTQYF;TRA:CVVRNSGYALNF	A02	CD8_TEMRA	control	CASSYSGEDTQYF	CVVRNSGYALNF	9	1778	0.005061867266591676	CASSYSGEDTQYF+TCRBV06-05+TCRBJ02-03	TCRBV06-05	TCRBJ02-03	B*40:01	ci	feature14970_B_40_01	B	True											False	left_only	False	2024 only	ci	B*40:01	ci
Dataset1	TTCCCAGTCTTGACGA-7	TRB:CATSRGTVSYEQYF	C09	CD8_TEMRA	supercentenarian	CATSRGTVSYEQYF		1	2000	0.0005	CATSRGTVSYEQYF+TCRBV15-01+TCRBJ02-07	TCRBV15-01	TCRBJ02-07	B*40:01	ci	feature14970_B_40_01	B	True	B*40:01	ci	6.2084884e-09	-8.207014125982827	h-B_40_01-223	5.0	11.0	1.0	0.6098323387325945	B	True	both	True	shared	ci	B*40:01	ci
Dataset1	TTCGAAGAGAGCTGGT-7	TRB:CSVEGDRGRSETQYF;TRA:CALETDSWGKLQF	A02	CD4_CTL	control	CSVEGDRGRSETQYF	CALETDSWGKLQF	232	1778	0.13048368953880765	CSVEGDRGRSETQYF+TCRBV29-01+TCRBJ02-05	TCRBV29-01	TCRBJ02-05	DRB1*15:01	cii	feature41633_DRB1_15_01	DRB1	True	DRB1*15:01	cii	8.389768e-11	-10.07625004843386	h-DRB1_15_01-992	4.0	14.0	0.9821428571428572	0.5981813015061097	DRB1	True	both	True	shared	cii	DRB1*15:01	cii
Dataset1	TTCGGTCGTTCAGACT-7	TRB:CSVEGDRGRSETQYF;TRA:CALETDSWGKLQF	A02	CD8_TEMRA	control	CSVEGDRGRSETQYF	CALETDSWGKLQF	232	1778	0.13048368953880765	CSVEGDRGRSETQYF+TCRBV29-01+TCRBJ02-05	TCRBV29-01	TCRBJ02-05	DRB1*15:01	cii	feature41633_DRB1_15_01	DRB1	True	DRB1*15:01	cii	8.389768e-11	-10.07625004843386	h-DRB1_15_01-992	4.0	14.0	0.9821428571428572	0.5981813015061097	DRB1	True	both	True	shared	cii	DRB1*15:01	cii
Dataset1	TTCTCAACAAGTAATG-7	TRB:CSVEGDRGRSETQYF;TRA:CALETDSWGKLQF	A02	CD4_CTL	control	CSVEGDRGRSETQYF	CALETDSWGKLQF	232	1778	0.13048368953880765	CSVEGDRGRSETQYF+TCRBV29-01+TCRBJ02-05	TCRBV29-01	TCRBJ02-05	DRB1*15:01	cii	feature41633_DRB1_15_01	DRB1	True	DRB1*15:01	cii	8.389768e-11	-10.07625004843386	h-DRB1_15_01-992	4.0	14.0	0.9821428571428572	0.5981813015061097	DRB1	True	both	True	shared	cii	DRB1*15:01	cii
Dataset1	TTCTTAGCATCTGGTA-7	TRB:CSVEGDRGRSETQYF;TRA:CALETDSWGKLQF	A02	CD4_CTL	control	CSVEGDRGRSETQYF	CALETDSWGKLQF	232	1778	0.13048368953880765	CSVEGDRGRSETQYF+TCRBV29-01+TCRBJ02-05	TCRBV29-01	TCRBJ02-05	DRB1*15:01	cii	feature41633_DRB1_15_01	DRB1	True	DRB1*15:01	cii	8.389768e-11	-10.07625004843386	h-DRB1_15_01-992	4.0	14.0	0.9821428571428572	0.5981813015061097	DRB1	True	both	True	shared	cii	DRB1*15:01	cii
Dataset1	TTCTTAGGTACAGACG-7	TRB:CSVEGDRGRSETQYF;TRA:CALETDSWGKLQF	A02	CD4_CTL	control	CSVEGDRGRSETQYF	CALETDSWGKLQF	232	1778	0.13048368953880765	CSVEGDRGRSETQYF+TCRBV29-01+TCRBJ02-05	TCRBV29-01	TCRBJ02-05	DRB1*15:01	cii	feature41633_DRB1_15_01	DRB1	True	DRB1*15:01	cii	8.389768e-11	-10.07625004843386	h-DRB1_15_01-992	4.0	14.0	0.9821428571428572	0.5981813015061097	DRB1	True	both	True	shared	cii	DRB1*15:01	cii
Dataset1	TTGAACGGTATCTGCA-7	TRB:CSVEGDRGRSETQYF;TRA:CALETDSWGKLQF	A02	CD4_CTL	control	CSVEGDRGRSETQYF	CALETDSWGKLQF	232	1778	0.13048368953880765	CSVEGDRGRSETQYF+TCRBV29-01+TCRBJ02-05	TCRBV29-01	TCRBJ02-05	DRB1*15:01	cii	feature41633_DRB1_15_01	DRB1	True	DRB1*15:01	cii	8.389768e-11	-10.07625004843386	h-DRB1_15_01-992	4.0	14.0	0.9821428571428572	0.5981813015061097	DRB1	True	both	True	shared	cii	DRB1*15:01	cii
Dataset1	TTGAACGTCTGAGTGT-7	TRB:CSVEGDRGRSETQYF;TRA:CALETDSWGKLQF	A02	CD4_CTL	control	CSVEGDRGRSETQYF	CALETDSWGKLQF	232	1778	0.13048368953880765	CSVEGDRGRSETQYF+TCRBV29-01+TCRBJ02-05	TCRBV29-01	TCRBJ02-05	DRB1*15:01	cii	feature41633_DRB1_15_01	DRB1	True	DRB1*15:01	cii	8.389768e-11	-10.07625004843386	h-DRB1_15_01-992	4.0	14.0	0.9821428571428572	0.5981813015061097	DRB1	True	both	True	shared	cii	DRB1*15:01	cii
Dataset1	TTGCCGTCACACCGAC-7	TRB:CSVEGDRGRSETQYF;TRA:CALETDSWGKLQF	A02	CD8_TEMRA	control	CSVEGDRGRSETQYF	CALETDSWGKLQF	232	1778	0.13048368953880765	CSVEGDRGRSETQYF+TCRBV29-01+TCRBJ02-05	TCRBV29-01	TCRBJ02-05	DRB1*15:01	cii	feature41633_DRB1_15_01	DRB1	True	DRB1*15:01	cii	8.389768e-11	-10.07625004843386	h-DRB1_15_01-992	4.0	14.0	0.9821428571428572	0.5981813015061097	DRB1	True	both	True	shared	cii	DRB1*15:01	cii
Dataset1	TTGCCGTTCGACAGCC-7	TRB:CSVEGDRGRSETQYF;TRA:CALETDSWGKLQF	A02	CD4_CTL	control	CSVEGDRGRSETQYF	CALETDSWGKLQF	232	1778	0.13048368953880765	CSVEGDRGRSETQYF+TCRBV29-01+TCRBJ02-05	TCRBV29-01	TCRBJ02-05	DRB1*15:01	cii	feature41633_DRB1_15_01	DRB1	True	DRB1*15:01	cii	8.389768e-11	-10.07625004843386	h-DRB1_15_01-992	4.0	14.0	0.9821428571428572	0.5981813015061097	DRB1	True	both	True	shared	cii	DRB1*15:01	cii
Dataset1	TTGGAACAGACAGGCT-7	TRB:CASSGGLFTDTQYF;TRA:CALDGDARLMF	A07	CD4_Helper	control	CASSGGLFTDTQYF	CALDGDARLMF	1	2092	0.0004780114722753346	CASSGGLFTDTQYF+TCRBV11-02+TCRBJ02-03	TCRBV11-02	TCRBJ02-03					False	DQA1*01:02+DQB1*06:04	cii	3.3367598e-10	-9.476675055343758	h-DQA1_01_02_DQB1_06_04-349	0.0	0.0		0.4953111679454391	DQA1	True	right_only	False	2026 only	cii	DQA1*01:02+DQB1*06:04	cii
Dataset1	TTGGAACGTGCAACTT-7	TRB:CASSSASGGNEQFF;TRA:CAASYFGNEKLTF	A02	CD8_TEMRA	control	CASSSASGGNEQFF	CAASYFGNEKLTF	38	1778	0.021372328458942633	CASSSASGGNEQFF+TCRBV07-09+TCRBJ02-01	TCRBV07-09	TCRBJ02-01	B*15:01	ci	feature9526_B_15_01	B	True	B*15:01	ci	7.5402223e-10	-9.122615850119594	h-B_15_01-190	10.0	8.0	0.8875	0.5583972719522592	B	True	both	True	shared	ci	B*15:01	ci
Dataset1	TTGGCAATCTTGCATT-7	TRB:CASSSASGGNEQFF;TRA:CAASYFGNEKLTF	A02	CD8_TEMRA	control	CASSSASGGNEQFF	CAASYFGNEKLTF	38	1778	0.021372328458942633	CASSSASGGNEQFF+TCRBV07-09+TCRBJ02-01	TCRBV07-09	TCRBJ02-01	B*15:01	ci	feature9526_B_15_01	B	True	B*15:01	ci	7.5402223e-10	-9.122615850119594	h-B_15_01-190	10.0	8.0	0.8875	0.5583972719522592	B	True	both	True	shared	ci	B*15:01	ci
Dataset1	TTGTAGGTCGCCAGCA-7	TRB:CSVEGDRGRSETQYF;TRA:CALETDSWGKLQF	A02	CD4_CTL	control	CSVEGDRGRSETQYF	CALETDSWGKLQF	232	1778	0.13048368953880765	CSVEGDRGRSETQYF+TCRBV29-01+TCRBJ02-05	TCRBV29-01	TCRBJ02-05	DRB1*15:01	cii	feature41633_DRB1_15_01	DRB1	True	DRB1*15:01	cii	8.389768e-11	-10.07625004843386	h-DRB1_15_01-992	4.0	14.0	0.9821428571428572	0.5981813015061097	DRB1	True	both	True	shared	cii	DRB1*15:01	cii
Dataset1	TTTCCTCTCAGTGTTG-7	TRB:CSVEGDRGRSETQYF;TRA:CALETDSWGKLQF	A02	CD4_CTL	control	CSVEGDRGRSETQYF	CALETDSWGKLQF	232	1778	0.13048368953880765	CSVEGDRGRSETQYF+TCRBV29-01+TCRBJ02-05	TCRBV29-01	TCRBJ02-05	DRB1*15:01	cii	feature41633_DRB1_15_01	DRB1	True	DRB1*15:01	cii	8.389768e-11	-10.07625004843386	h-DRB1_15_01-992	4.0	14.0	0.9821428571428572	0.5981813015061097	DRB1	True	both	True	shared	cii	DRB1*15:01	cii
Dataset1	TTTGCGCAGTTGTCGT-7	TRB:CSVEGDRGRSETQYF;TRA:CALETDSWGKLQF	A02	CD4_CTL	control	CSVEGDRGRSETQYF	CALETDSWGKLQF	232	1778	0.13048368953880765	CSVEGDRGRSETQYF+TCRBV29-01+TCRBJ02-05	TCRBV29-01	TCRBJ02-05	DRB1*15:01	cii	feature41633_DRB1_15_01	DRB1	True	DRB1*15:01	cii	8.389768e-11	-10.07625004843386	h-DRB1_15_01-992	4.0	14.0	0.9821428571428572	0.5981813015061097	DRB1	True	both	True	shared	cii	DRB1*15:01	cii
Dataset1	TTTGGTTGTTATCACG-7	TRB:CSVEGDRGRSETQYF;TRA:CALETDSWGKLQF	A02	CD4_CTL	control	CSVEGDRGRSETQYF	CALETDSWGKLQF	232	1778	0.13048368953880765	CSVEGDRGRSETQYF+TCRBV29-01+TCRBJ02-05	TCRBV29-01	TCRBJ02-05	DRB1*15:01	cii	feature41633_DRB1_15_01	DRB1	True	DRB1*15:01	cii	8.389768e-11	-10.07625004843386	h-DRB1_15_01-992	4.0	14.0	0.9821428571428572	0.5981813015061097	DRB1	True	both	True	shared	cii	DRB1*15:01	cii
Dataset1	TTTGTCAAGCCAGAAC-7	TRB:CSVEGDRGRSETQYF;TRA:CALETDSWGKLQF	A02	CD4_CTL	control	CSVEGDRGRSETQYF	CALETDSWGKLQF	232	1778	0.13048368953880765	CSVEGDRGRSETQYF+TCRBV29-01+TCRBJ02-05	TCRBV29-01	TCRBJ02-05	DRB1*15:01	cii	feature41633_DRB1_15_01	DRB1	True	DRB1*15:01	cii	8.389768e-11	-10.07625004843386	h-DRB1_15_01-992	4.0	14.0	0.9821428571428572	0.5981813015061097	DRB1	True	both	True	shared	cii	DRB1*15:01	cii
Dataset1	TTTGTCACACACTGCG-7	TRB:CSVEGDRGRSETQYF;TRA:CALETDSWGKLQF	A02	CD4_CTL	control	CSVEGDRGRSETQYF	CALETDSWGKLQF	232	1778	0.13048368953880765	CSVEGDRGRSETQYF+TCRBV29-01+TCRBJ02-05	TCRBV29-01	TCRBJ02-05	DRB1*15:01	cii	feature41633_DRB1_15_01	DRB1	True	DRB1*15:01	cii	8.389768e-11	-10.07625004843386	h-DRB1_15_01-992	4.0	14.0	0.9821428571428572	0.5981813015061097	DRB1	True	both	True	shared	cii	DRB1*15:01	cii
Dataset1	TTTGTCACAGATCGGA-7	TRB:CSVEGDRGRSETQYF;TRA:CALETDSWGKLQF	A02	CD4_CTL	control	CSVEGDRGRSETQYF	CALETDSWGKLQF	232	1778	0.13048368953880765	CSVEGDRGRSETQYF+TCRBV29-01+TCRBJ02-05	TCRBV29-01	TCRBJ02-05	DRB1*15:01	cii	feature41633_DRB1_15_01	DRB1	True	DRB1*15:01	cii	8.389768e-11	-10.07625004843386	h-DRB1_15_01-992	4.0	14.0	0.9821428571428572	0.5981813015061097	DRB1	True	both	True	shared	cii	DRB1*15:01	cii
Dataset1	TTTGTCATCAGGTTCA-7	TRB:CSVEGDRGRSETQYF;TRA:CALETDSWGKLQF	A02	CD4_CTL	control	CSVEGDRGRSETQYF	CALETDSWGKLQF	232	1778	0.13048368953880765	CSVEGDRGRSETQYF+TCRBV29-01+TCRBJ02-05	TCRBV29-01	TCRBJ02-05	DRB1*15:01	cii	feature41633_DRB1_15_01	DRB1	True	DRB1*15:01	cii	8.389768e-11	-10.07625004843386	h-DRB1_15_01-992	4.0	14.0	0.9821428571428572	0.5981813015061097	DRB1	True	both	True	shared	cii	DRB1*15:01	cii
Dataset1	AAAGCAAGTCGCCATG-8	TRB:CASSLGRGYETQYF;TRA:CALETSGSRLTF;TRA:CALSEAGTASKLTF	B06	CD8_TEMRA	centenarian	CASSLGRGYETQYF	CALSEAGTASKLTF	47	959	0.049009384775808136	CASSLGRGYETQYF+TCRBV05-06+TCRBJ02-05	TCRBV05-06	TCRBJ02-05	B*15:01	ci	feature9526_B_15_01	B	True	B*15:01	ci	7.25224e-10	-9.13952783213431	h-B_15_01-190	10.0	8.0	0.8875	0.5583972719522592	B	True	both	True	shared	ci	B*15:01	ci
Dataset1	AAAGTAGTCACATGCA-8	TRB:CAQRRTRYGYTF;TRB:CASSLGVPSYNEQFF;TRA:CAAAYGGSQGNLIF	B06	CD4_CTL	centenarian	CASSLGVPSYNEQFF	CAAAYGGSQGNLIF	39	959	0.040667361835245046	CASSLGVPSYNEQFF+TCRBV19-01+TCRBJ02-01	TCRBV19-01	TCRBJ02-01	DQA1*05:01+DQB1*02:01	cii	feature33069_DQA1_05_01+DQB1_02_01	DQA1	True	DRB3*01:01P	cii	2.1462232e-10	-9.668325114854806	h-DRB3_01_01P-599	1.0	1.0		0.5562659846547315	DRB3	True	both	True	shared	cii	DQA1*05:01+DQB1*02:01	cii
Dataset1	AAAGTAGTCACTTATC-8	TRB:CASSLGRGYETQYF;TRA:CALETSGSRLTF;TRA:CALSEAGTASKLTF	B06	CD8_TEM	centenarian	CASSLGRGYETQYF	CALSEAGTASKLTF	47	959	0.049009384775808136	CASSLGRGYETQYF+TCRBV05-06+TCRBJ02-05	TCRBV05-06	TCRBJ02-05	B*15:01	ci	feature9526_B_15_01	B	True	B*15:01	ci	7.25224e-10	-9.13952783213431	h-B_15_01-190	10.0	8.0	0.8875	0.5583972719522592	B	True	both	True	shared	ci	B*15:01	ci
Dataset1	AAAGTAGTCGGTTAAC-8	TRB:CASSLIGVSSYNEQFF;TRA:CATVAWMDSSYKLIF	C07	CD8_TEMRA	supercentenarian	CASSLIGVSSYNEQFF	CATVAWMDSSYKLIF	4	974	0.004106776180698152	CASSLIGVSSYNEQFF+TCRBV07-09+TCRBJ02-01	TCRBV07-09	TCRBJ02-01	B*07:02	ci	feature7899_B_07_02	B	True	B*07:02	ci	1.5587147e-10	-9.807233368810149	h-B_07_02-535	6.0	8.0	1.0	0.6116794543904518	B	True	both	True	shared	ci	B*07:02	ci
Dataset1	AACGTTGAGTCACGCC-8	TRB:CASSLGRGYETQYF;TRA:CALETSGSRLTF;TRA:CALSEAGTASKLTF	B06	CD8_TEM	centenarian	CASSLGRGYETQYF	CALSEAGTASKLTF	47	959	0.049009384775808136	CASSLGRGYETQYF+TCRBV05-06+TCRBJ02-05	TCRBV05-06	TCRBJ02-05	B*15:01	ci	feature9526_B_15_01	B	True	B*15:01	ci	7.25224e-10	-9.13952783213431	h-B_15_01-190	10.0	8.0	0.8875	0.5583972719522592	B	True	both	True	shared	ci	B*15:01	ci
Dataset1	AAGACCTCAAGAAGAG-8	TRB:CASSLGRGYETQYF;TRA:CALETSGSRLTF;TRA:CALSEAGTASKLTF	B06	CD8_TEM	centenarian	CASSLGRGYETQYF	CALSEAGTASKLTF	47	959	0.049009384775808136	CASSLGRGYETQYF+TCRBV05-06+TCRBJ02-05	TCRBV05-06	TCRBJ02-05	B*15:01	ci	feature9526_B_15_01	B	True	B*15:01	ci	7.25224e-10	-9.13952783213431	h-B_15_01-190	10.0	8.0	0.8875	0.5583972719522592	B	True	both	True	shared	ci	B*15:01	ci
Dataset1	AAGACCTCATGATCCA-8	TRB:CASSLGRGYETQYF;TRA:CALETSGSRLTF;TRA:CALSEAGTASKLTF	B06	CD8_TEMRA	centenarian	CASSLGRGYETQYF	CALSEAGTASKLTF	47	959	0.049009384775808136	CASSLGRGYETQYF+TCRBV05-06+TCRBJ02-05	TCRBV05-06	TCRBJ02-05	B*15:01	ci	feature9526_B_15_01	B	True	B*15:01	ci	7.25224e-10	-9.13952783213431	h-B_15_01-190	10.0	8.0	0.8875	0.5583972719522592	B	True	both	True	shared	ci	B*15:01	ci
Dataset1	AATCGGTTCTCTAAGG-8	TRB:CAQRRTRYGYTF;TRB:CASSLGVPSYNEQFF;TRA:CAAAYGGSQGNLIF	B06	CD4_CTL	centenarian	CASSLGVPSYNEQFF	CAAAYGGSQGNLIF	39	959	0.040667361835245046	CASSLGVPSYNEQFF+TCRBV19-01+TCRBJ02-01	TCRBV19-01	TCRBJ02-01	DQA1*05:01+DQB1*02:01	cii	feature33069_DQA1_05_01+DQB1_02_01	DQA1	True	DRB3*01:01P	cii	2.1462232e-10	-9.668325114854806	h-DRB3_01_01P-599	1.0	1.0		0.5562659846547315	DRB3	True	both	True	shared	cii	DQA1*05:01+DQB1*02:01	cii
Dataset1	ACACCAACAGTAAGCG-8	TRB:CASSLGRGYETQYF;TRA:CALETSGSRLTF;TRA:CALSEAGTASKLTF	B06	CD8_TEMRA	centenarian	CASSLGRGYETQYF	CALSEAGTASKLTF	47	959	0.049009384775808136	CASSLGRGYETQYF+TCRBV05-06+TCRBJ02-05	TCRBV05-06	TCRBJ02-05	B*15:01	ci	feature9526_B_15_01	B	True	B*15:01	ci	7.25224e-10	-9.13952783213431	h-B_15_01-190	10.0	8.0	0.8875	0.5583972719522592	B	True	both	True	shared	ci	B*15:01	ci
Dataset1	ACACCCTCATACTACG-8	TRB:CAQRRTRYGYTF;TRB:CASSLGVPSYNEQFF;TRA:CAAAYGGSQGNLIF	B06	CD4_CTL	centenarian	CASSLGVPSYNEQFF	CAAAYGGSQGNLIF	39	959	0.040667361835245046	CASSLGVPSYNEQFF+TCRBV19-01+TCRBJ02-01	TCRBV19-01	TCRBJ02-01	DQA1*05:01+DQB1*02:01	cii	feature33069_DQA1_05_01+DQB1_02_01	DQA1	True	DRB3*01:01P	cii	2.1462232e-10	-9.668325114854806	h-DRB3_01_01P-599	1.0	1.0		0.5562659846547315	DRB3	True	both	True	shared	cii	DQA1*05:01+DQB1*02:01	cii
Dataset1	ACACCCTGTAAGTTCC-8	TRB:CASSLGGTNTEAFF;TRA:CAVEDRSGDSTLTF	B09	CD4_Helper	centenarian	CASSLGGTNTEAFF	CAVEDRSGDSTLTF	1	1073	0.0009319664492078285	CASSLGGTNTEAFF+TCRBV04-03+TCRBJ01-01	TCRBV04-03	TCRBJ01-01	DQA1*05:05+DQB1*03:01	cii	feature33170_DQA1_05_05+DQB1_03_01	DQA1	True	DRB1*11:04	cii	1.4654671e-09	-8.834023927105342	h-DRB1_11_04-484	0.0	1.0		0.4452969593634555	DRB1	True	both	True	shared	cii	DQA1*05:05+DQB1*03:01	cii
Dataset1	ACACCGGGTCGCGAAA-8	TRB:CASSLGRGYETQYF;TRA:CALETSGSRLTF;TRA:CALSEAGTASKLTF	B06	CD8_TEMRA	centenarian	CASSLGRGYETQYF	CALSEAGTASKLTF	47	959	0.049009384775808136	CASSLGRGYETQYF+TCRBV05-06+TCRBJ02-05	TCRBV05-06	TCRBJ02-05	B*15:01	ci	feature9526_B_15_01	B	True	B*15:01	ci	7.25224e-10	-9.13952783213431	h-B_15_01-190	10.0	8.0	0.8875	0.5583972719522592	B	True	both	True	shared	ci	B*15:01	ci
Dataset1	ACAGCTATCAGTTAGC-8	TRB:CASSLIGVSSYNEQFF;TRA:CATVAWMDSSYKLIF	C07	CD8_TEMRA	supercentenarian	CASSLIGVSSYNEQFF	CATVAWMDSSYKLIF	4	974	0.004106776180698152	CASSLIGVSSYNEQFF+TCRBV07-09+TCRBJ02-01	TCRBV07-09	TCRBJ02-01	B*07:02	ci	feature7899_B_07_02	B	True	B*07:02	ci	1.5587147e-10	-9.807233368810149	h-B_07_02-535	6.0	8.0	1.0	0.6116794543904518	B	True	both	True	shared	ci	B*07:02	ci
Dataset1	ACGATACTCCAGAGGA-8	TRB:CASSVGVGYEQYF;TRA:CGTDTGANSKLTF	B06	CD8_TEM	centenarian	CASSVGVGYEQYF	CGTDTGANSKLTF	1	959	0.0010427528675703858	CASSVGVGYEQYF+TCRBV28-01+TCRBJ02-07	TCRBV28-01	TCRBJ02-07	C*08:02	ci	feature21047_C_08_02	C	True	C*08:02	ci	1.9450543e-09	-8.711068269988045	h-C_08_02-249	3.0	2.0		0.5512929809605002	C	True	both	True	shared	ci	C*08:02	ci
Dataset1	ACGCAGCAGAACAACT-8	TRB:CASSLGRGYETQYF;TRA:CALETSGSRLTF;TRA:CALSEAGTASKLTF	B06	CD8_TEMRA	centenarian	CASSLGRGYETQYF	CALSEAGTASKLTF	47	959	0.049009384775808136	CASSLGRGYETQYF+TCRBV05-06+TCRBJ02-05	TCRBV05-06	TCRBJ02-05	B*15:01	ci	feature9526_B_15_01	B	True	B*15:01	ci	7.25224e-10	-9.13952783213431	h-B_15_01-190	10.0	8.0	0.8875	0.5583972719522592	B	True	both	True	shared	ci	B*15:01	ci
Dataset1	ACGCCAGAGAGTGAGA-8	TRB:CASSLGRGYETQYF;TRA:CALETSGSRLTF;TRA:CALSEAGTASKLTF	B06	CD8_TEMRA	centenarian	CASSLGRGYETQYF	CALSEAGTASKLTF	47	959	0.049009384775808136	CASSLGRGYETQYF+TCRBV05-06+TCRBJ02-05	TCRBV05-06	TCRBJ02-05	B*15:01	ci	feature9526_B_15_01	B	True	B*15:01	ci	7.25224e-10	-9.13952783213431	h-B_15_01-190	10.0	8.0	0.8875	0.5583972719522592	B	True	both	True	shared	ci	B*15:01	ci
Dataset1	ACGTCAAAGGCTAGCA-8	TRB:CASSLIGVSSYNEQFF;TRA:CATVAWMDSSYKLIF	C07	CD8_TEM	supercentenarian	CASSLIGVSSYNEQFF	CATVAWMDSSYKLIF	4	974	0.004106776180698152	CASSLIGVSSYNEQFF+TCRBV07-09+TCRBJ02-01	TCRBV07-09	TCRBJ02-01	B*07:02	ci	feature7899_B_07_02	B	True	B*07:02	ci	1.5587147e-10	-9.807233368810149	h-B_07_02-535	6.0	8.0	1.0	0.6116794543904518	B	True	both	True	shared	ci	B*07:02	ci
Dataset1	ACTATCTAGTGGTCCC-8	TRB:CASSLGRGYETQYF;TRA:CALETSGSRLTF;TRA:CALSEAGTASKLTF	B06	CD8_TEMRA	centenarian	CASSLGRGYETQYF	CALSEAGTASKLTF	47	959	0.049009384775808136	CASSLGRGYETQYF+TCRBV05-06+TCRBJ02-05	TCRBV05-06	TCRBJ02-05	B*15:01	ci	feature9526_B_15_01	B	True	B*15:01	ci	7.25224e-10	-9.13952783213431	h-B_15_01-190	10.0	8.0	0.8875	0.5583972719522592	B	True	both	True	shared	ci	B*15:01	ci
Dataset1	ACTGCTCCACGAGAGT-8	TRB:CASSLGRGYETQYF;TRA:CALETSGSRLTF;TRA:CALSEAGTASKLTF	B06	CD8_TEMRA	centenarian	CASSLGRGYETQYF	CALSEAGTASKLTF	47	959	0.049009384775808136	CASSLGRGYETQYF+TCRBV05-06+TCRBJ02-05	TCRBV05-06	TCRBJ02-05	B*15:01	ci	feature9526_B_15_01	B	True	B*15:01	ci	7.25224e-10	-9.13952783213431	h-B_15_01-190	10.0	8.0	0.8875	0.5583972719522592	B	True	both	True	shared	ci	B*15:01	ci
Dataset1	ACTGCTCGTCCTGCTT-8	TRB:CASSLGRGYETQYF;TRA:CALETSGSRLTF;TRA:CALSEAGTASKLTF	B06	CD8_TEMRA	centenarian	CASSLGRGYETQYF	CALSEAGTASKLTF	47	959	0.049009384775808136	CASSLGRGYETQYF+TCRBV05-06+TCRBJ02-05	TCRBV05-06	TCRBJ02-05	B*15:01	ci	feature9526_B_15_01	B	True	B*15:01	ci	7.25224e-10	-9.13952783213431	h-B_15_01-190	10.0	8.0	0.8875	0.5583972719522592	B	True	both	True	shared	ci	B*15:01	ci
Dataset1	ACTTTCACAATGTTGC-8	TRB:CASSLGRFTDTQYF;TRA:CLVGDGGGGFKTIF	C07	CD8_TEM	supercentenarian	CASSLGRFTDTQYF	CLVGDGGGGFKTIF	1	974	0.001026694045174538	CASSLGRFTDTQYF+TCRBV11-02+TCRBJ02-03	TCRBV11-02	TCRBJ02-03					False	DQA1*01:02+DQB1*06:04	cii	1.7200902e-09	-8.764448778478997	h-DQA1_01_02_DQB1_06_04-349	0.0	0.0		0.4953111679454391	DQA1	True	right_only	False	2026 only	cii	DQA1*01:02+DQB1*06:04	cii
Dataset1	AGAATAGAGGGCATGT-8	TRB:CASSERAREPQHF;TRA:CADLFPPLSGGYQKVTF;TRA:CATDILTGGGNKLTF	C07	CD4_CTL	supercentenarian	CASSERAREPQHF	CATDILTGGGNKLTF	1	974	0.001026694045174538	CASSERAREPQHF+TCRBV10-02+TCRBJ01-05	TCRBV10-02	TCRBJ01-05	DRB1*01:01	cii	feature33517_DRB1_01_01	DRB1	True	DRB1*01:01	cii	4.963665e-11	-10.304197536915627	h-DRB1_01_01-298	6.0	4.0	1.0	0.4997158283603296	DRB1	True	both	True	shared	cii	DRB1*01:01	cii
Dataset1	AGAGCGAGTTTAGCTG-8	TRB:CASSRAGGSTDTQYF;TRA:CAGAGVDSNYQLIW	C07	CD4_Helper	supercentenarian	CASSRAGGSTDTQYF	CAGAGVDSNYQLIW	1	974	0.001026694045174538	CASSRAGGSTDTQYF+TCRBV07-08+TCRBJ02-03	TCRBV07-08	TCRBJ02-03					False	DQA1*01:02+DQB1*06:04	cii	7.109871e-10	-9.14813827894624	h-DQA1_01_02_DQB1_06_04-349	0.0	0.0		0.4953111679454391	DQA1	True	right_only	False	2026 only	cii	DQA1*01:02+DQB1*06:04	cii
Dataset1	AGCAGCCTCTGGTGTA-8	TRB:CAQRRTRYGYTF;TRB:CASSLGVPSYNEQFF;TRA:CAAAYGGSQGNLIF	B06	CD4_Helper	centenarian	CASSLGVPSYNEQFF	CAAAYGGSQGNLIF	39	959	0.040667361835245046	CASSLGVPSYNEQFF+TCRBV19-01+TCRBJ02-01	TCRBV19-01	TCRBJ02-01	DQA1*05:01+DQB1*02:01	cii	feature33069_DQA1_05_01+DQB1_02_01	DQA1	True	DRB3*01:01P	cii	2.1462232e-10	-9.668325114854806	h-DRB3_01_01P-599	1.0	1.0		0.5562659846547315	DRB3	True	both	True	shared	cii	DQA1*05:01+DQB1*02:01	cii
Dataset1	AGCATACGTACGCTGC-8	TRB:CAWSVVPGLAGTLAKNIQYF;TRA:CILPTNTGNQFYF;TRA:CIVRVTGNQFYF	B06	CD4_CTL	centenarian	CAWSVVPGLAGTLAKNIQYF	CIVRVTGNQFYF	3	959	0.0031282586027111575	CAWSVVPGLAGTLAKNIQYF+TCRBV30-01+TCRBJ02-04	TCRBV30-01	TCRBJ02-04					False	DQA1*01:03+DQB1*06:03	cii	9.628602e-13	-12.01643676456393	h-DQA1_01_03_DQB1_06_03-508	1.0	2.0		0.522023302074453	DQA1	True	right_only	False	2026 only	cii	DQA1*01:03+DQB1*06:03	cii
Dataset1	AGCTCCTCAAGTCATC-8	TRB:CASSLGRGYETQYF;TRA:CALETSGSRLTF;TRA:CALSEAGTASKLTF	B06	CD8_TEMRA	centenarian	CASSLGRGYETQYF	CALSEAGTASKLTF	47	959	0.049009384775808136	CASSLGRGYETQYF+TCRBV05-06+TCRBJ02-05	TCRBV05-06	TCRBJ02-05	B*15:01	ci	feature9526_B_15_01	B	True	B*15:01	ci	7.25224e-10	-9.13952783213431	h-B_15_01-190	10.0	8.0	0.8875	0.5583972719522592	B	True	both	True	shared	ci	B*15:01	ci
Dataset1	AGCTTGAGTGCGGTAA-8	TRB:CASSSQTSTDTQYF;TRA:CLVGDFPNNAGNMLTF	C07	CD4_Helper	supercentenarian	CASSSQTSTDTQYF	CLVGDFPNNAGNMLTF	1	974	0.001026694045174538	CASSSQTSTDTQYF+TCRBV28-01+TCRBJ02-03	TCRBV28-01	TCRBJ02-03					False	DRB1*04:01	cii	1.0852691e-09	-8.964462562133713	h-DRB1_04_01-510	3.0	10.0	1.0	0.5666382495026998	DRB1	True	right_only	False	2026 only	cii	DRB1*04:01	cii
Dataset1	AGGTCCGGTAGCTTGT-8	TRB:CAQRRTRYGYTF;TRB:CASSLGVPSYNEQFF;TRA:CAAAYGGSQGNLIF	B06	CD4_CTL	centenarian	CASSLGVPSYNEQFF	CAAAYGGSQGNLIF	39	959	0.040667361835245046	CASSLGVPSYNEQFF+TCRBV19-01+TCRBJ02-01	TCRBV19-01	TCRBJ02-01	DQA1*05:01+DQB1*02:01	cii	feature33069_DQA1_05_01+DQB1_02_01	DQA1	True	DRB3*01:01P	cii	2.1462232e-10	-9.668325114854806	h-DRB3_01_01P-599	1.0	1.0		0.5562659846547315	DRB3	True	both	True	shared	cii	DQA1*05:01+DQB1*02:01	cii
Dataset1	AGTTGGTGTGCAGACA-8	TRB:CASSSGQYYGYTF;TRA:CAVPNYGGSQGNLIF	B06	CD8_TEM	centenarian	CASSSGQYYGYTF	CAVPNYGGSQGNLIF	1	959	0.0010427528675703858	CASSSGQYYGYTF+TCRBV05-06+TCRBJ01-02	TCRBV05-06	TCRBJ01-02					False	A*01:01	ci	2.4188058e-09	-8.616398998679882	h-A_01_01-169	5.0	12.0	0.625	0.536231884057971	A	True	right_only	False	2026 only	ci	A*01:01	ci
Dataset1	ATAGACCAGTCCTCCT-8	TRB:CASSLGRGYETQYF;TRA:CALETSGSRLTF;TRA:CALSEAGTASKLTF	B06	CD8_TEMRA	centenarian	CASSLGRGYETQYF	CALSEAGTASKLTF	47	959	0.049009384775808136	CASSLGRGYETQYF+TCRBV05-06+TCRBJ02-05	TCRBV05-06	TCRBJ02-05	B*15:01	ci	feature9526_B_15_01	B	True	B*15:01	ci	7.25224e-10	-9.13952783213431	h-B_15_01-190	10.0	8.0	0.8875	0.5583972719522592	B	True	both	True	shared	ci	B*15:01	ci
Dataset1	ATAGACCGTCCTGCTT-8	TRB:CAQRRTRYGYTF;TRB:CASSLGVPSYNEQFF;TRA:CAAAYGGSQGNLIF	B06	CD4_CTL	centenarian	CASSLGVPSYNEQFF	CAAAYGGSQGNLIF	39	959	0.040667361835245046	CASSLGVPSYNEQFF+TCRBV19-01+TCRBJ02-01	TCRBV19-01	TCRBJ02-01	DQA1*05:01+DQB1*02:01	cii	feature33069_DQA1_05_01+DQB1_02_01	DQA1	True	DRB3*01:01P	cii	2.1462232e-10	-9.668325114854806	h-DRB3_01_01P-599	1.0	1.0		0.5562659846547315	DRB3	True	both	True	shared	cii	DQA1*05:01+DQB1*02:01	cii
Dataset1	ATAGACCTCCGGGTGT-8	TRB:CAQRRTRYGYTF;TRB:CASSLGVPSYNEQFF;TRA:CAAAYGGSQGNLIF	B06	CD4_Helper	centenarian	CASSLGVPSYNEQFF	CAAAYGGSQGNLIF	39	959	0.040667361835245046	CASSLGVPSYNEQFF+TCRBV19-01+TCRBJ02-01	TCRBV19-01	TCRBJ02-01	DQA1*05:01+DQB1*02:01	cii	feature33069_DQA1_05_01+DQB1_02_01	DQA1	True	DRB3*01:01P	cii	2.1462232e-10	-9.668325114854806	h-DRB3_01_01P-599	1.0	1.0		0.5562659846547315	DRB3	True	both	True	shared	cii	DQA1*05:01+DQB1*02:01	cii
Dataset1	ATCCGAATCAGTCCCT-8	TRB:CASSINANTEAFF;TRA:CALRRGSQGNLIF	B06	CD8_TEM	centenarian	CASSINANTEAFF	CALRRGSQGNLIF	1	959	0.0010427528675703858	CASSINANTEAFF+TCRBV19-01+TCRBJ01-01	TCRBV19-01	TCRBJ01-01	A*26:01	ci	feature4514_A_26_01	A	True											False	left_only	False	2024 only	ci	A*26:01	ci
Dataset1	ATCGAGTTCGTTTAGG-8	TRB:CAQRRTRYGYTF;TRB:CASSLGVPSYNEQFF;TRA:CAAAYGGSQGNLIF	B06	CD4_CTL	centenarian	CASSLGVPSYNEQFF	CAAAYGGSQGNLIF	39	959	0.040667361835245046	CASSLGVPSYNEQFF+TCRBV19-01+TCRBJ02-01	TCRBV19-01	TCRBJ02-01	DQA1*05:01+DQB1*02:01	cii	feature33069_DQA1_05_01+DQB1_02_01	DQA1	True	DRB3*01:01P	cii	2.1462232e-10	-9.668325114854806	h-DRB3_01_01P-599	1.0	1.0		0.5562659846547315	DRB3	True	both	True	shared	cii	DQA1*05:01+DQB1*02:01	cii
Dataset1	ATCTACTCACCAGCAC-8	TRB:CASSLGRGYETQYF;TRA:CALETSGSRLTF;TRA:CALSEAGTASKLTF	B06	CD8_TEM	centenarian	CASSLGRGYETQYF	CALSEAGTASKLTF	47	959	0.049009384775808136	CASSLGRGYETQYF+TCRBV05-06+TCRBJ02-05	TCRBV05-06	TCRBJ02-05	B*15:01	ci	feature9526_B_15_01	B	True	B*15:01	ci	7.25224e-10	-9.13952783213431	h-B_15_01-190	10.0	8.0	0.8875	0.5583972719522592	B	True	both	True	shared	ci	B*15:01	ci
Dataset1	ATCTACTGTACGCTGC-8	TRB:CAQRRTRYGYTF;TRB:CASSLGVPSYNEQFF;TRA:CAAAYGGSQGNLIF	B06	CD4_CTL	centenarian	CASSLGVPSYNEQFF	CAAAYGGSQGNLIF	39	959	0.040667361835245046	CASSLGVPSYNEQFF+TCRBV19-01+TCRBJ02-01	TCRBV19-01	TCRBJ02-01	DQA1*05:01+DQB1*02:01	cii	feature33069_DQA1_05_01+DQB1_02_01	DQA1	True	DRB3*01:01P	cii	2.1462232e-10	-9.668325114854806	h-DRB3_01_01P-599	1.0	1.0		0.5562659846547315	DRB3	True	both	True	shared	cii	DQA1*05:01+DQB1*02:01	cii
Dataset1	ATTGGACAGGTCGGAT-8	TRB:CAQRRTRYGYTF;TRB:CASSLGVPSYNEQFF;TRA:CAAAYGGSQGNLIF	B06	CD4_CTL	centenarian	CASSLGVPSYNEQFF	CAAAYGGSQGNLIF	39	959	0.040667361835245046	CASSLGVPSYNEQFF+TCRBV19-01+TCRBJ02-01	TCRBV19-01	TCRBJ02-01	DQA1*05:01+DQB1*02:01	cii	feature33069_DQA1_05_01+DQB1_02_01	DQA1	True	DRB3*01:01P	cii	2.1462232e-10	-9.668325114854806	h-DRB3_01_01P-599	1.0	1.0		0.5562659846547315	DRB3	True	both	True	shared	cii	DQA1*05:01+DQB1*02:01	cii
Dataset1	ATTGGACCACCCATGG-8	TRB:CASSLGRGYETQYF;TRA:CALETSGSRLTF;TRA:CALSEAGTASKLTF	B06	CD8_TEMRA	centenarian	CASSLGRGYETQYF	CALSEAGTASKLTF	47	959	0.049009384775808136	CASSLGRGYETQYF+TCRBV05-06+TCRBJ02-05	TCRBV05-06	TCRBJ02-05	B*15:01	ci	feature9526_B_15_01	B	True	B*15:01	ci	7.25224e-10	-9.13952783213431	h-B_15_01-190	10.0	8.0	0.8875	0.5583972719522592	B	True	both	True	shared	ci	B*15:01	ci
Dataset1	ATTGGTGCACAGTCGC-8	TRB:CASSLGRGYETQYF;TRA:CALETSGSRLTF;TRA:CALSEAGTASKLTF	B06	CD8_TEMRA	centenarian	CASSLGRGYETQYF	CALSEAGTASKLTF	47	959	0.049009384775808136	CASSLGRGYETQYF+TCRBV05-06+TCRBJ02-05	TCRBV05-06	TCRBJ02-05	B*15:01	ci	feature9526_B_15_01	B	True	B*15:01	ci	7.25224e-10	-9.13952783213431	h-B_15_01-190	10.0	8.0	0.8875	0.5583972719522592	B	True	both	True	shared	ci	B*15:01	ci
Dataset1	CAACTAGAGATAGGAG-8	TRB:CASSLGRGYETQYF;TRA:CALETSGSRLTF;TRA:CALSEAGTASKLTF	B06	CD8_TEMRA	centenarian	CASSLGRGYETQYF	CALSEAGTASKLTF	47	959	0.049009384775808136	CASSLGRGYETQYF+TCRBV05-06+TCRBJ02-05	TCRBV05-06	TCRBJ02-05	B*15:01	ci	feature9526_B_15_01	B	True	B*15:01	ci	7.25224e-10	-9.13952783213431	h-B_15_01-190	10.0	8.0	0.8875	0.5583972719522592	B	True	both	True	shared	ci	B*15:01	ci
Dataset1	CACACAATCCAATGGT-8	TRB:CASSLGRGYETQYF;TRA:CALETSGSRLTF;TRA:CALSEAGTASKLTF	B06	CD8_TEM	centenarian	CASSLGRGYETQYF	CALSEAGTASKLTF	47	959	0.049009384775808136	CASSLGRGYETQYF+TCRBV05-06+TCRBJ02-05	TCRBV05-06	TCRBJ02-05	B*15:01	ci	feature9526_B_15_01	B	True	B*15:01	ci	7.25224e-10	-9.13952783213431	h-B_15_01-190	10.0	8.0	0.8875	0.5583972719522592	B	True	both	True	shared	ci	B*15:01	ci
Dataset1	CACACAATCGTACCGG-8	TRB:CASSFGGSNQPQHF;TRA:CAGGNSGGSNYKLTF;TRA:CAPPPQVESNYQLIW	B06	CD4_Naive	centenarian	CASSFGGSNQPQHF	CAPPPQVESNYQLIW	1	959	0.0010427528675703858	CASSFGGSNQPQHF+TCRBV05-04+TCRBJ01-05	TCRBV05-04	TCRBJ01-05	DRB1*07:01	cii	feature37525_DRB1_07_01	DRB1	True	DRB1*07:01	cii	8.312433e-09	-8.080271842181778	h-DRB1_07_01-718	11.0	19.0	0.9617224880382776	0.5242966751918158	DRB1	True	both	True	shared	cii	DRB1*07:01	cii
Dataset1	CACAGGCCATCACCCT-8	TRB:CAQRRTRYGYTF;TRB:CASSLGVPSYNEQFF;TRA:CAAAYGGSQGNLIF	B06	CD4_CTL	centenarian	CASSLGVPSYNEQFF	CAAAYGGSQGNLIF	39	959	0.040667361835245046	CASSLGVPSYNEQFF+TCRBV19-01+TCRBJ02-01	TCRBV19-01	TCRBJ02-01	DQA1*05:01+DQB1*02:01	cii	feature33069_DQA1_05_01+DQB1_02_01	DQA1	True	DRB3*01:01P	cii	2.1462232e-10	-9.668325114854806	h-DRB3_01_01P-599	1.0	1.0		0.5562659846547315	DRB3	True	both	True	shared	cii	DQA1*05:01+DQB1*02:01	cii
Dataset1	CACAGTAGTGTGCGTC-8	TRB:CASSLGRGYETQYF;TRA:CALETSGSRLTF;TRA:CALSEAGTASKLTF	B06	CD8_TEMRA	centenarian	CASSLGRGYETQYF	CALSEAGTASKLTF	47	959	0.049009384775808136	CASSLGRGYETQYF+TCRBV05-06+TCRBJ02-05	TCRBV05-06	TCRBJ02-05	B*15:01	ci	feature9526_B_15_01	B	True	B*15:01	ci	7.25224e-10	-9.13952783213431	h-B_15_01-190	10.0	8.0	0.8875	0.5583972719522592	B	True	both	True	shared	ci	B*15:01	ci
Dataset1	CACATAGTCTTGCCGT-8	TRB:CASSLGRGYETQYF;TRA:CALETSGSRLTF;TRA:CALSEAGTASKLTF	B06	CD8_TEMRA	centenarian	CASSLGRGYETQYF	CALSEAGTASKLTF	47	959	0.049009384775808136	CASSLGRGYETQYF+TCRBV05-06+TCRBJ02-05	TCRBV05-06	TCRBJ02-05	B*15:01	ci	feature9526_B_15_01	B	True	B*15:01	ci	7.25224e-10	-9.13952783213431	h-B_15_01-190	10.0	8.0	0.8875	0.5583972719522592	B	True	both	True	shared	ci	B*15:01	ci
Dataset1	CACCAGGAGTACTTGC-8	TRB:CAWSVVPGLAGTLAKNIQYF;TRA:CILPTNTGNQFYF;TRA:CIVRVTGNQFYF	B06	CD4_CTL	centenarian	CAWSVVPGLAGTLAKNIQYF	CIVRVTGNQFYF	3	959	0.0031282586027111575	CAWSVVPGLAGTLAKNIQYF+TCRBV30-01+TCRBJ02-04	TCRBV30-01	TCRBJ02-04					False	DQA1*01:03+DQB1*06:03	cii	9.628602e-13	-12.01643676456393	h-DQA1_01_03_DQB1_06_03-508	1.0	2.0		0.522023302074453	DQA1	True	right_only	False	2026 only	cii	DQA1*01:03+DQB1*06:03	cii
Dataset1	CACCAGGGTGTCGCTG-8	TRB:CASSLGRGYETQYF;TRA:CALETSGSRLTF;TRA:CALSEAGTASKLTF	B06	CD8_TEMRA	centenarian	CASSLGRGYETQYF	CALSEAGTASKLTF	47	959	0.049009384775808136	CASSLGRGYETQYF+TCRBV05-06+TCRBJ02-05	TCRBV05-06	TCRBJ02-05	B*15:01	ci	feature9526_B_15_01	B	True	B*15:01	ci	7.25224e-10	-9.13952783213431	h-B_15_01-190	10.0	8.0	0.8875	0.5583972719522592	B	True	both	True	shared	ci	B*15:01	ci
Dataset1	CAGATCATCGCAAGCC-8	TRB:CASSLGRGYETQYF;TRA:CALETSGSRLTF;TRA:CALSEAGTASKLTF	B06	CD8_TEM	centenarian	CASSLGRGYETQYF	CALSEAGTASKLTF	47	959	0.049009384775808136	CASSLGRGYETQYF+TCRBV05-06+TCRBJ02-05	TCRBV05-06	TCRBJ02-05	B*15:01	ci	feature9526_B_15_01	B	True	B*15:01	ci	7.25224e-10	-9.13952783213431	h-B_15_01-190	10.0	8.0	0.8875	0.5583972719522592	B	True	both	True	shared	ci	B*15:01	ci
Dataset1	CAGCAGCGTTTAGGAA-8	TRB:CASSIFGELFF;TRA:CAVGNNAGNMLTF	B09	CD8_TEMRA	centenarian	CASSIFGELFF	CAVGNNAGNMLTF	1	1073	0.0009319664492078285	CASSIFGELFF+TCRBV19-01+TCRBJ02-02	TCRBV19-01	TCRBJ02-02	B*44:03	ci	feature16423_B_44_03	B	True	B*44:03	ci	1.6049533e-09	-8.794537599924139	h-B_44_03-229	1.0	2.0		0.5485933503836318	B	True	both	True	shared	ci	B*44:03	ci
Dataset1	CAGCGACCATCTATGG-8	TRB:CAQRRTRYGYTF;TRB:CASSLGVPSYNEQFF;TRA:CAAAYGGSQGNLIF	B06	CD4_CTL	centenarian	CASSLGVPSYNEQFF	CAAAYGGSQGNLIF	39	959	0.040667361835245046	CASSLGVPSYNEQFF+TCRBV19-01+TCRBJ02-01	TCRBV19-01	TCRBJ02-01	DQA1*05:01+DQB1*02:01	cii	feature33069_DQA1_05_01+DQB1_02_01	DQA1	True	DRB3*01:01P	cii	2.1462232e-10	-9.668325114854806	h-DRB3_01_01P-599	1.0	1.0		0.5562659846547315	DRB3	True	both	True	shared	cii	DQA1*05:01+DQB1*02:01	cii
Dataset1	CATATGGGTAGCTTGT-8	TRB:CASSLGRGYETQYF;TRA:CALETSGSRLTF;TRA:CALSEAGTASKLTF	B06	CD8_TEMRA	centenarian	CASSLGRGYETQYF	CALSEAGTASKLTF	47	959	0.049009384775808136	CASSLGRGYETQYF+TCRBV05-06+TCRBJ02-05	TCRBV05-06	TCRBJ02-05	B*15:01	ci	feature9526_B_15_01	B	True	B*15:01	ci	7.25224e-10	-9.13952783213431	h-B_15_01-190	10.0	8.0	0.8875	0.5583972719522592	B	True	both	True	shared	ci	B*15:01	ci
Dataset1	CATCAGAGTTCGCGAC-8	TRB:CAQRRTRYGYTF;TRB:CASSLGVPSYNEQFF;TRA:CAAAYGGSQGNLIF	B06	CD4_CTL	centenarian	CASSLGVPSYNEQFF	CAAAYGGSQGNLIF	39	959	0.040667361835245046	CASSLGVPSYNEQFF+TCRBV19-01+TCRBJ02-01	TCRBV19-01	TCRBJ02-01	DQA1*05:01+DQB1*02:01	cii	feature33069_DQA1_05_01+DQB1_02_01	DQA1	True	DRB3*01:01P	cii	2.1462232e-10	-9.668325114854806	h-DRB3_01_01P-599	1.0	1.0		0.5562659846547315	DRB3	True	both	True	shared	cii	DQA1*05:01+DQB1*02:01	cii
Dataset1	CATGGCGAGCTAACAA-8	TRB:CASSLGRGYETQYF;TRA:CALETSGSRLTF;TRA:CALSEAGTASKLTF	B06	CD8_TEMRA	centenarian	CASSLGRGYETQYF	CALSEAGTASKLTF	47	959	0.049009384775808136	CASSLGRGYETQYF+TCRBV05-06+TCRBJ02-05	TCRBV05-06	TCRBJ02-05	B*15:01	ci	feature9526_B_15_01	B	True	B*15:01	ci	7.25224e-10	-9.13952783213431	h-B_15_01-190	10.0	8.0	0.8875	0.5583972719522592	B	True	both	True	shared	ci	B*15:01	ci
Dataset1	CCAATCCAGTCTTGCA-8	TRB:CASSLGRGYETQYF;TRA:CALETSGSRLTF;TRA:CALSEAGTASKLTF	B06	CD8_TEMRA	centenarian	CASSLGRGYETQYF	CALSEAGTASKLTF	47	959	0.049009384775808136	CASSLGRGYETQYF+TCRBV05-06+TCRBJ02-05	TCRBV05-06	TCRBJ02-05	B*15:01	ci	feature9526_B_15_01	B	True	B*15:01	ci	7.25224e-10	-9.13952783213431	h-B_15_01-190	10.0	8.0	0.8875	0.5583972719522592	B	True	both	True	shared	ci	B*15:01	ci
Dataset1	CCAATCCAGTTACGGG-8	TRB:CASSEAYSNQPQHF;TRA:CATQTSGSRLTF	C07	CD8_TEMRA	supercentenarian	CASSEAYSNQPQHF	CATQTSGSRLTF	2	974	0.002053388090349076	CASSEAYSNQPQHF+TCRBV02-01+TCRBJ01-05	TCRBV02-01	TCRBJ01-05					False	C*07:02	ci	3.2196705e-09	-8.49218857158179	h-C_07_02-298	6.0	7.0	0.5238095238095237	0.5475987496447854	C	True	right_only	False	2026 only	ci	C*07:02	ci
Dataset1	CCAATCCTCTGCCAGG-8	TRB:CAQRRTRYGYTF;TRB:CASSLGVPSYNEQFF;TRA:CAAAYGGSQGNLIF	B06	CD4_Helper	centenarian	CASSLGVPSYNEQFF	CAAAYGGSQGNLIF	39	959	0.040667361835245046	CASSLGVPSYNEQFF+TCRBV19-01+TCRBJ02-01	TCRBV19-01	TCRBJ02-01	DQA1*05:01+DQB1*02:01	cii	feature33069_DQA1_05_01+DQB1_02_01	DQA1	True	DRB3*01:01P	cii	2.1462232e-10	-9.668325114854806	h-DRB3_01_01P-599	1.0	1.0		0.5562659846547315	DRB3	True	both	True	shared	cii	DQA1*05:01+DQB1*02:01	cii
Dataset1	CCACCTAAGCACCGTC-8	TRB:CASSPGQGSTDTQYF;TRA:CAIYGNKLVF	B06	CD4_Helper	centenarian	CASSPGQGSTDTQYF	CAIYGNKLVF	1	959	0.0010427528675703858	CASSPGQGSTDTQYF+TCRBV18-01+TCRBJ02-03	TCRBV18-01	TCRBJ02-03					False	DRB1*07:01	cii	1.37322465e-08	-7.862258409395068	h-DRB1_07_01-718	11.0	19.0	0.9617224880382776	0.5242966751918158	DRB1	True	right_only	False	2026 only	cii	DRB1*07:01	cii
Dataset1	CCTTCGAAGAATGTGT-8	TRB:CASSLGRGYETQYF;TRA:CALETSGSRLTF;TRA:CALSEAGTASKLTF	B06	CD8_TEMRA	centenarian	CASSLGRGYETQYF	CALSEAGTASKLTF	47	959	0.049009384775808136	CASSLGRGYETQYF+TCRBV05-06+TCRBJ02-05	TCRBV05-06	TCRBJ02-05	B*15:01	ci	feature9526_B_15_01	B	True	B*15:01	ci	7.25224e-10	-9.13952783213431	h-B_15_01-190	10.0	8.0	0.8875	0.5583972719522592	B	True	both	True	shared	ci	B*15:01	ci
Dataset1	CGAGAAGTCCTAGTGA-8	TRB:CASSLGRGYETQYF;TRA:CALETSGSRLTF;TRA:CALSEAGTASKLTF	B06	CD8_TEMRA	centenarian	CASSLGRGYETQYF	CALSEAGTASKLTF	47	959	0.049009384775808136	CASSLGRGYETQYF+TCRBV05-06+TCRBJ02-05	TCRBV05-06	TCRBJ02-05	B*15:01	ci	feature9526_B_15_01	B	True	B*15:01	ci	7.25224e-10	-9.13952783213431	h-B_15_01-190	10.0	8.0	0.8875	0.5583972719522592	B	True	both	True	shared	ci	B*15:01	ci
Dataset1	CGAGCACCAAGGTTCT-8	TRB:CASSLGRGYETQYF;TRA:CALETSGSRLTF;TRA:CALSEAGTASKLTF	B06	CD8_TEMRA	centenarian	CASSLGRGYETQYF	CALSEAGTASKLTF	47	959	0.049009384775808136	CASSLGRGYETQYF+TCRBV05-06+TCRBJ02-05	TCRBV05-06	TCRBJ02-05	B*15:01	ci	feature9526_B_15_01	B	True	B*15:01	ci	7.25224e-10	-9.13952783213431	h-B_15_01-190	10.0	8.0	0.8875	0.5583972719522592	B	True	both	True	shared	ci	B*15:01	ci
Dataset1	CGCTGGAGTCTCCCTA-8	TRB:CASSFPTSGDETQYF;TRA:CALSENYGQNFVF	C07	CD8_TEM	supercentenarian	CASSFPTSGDETQYF	CALSENYGQNFVF	1	974	0.001026694045174538	CASSFPTSGDETQYF+TCRBV07-09+TCRBJ02-05	TCRBV07-09	TCRBJ02-05					False	A*24:02	ci	4.1856886e-11	-10.378233084724565	h-A_24_02-93	13.0	9.0	0.9829059829059827	0.6315714691673772	A	True	right_only	False	2026 only	ci	A*24:02	ci
Dataset1	CGCTGGAGTTAGGGTG-8	TRB:CASSLGRGYETQYF;TRA:CALETSGSRLTF;TRA:CALSEAGTASKLTF	B06	CD8_TEMRA	centenarian	CASSLGRGYETQYF	CALSEAGTASKLTF	47	959	0.049009384775808136	CASSLGRGYETQYF+TCRBV05-06+TCRBJ02-05	TCRBV05-06	TCRBJ02-05	B*15:01	ci	feature9526_B_15_01	B	True	B*15:01	ci	7.25224e-10	-9.13952783213431	h-B_15_01-190	10.0	8.0	0.8875	0.5583972719522592	B	True	both	True	shared	ci	B*15:01	ci
Dataset1	CGGACGTTCATAAAGG-8	TRB:CAQRRTRYGYTF;TRB:CASSLGVPSYNEQFF;TRA:CAAAYGGSQGNLIF	B06	CD4_CTL	centenarian	CASSLGVPSYNEQFF	CAAAYGGSQGNLIF	39	959	0.040667361835245046	CASSLGVPSYNEQFF+TCRBV19-01+TCRBJ02-01	TCRBV19-01	TCRBJ02-01	DQA1*05:01+DQB1*02:01	cii	feature33069_DQA1_05_01+DQB1_02_01	DQA1	True	DRB3*01:01P	cii	2.1462232e-10	-9.668325114854806	h-DRB3_01_01P-599	1.0	1.0		0.5562659846547315	DRB3	True	both	True	shared	cii	DQA1*05:01+DQB1*02:01	cii
Dataset1	CGGACTGAGAAACGAG-8	TRB:CASSLGRGYETQYF;TRA:CALETSGSRLTF;TRA:CALSEAGTASKLTF	B06	CD8_TEMRA	centenarian	CASSLGRGYETQYF	CALSEAGTASKLTF	47	959	0.049009384775808136	CASSLGRGYETQYF+TCRBV05-06+TCRBJ02-05	TCRBV05-06	TCRBJ02-05	B*15:01	ci	feature9526_B_15_01	B	True	B*15:01	ci	7.25224e-10	-9.13952783213431	h-B_15_01-190	10.0	8.0	0.8875	0.5583972719522592	B	True	both	True	shared	ci	B*15:01	ci
Dataset1	CGGAGCTAGCTTATCG-8	TRB:CAWSVVPGLAGTLAKNIQYF;TRA:CILPTNTGNQFYF;TRA:CIVRVTGNQFYF	B06	CD4_CTL	centenarian	CAWSVVPGLAGTLAKNIQYF	CIVRVTGNQFYF	3	959	0.0031282586027111575	CAWSVVPGLAGTLAKNIQYF+TCRBV30-01+TCRBJ02-04	TCRBV30-01	TCRBJ02-04					False	DQA1*01:03+DQB1*06:03	cii	9.628602e-13	-12.01643676456393	h-DQA1_01_03_DQB1_06_03-508	1.0	2.0		0.522023302074453	DQA1	True	right_only	False	2026 only	cii	DQA1*01:03+DQB1*06:03	cii
Dataset1	CGGAGTCGTGGTACAG-8	TRB:CASSQGVYGYTF	C07	CD8_TEM	supercentenarian	CASSQGVYGYTF		1	974	0.001026694045174538	CASSQGVYGYTF+TCRBV16-01+TCRBJ01-02	TCRBV16-01	TCRBJ01-02	DRB1*01:01	cii	feature33517_DRB1_01_01	DRB1	True	DRB1*01:01	cii	2.6290295e-10	-9.580204540704084	h-DRB1_01_01-298	6.0	4.0	1.0	0.4997158283603296	DRB1	True	both	True	shared	cii	DRB1*01:01	cii
Dataset1	CTAACTTCAATGGTCT-8	TRB:CASSLGRGYETQYF;TRA:CALETSGSRLTF;TRA:CALSEAGTASKLTF	B06	CD8_TEM	centenarian	CASSLGRGYETQYF	CALSEAGTASKLTF	47	959	0.049009384775808136	CASSLGRGYETQYF+TCRBV05-06+TCRBJ02-05	TCRBV05-06	TCRBJ02-05	B*15:01	ci	feature9526_B_15_01	B	True	B*15:01	ci	7.25224e-10	-9.13952783213431	h-B_15_01-190	10.0	8.0	0.8875	0.5583972719522592	B	True	both	True	shared	ci	B*15:01	ci
Dataset1	CTAATGGGTCCATCCT-8	TRB:CASSLGRGYETQYF;TRA:CALETSGSRLTF;TRA:CALSEAGTASKLTF	B06	CD8_TEMRA	centenarian	CASSLGRGYETQYF	CALSEAGTASKLTF	47	959	0.049009384775808136	CASSLGRGYETQYF+TCRBV05-06+TCRBJ02-05	TCRBV05-06	TCRBJ02-05	B*15:01	ci	feature9526_B_15_01	B	True	B*15:01	ci	7.25224e-10	-9.13952783213431	h-B_15_01-190	10.0	8.0	0.8875	0.5583972719522592	B	True	both	True	shared	ci	B*15:01	ci
Dataset1	CTCCTAGCAGCTGTGC-8	TRB:CASSLGRGYETQYF;TRA:CALETSGSRLTF;TRA:CALSEAGTASKLTF	B06	CD8_TEMRA	centenarian	CASSLGRGYETQYF	CALSEAGTASKLTF	47	959	0.049009384775808136	CASSLGRGYETQYF+TCRBV05-06+TCRBJ02-05	TCRBV05-06	TCRBJ02-05	B*15:01	ci	feature9526_B_15_01	B	True	B*15:01	ci	7.25224e-10	-9.13952783213431	h-B_15_01-190	10.0	8.0	0.8875	0.5583972719522592	B	True	both	True	shared	ci	B*15:01	ci
Dataset1	CTCGTACGTACCATCA-8	TRB:CASSLGRGYETQYF;TRA:CALETSGSRLTF;TRA:CALSEAGTASKLTF	B06	CD8_TEMRA	centenarian	CASSLGRGYETQYF	CALSEAGTASKLTF	47	959	0.049009384775808136	CASSLGRGYETQYF+TCRBV05-06+TCRBJ02-05	TCRBV05-06	TCRBJ02-05	B*15:01	ci	feature9526_B_15_01	B	True	B*15:01	ci	7.25224e-10	-9.13952783213431	h-B_15_01-190	10.0	8.0	0.8875	0.5583972719522592	B	True	both	True	shared	ci	B*15:01	ci
Dataset1	CTCTACGAGTCACGCC-8	TRB:CAQRRTRYGYTF;TRB:CASSLGVPSYNEQFF;TRA:CAAAYGGSQGNLIF	B06	CD4_CTL	centenarian	CASSLGVPSYNEQFF	CAAAYGGSQGNLIF	39	959	0.040667361835245046	CASSLGVPSYNEQFF+TCRBV19-01+TCRBJ02-01	TCRBV19-01	TCRBJ02-01	DQA1*05:01+DQB1*02:01	cii	feature33069_DQA1_05_01+DQB1_02_01	DQA1	True	DRB3*01:01P	cii	2.1462232e-10	-9.668325114854806	h-DRB3_01_01P-599	1.0	1.0		0.5562659846547315	DRB3	True	both	True	shared	cii	DQA1*05:01+DQB1*02:01	cii
Dataset1	CTGAAACTCTTAGAGC-8	TRB:CAQRRTRYGYTF;TRB:CASSLGVPSYNEQFF;TRA:CAAAYGGSQGNLIF	B06	CD4_Helper	centenarian	CASSLGVPSYNEQFF	CAAAYGGSQGNLIF	39	959	0.040667361835245046	CASSLGVPSYNEQFF+TCRBV19-01+TCRBJ02-01	TCRBV19-01	TCRBJ02-01	DQA1*05:01+DQB1*02:01	cii	feature33069_DQA1_05_01+DQB1_02_01	DQA1	True	DRB3*01:01P	cii	2.1462232e-10	-9.668325114854806	h-DRB3_01_01P-599	1.0	1.0		0.5562659846547315	DRB3	True	both	True	shared	cii	DQA1*05:01+DQB1*02:01	cii
Dataset1	CTGATAGGTAAATGTG-8	TRB:CASSLGRGYETQYF;TRA:CALETSGSRLTF;TRA:CALSEAGTASKLTF	B06	CD8_TEMRA	centenarian	CASSLGRGYETQYF	CALSEAGTASKLTF	47	959	0.049009384775808136	CASSLGRGYETQYF+TCRBV05-06+TCRBJ02-05	TCRBV05-06	TCRBJ02-05	B*15:01	ci	feature9526_B_15_01	B	True	B*15:01	ci	7.25224e-10	-9.13952783213431	h-B_15_01-190	10.0	8.0	0.8875	0.5583972719522592	B	True	both	True	shared	ci	B*15:01	ci
Dataset1	CTGATAGTCTCAAGTG-8	TRB:CAQRRTRYGYTF;TRB:CASSLGVPSYNEQFF;TRA:CAAAYGGSQGNLIF	B06	CD4_CTL	centenarian	CASSLGVPSYNEQFF	CAAAYGGSQGNLIF	39	959	0.040667361835245046	CASSLGVPSYNEQFF+TCRBV19-01+TCRBJ02-01	TCRBV19-01	TCRBJ02-01	DQA1*05:01+DQB1*02:01	cii	feature33069_DQA1_05_01+DQB1_02_01	DQA1	True	DRB3*01:01P	cii	2.1462232e-10	-9.668325114854806	h-DRB3_01_01P-599	1.0	1.0		0.5562659846547315	DRB3	True	both	True	shared	cii	DQA1*05:01+DQB1*02:01	cii
Dataset1	GAAATGAAGGAGCGAG-8	TRB:CAQRRTRYGYTF;TRB:CASSLGVPSYNEQFF;TRA:CAAAYGGSQGNLIF	B06	CD4_CTL	centenarian	CASSLGVPSYNEQFF	CAAAYGGSQGNLIF	39	959	0.040667361835245046	CASSLGVPSYNEQFF+TCRBV19-01+TCRBJ02-01	TCRBV19-01	TCRBJ02-01	DQA1*05:01+DQB1*02:01	cii	feature33069_DQA1_05_01+DQB1_02_01	DQA1	True	DRB3*01:01P	cii	2.1462232e-10	-9.668325114854806	h-DRB3_01_01P-599	1.0	1.0		0.5562659846547315	DRB3	True	both	True	shared	cii	DQA1*05:01+DQB1*02:01	cii
Dataset1	GAAATGAGTGTGCGTC-8	TRB:CASSLGRGYETQYF;TRA:CALETSGSRLTF;TRA:CALSEAGTASKLTF	B06	CD8_TEMRA	centenarian	CASSLGRGYETQYF	CALSEAGTASKLTF	47	959	0.049009384775808136	CASSLGRGYETQYF+TCRBV05-06+TCRBJ02-05	TCRBV05-06	TCRBJ02-05	B*15:01	ci	feature9526_B_15_01	B	True	B*15:01	ci	7.25224e-10	-9.13952783213431	h-B_15_01-190	10.0	8.0	0.8875	0.5583972719522592	B	True	both	True	shared	ci	B*15:01	ci
Dataset1	GAACATCTCTTGTACT-8	TRB:CASSLAGTGAEQYF;TRA:CALSEGNTPLVF	B06	CD4_CTL	centenarian	CASSLAGTGAEQYF	CALSEGNTPLVF	1	959	0.0010427528675703858	CASSLAGTGAEQYF+TCRBV06-05+TCRBJ02-07	TCRBV06-05	TCRBJ02-07					False	DRB3*01:01P	cii	1.753554e-10	-9.756080855650216	h-DRB3_01_01P-599	1.0	1.0		0.5562659846547315	DRB3	True	right_only	False	2026 only	cii	DRB3*01:01P	cii
Dataset1	GAATGAAGTGGTAACG-8	TRB:CASSLSGGSGETQYF;TRA:CAENTSGTYKYIF	C07	CD4_Helper	supercentenarian	CASSLSGGSGETQYF	CAENTSGTYKYIF	1	974	0.001026694045174538	CASSLSGGSGETQYF+TCRBV04-01+TCRBJ02-05	TCRBV04-01	TCRBJ02-05					False	DQA1*01:01+DQB1*05:01	cii	5.59914e-11	-10.25187867333957	h-DQA1_01_01_DQB1_05_01-323	9.0	8.0	1.0	0.6351236146632566	DQA1	True	right_only	False	2026 only	cii	DQA1*01:01+DQB1*05:01	cii
Dataset1	GACAGAGTCCAGTAGT-8	TRB:CAQRRTRYGYTF;TRB:CASSLGVPSYNEQFF;TRA:CAAAYGGSQGNLIF	B06	CD4_CTL	centenarian	CASSLGVPSYNEQFF	CAAAYGGSQGNLIF	39	959	0.040667361835245046	CASSLGVPSYNEQFF+TCRBV19-01+TCRBJ02-01	TCRBV19-01	TCRBJ02-01	DQA1*05:01+DQB1*02:01	cii	feature33069_DQA1_05_01+DQB1_02_01	DQA1	True	DRB3*01:01P	cii	2.1462232e-10	-9.668325114854806	h-DRB3_01_01P-599	1.0	1.0		0.5562659846547315	DRB3	True	both	True	shared	cii	DQA1*05:01+DQB1*02:01	cii
Dataset1	GACGCGTGTGAGTATA-8	TRB:CASSLGRGYETQYF;TRA:CALETSGSRLTF;TRA:CALSEAGTASKLTF	B06	CD8_TEMRA	centenarian	CASSLGRGYETQYF	CALSEAGTASKLTF	47	959	0.049009384775808136	CASSLGRGYETQYF+TCRBV05-06+TCRBJ02-05	TCRBV05-06	TCRBJ02-05	B*15:01	ci	feature9526_B_15_01	B	True	B*15:01	ci	7.25224e-10	-9.13952783213431	h-B_15_01-190	10.0	8.0	0.8875	0.5583972719522592	B	True	both	True	shared	ci	B*15:01	ci
Dataset1	GAGCAGAAGCCATCGC-8	TRB:CAQRRTRYGYTF;TRB:CASSLGVPSYNEQFF;TRA:CAAAYGGSQGNLIF	B06	CD4_CTL	centenarian	CASSLGVPSYNEQFF	CAAAYGGSQGNLIF	39	959	0.040667361835245046	CASSLGVPSYNEQFF+TCRBV19-01+TCRBJ02-01	TCRBV19-01	TCRBJ02-01	DQA1*05:01+DQB1*02:01	cii	feature33069_DQA1_05_01+DQB1_02_01	DQA1	True	DRB3*01:01P	cii	2.1462232e-10	-9.668325114854806	h-DRB3_01_01P-599	1.0	1.0		0.5562659846547315	DRB3	True	both	True	shared	cii	DQA1*05:01+DQB1*02:01	cii
Dataset1	GATTCAGCACTGAAGG-8	TRB:CASSLGRGYETQYF;TRA:CALETSGSRLTF;TRA:CALSEAGTASKLTF	B06	CD8_TEM	centenarian	CASSLGRGYETQYF	CALSEAGTASKLTF	47	959	0.049009384775808136	CASSLGRGYETQYF+TCRBV05-06+TCRBJ02-05	TCRBV05-06	TCRBJ02-05	B*15:01	ci	feature9526_B_15_01	B	True	B*15:01	ci	7.25224e-10	-9.13952783213431	h-B_15_01-190	10.0	8.0	0.8875	0.5583972719522592	B	True	both	True	shared	ci	B*15:01	ci
Dataset1	GCACTCTGTAACGCGA-8	TRB:CAQRRTRYGYTF;TRB:CASSLGVPSYNEQFF;TRA:CAAAYGGSQGNLIF	B06	CD4_CTL	centenarian	CASSLGVPSYNEQFF	CAAAYGGSQGNLIF	39	959	0.040667361835245046	CASSLGVPSYNEQFF+TCRBV19-01+TCRBJ02-01	TCRBV19-01	TCRBJ02-01	DQA1*05:01+DQB1*02:01	cii	feature33069_DQA1_05_01+DQB1_02_01	DQA1	True	DRB3*01:01P	cii	2.1462232e-10	-9.668325114854806	h-DRB3_01_01P-599	1.0	1.0		0.5562659846547315	DRB3	True	both	True	shared	cii	DQA1*05:01+DQB1*02:01	cii
Dataset1	GCATACAGTAGCCTCG-8	TRB:CSASPDSGNTIYF	C07	CD4_Helper	supercentenarian	CSASPDSGNTIYF		1	974	0.001026694045174538	CSASPDSGNTIYF+TCRBV20-01+TCRBJ01-03	TCRBV20-01	TCRBJ01-03					False	DRB1*04:03	cii	1.3226375e-08	-7.878559168149356	h-DRB1_04_03-441	1.0	2.0		0.5845410628019325	DRB1	True	right_only	False	2026 only	cii	DRB1*04:03	cii
Dataset1	GCCAAATTCCGCGGTA-8	TRB:CASSIRGRDTEAFF;TRA:CALSGTGNQFYF;TRA:CAVDSIESYGGSQGNLIF	C07	CD4_Helper	supercentenarian	CASSIRGRDTEAFF	CAVDSIESYGGSQGNLIF	1	974	0.001026694045174538	CASSIRGRDTEAFF+TCRBV07-02+TCRBJ01-01	TCRBV07-02	TCRBJ01-01	DRB1*01:01	cii	feature33517_DRB1_01_01	DRB1	True	DRB1*01:01	cii	3.9054932e-10	-9.408324114023992	h-DRB1_01_01-298	6.0	4.0	1.0	0.4997158283603296	DRB1	True	both	True	shared	cii	DRB1*01:01	cii
Dataset1	GCCTCTACAGCCAATT-8	TRB:CAQRRTRYGYTF;TRB:CASSLGVPSYNEQFF;TRA:CAAAYGGSQGNLIF	B06	CD4_CTL	centenarian	CASSLGVPSYNEQFF	CAAAYGGSQGNLIF	39	959	0.040667361835245046	CASSLGVPSYNEQFF+TCRBV19-01+TCRBJ02-01	TCRBV19-01	TCRBJ02-01	DQA1*05:01+DQB1*02:01	cii	feature33069_DQA1_05_01+DQB1_02_01	DQA1	True	DRB3*01:01P	cii	2.1462232e-10	-9.668325114854806	h-DRB3_01_01P-599	1.0	1.0		0.5562659846547315	DRB3	True	both	True	shared	cii	DQA1*05:01+DQB1*02:01	cii
Dataset1	GCGACCATCGGTTAAC-8	TRB:CASSEAYSNQPQHF;TRA:CATQTSGSRLTF	C07	CD8_TEMRA	supercentenarian	CASSEAYSNQPQHF	CATQTSGSRLTF	2	974	0.002053388090349076	CASSEAYSNQPQHF+TCRBV02-01+TCRBJ01-05	TCRBV02-01	TCRBJ01-05					False	C*07:02	ci	3.2196705e-09	-8.49218857158179	h-C_07_02-298	6.0	7.0	0.5238095238095237	0.5475987496447854	C	True	right_only	False	2026 only	ci	C*07:02	ci
Dataset1	GCGAGAAGTTAGAACA-8	TRB:CAQRRTRYGYTF;TRB:CASSLGVPSYNEQFF;TRA:CAAAYGGSQGNLIF	B06	CD4_CTL	centenarian	CASSLGVPSYNEQFF	CAAAYGGSQGNLIF	39	959	0.040667361835245046	CASSLGVPSYNEQFF+TCRBV19-01+TCRBJ02-01	TCRBV19-01	TCRBJ02-01	DQA1*05:01+DQB1*02:01	cii	feature33069_DQA1_05_01+DQB1_02_01	DQA1	True	DRB3*01:01P	cii	2.1462232e-10	-9.668325114854806	h-DRB3_01_01P-599	1.0	1.0		0.5562659846547315	DRB3	True	both	True	shared	cii	DQA1*05:01+DQB1*02:01	cii
Dataset1	GCGCGATAGTGAACGC-8	TRB:CASSRTGNNQPQHF;TRA:CGTENQAGTALIF	C07	CD8_TEM	supercentenarian	CASSRTGNNQPQHF	CGTENQAGTALIF	1	974	0.001026694045174538	CASSRTGNNQPQHF+TCRBV04-01+TCRBJ01-05	TCRBV04-01	TCRBJ01-05					False	DRB1*08:03	cii	2.3783513e-09	-8.623723996486353	h-DRB1_08_03-234	0.0	0.0		0.4671781756180734	DRB1	True	right_only	False	2026 only	cii	DRB1*08:03	cii
Dataset1	GCTGCGATCTCTGTCG-8	TRB:CAQRRTRYGYTF;TRB:CASSLGVPSYNEQFF;TRA:CAAAYGGSQGNLIF	B06	CD4_CTL	centenarian	CASSLGVPSYNEQFF	CAAAYGGSQGNLIF	39	959	0.040667361835245046	CASSLGVPSYNEQFF+TCRBV19-01+TCRBJ02-01	TCRBV19-01	TCRBJ02-01	DQA1*05:01+DQB1*02:01	cii	feature33069_DQA1_05_01+DQB1_02_01	DQA1	True	DRB3*01:01P	cii	2.1462232e-10	-9.668325114854806	h-DRB3_01_01P-599	1.0	1.0		0.5562659846547315	DRB3	True	both	True	shared	cii	DQA1*05:01+DQB1*02:01	cii
Dataset1	GGACAAGAGCAAATCA-8	TRB:CAQRRTRYGYTF;TRB:CASSLGVPSYNEQFF;TRA:CAAAYGGSQGNLIF	B06	CD4_CTL	centenarian	CASSLGVPSYNEQFF	CAAAYGGSQGNLIF	39	959	0.040667361835245046	CASSLGVPSYNEQFF+TCRBV19-01+TCRBJ02-01	TCRBV19-01	TCRBJ02-01	DQA1*05:01+DQB1*02:01	cii	feature33069_DQA1_05_01+DQB1_02_01	DQA1	True	DRB3*01:01P	cii	2.1462232e-10	-9.668325114854806	h-DRB3_01_01P-599	1.0	1.0		0.5562659846547315	DRB3	True	both	True	shared	cii	DQA1*05:01+DQB1*02:01	cii
Dataset1	GGTATTGAGATAGCAT-8	TRB:CAQRRTRYGYTF;TRB:CASSLGVPSYNEQFF;TRA:CAAAYGGSQGNLIF	B06	CD4_CTL	centenarian	CASSLGVPSYNEQFF	CAAAYGGSQGNLIF	39	959	0.040667361835245046	CASSLGVPSYNEQFF+TCRBV19-01+TCRBJ02-01	TCRBV19-01	TCRBJ02-01	DQA1*05:01+DQB1*02:01	cii	feature33069_DQA1_05_01+DQB1_02_01	DQA1	True	DRB3*01:01P	cii	2.1462232e-10	-9.668325114854806	h-DRB3_01_01P-599	1.0	1.0		0.5562659846547315	DRB3	True	both	True	shared	cii	DQA1*05:01+DQB1*02:01	cii
Dataset1	GGTGAAGAGATGCCAG-8	TRB:CAQRRTRYGYTF;TRB:CASSLGVPSYNEQFF;TRA:CAAAYGGSQGNLIF	B06	CD4_CTL	centenarian	CASSLGVPSYNEQFF	CAAAYGGSQGNLIF	39	959	0.040667361835245046	CASSLGVPSYNEQFF+TCRBV19-01+TCRBJ02-01	TCRBV19-01	TCRBJ02-01	DQA1*05:01+DQB1*02:01	cii	feature33069_DQA1_05_01+DQB1_02_01	DQA1	True	DRB3*01:01P	cii	2.1462232e-10	-9.668325114854806	h-DRB3_01_01P-599	1.0	1.0		0.5562659846547315	DRB3	True	both	True	shared	cii	DQA1*05:01+DQB1*02:01	cii
Dataset1	GGTGAAGTCCGTCAAA-8	TRB:CAQRRTRYGYTF;TRB:CASSLGVPSYNEQFF;TRA:CAAAYGGSQGNLIF	B06	CD4_CTL	centenarian	CASSLGVPSYNEQFF	CAAAYGGSQGNLIF	39	959	0.040667361835245046	CASSLGVPSYNEQFF+TCRBV19-01+TCRBJ02-01	TCRBV19-01	TCRBJ02-01	DQA1*05:01+DQB1*02:01	cii	feature33069_DQA1_05_01+DQB1_02_01	DQA1	True	DRB3*01:01P	cii	2.1462232e-10	-9.668325114854806	h-DRB3_01_01P-599	1.0	1.0		0.5562659846547315	DRB3	True	both	True	shared	cii	DQA1*05:01+DQB1*02:01	cii
Dataset1	GGTGTTAAGGGCATGT-8	TRB:CAQRRTRYGYTF;TRB:CASSLGVPSYNEQFF;TRA:CAAAYGGSQGNLIF	B06	CD4_CTL	centenarian	CASSLGVPSYNEQFF	CAAAYGGSQGNLIF	39	959	0.040667361835245046	CASSLGVPSYNEQFF+TCRBV19-01+TCRBJ02-01	TCRBV19-01	TCRBJ02-01	DQA1*05:01+DQB1*02:01	cii	feature33069_DQA1_05_01+DQB1_02_01	DQA1	True	DRB3*01:01P	cii	2.1462232e-10	-9.668325114854806	h-DRB3_01_01P-599	1.0	1.0		0.5562659846547315	DRB3	True	both	True	shared	cii	DQA1*05:01+DQB1*02:01	cii
Dataset1	GTCACAATCAAGAAGT-8	TRB:CASSPSVLNTEAFF;TRA:CAVTERDGNNRLAF	B09	CD4_Helper	centenarian	CASSPSVLNTEAFF	CAVTERDGNNRLAF	1	1073	0.0009319664492078285	CASSPSVLNTEAFF+TCRBV18-01+TCRBJ01-01	TCRBV18-01	TCRBJ01-01	B*44:03	ci	feature16423_B_44_03	B	True											False	left_only	False	2024 only	ci	B*44:03	ci
Dataset1	GTCGGGTGTCCGAAGA-8	TRB:CASSLGRGYETQYF;TRA:CALETSGSRLTF;TRA:CALSEAGTASKLTF	B06	CD8_TEMRA	centenarian	CASSLGRGYETQYF	CALSEAGTASKLTF	47	959	0.049009384775808136	CASSLGRGYETQYF+TCRBV05-06+TCRBJ02-05	TCRBV05-06	TCRBJ02-05	B*15:01	ci	feature9526_B_15_01	B	True	B*15:01	ci	7.25224e-10	-9.13952783213431	h-B_15_01-190	10.0	8.0	0.8875	0.5583972719522592	B	True	both	True	shared	ci	B*15:01	ci
Dataset1	TAAACCGTCAAGATCC-8	TRB:CAQRRTRYGYTF;TRB:CASSLGVPSYNEQFF;TRA:CAAAYGGSQGNLIF	B06	CD4_CTL	centenarian	CASSLGVPSYNEQFF	CAAAYGGSQGNLIF	39	959	0.040667361835245046	CASSLGVPSYNEQFF+TCRBV19-01+TCRBJ02-01	TCRBV19-01	TCRBJ02-01	DQA1*05:01+DQB1*02:01	cii	feature33069_DQA1_05_01+DQB1_02_01	DQA1	True	DRB3*01:01P	cii	2.1462232e-10	-9.668325114854806	h-DRB3_01_01P-599	1.0	1.0		0.5562659846547315	DRB3	True	both	True	shared	cii	DQA1*05:01+DQB1*02:01	cii
Dataset1	TACGGGCGTGCAGGTA-8	TRB:CAQRRTRYGYTF;TRB:CASSLGVPSYNEQFF;TRA:CAAAYGGSQGNLIF	B06	CD4_CTL	centenarian	CASSLGVPSYNEQFF	CAAAYGGSQGNLIF	39	959	0.040667361835245046	CASSLGVPSYNEQFF+TCRBV19-01+TCRBJ02-01	TCRBV19-01	TCRBJ02-01	DQA1*05:01+DQB1*02:01	cii	feature33069_DQA1_05_01+DQB1_02_01	DQA1	True	DRB3*01:01P	cii	2.1462232e-10	-9.668325114854806	h-DRB3_01_01P-599	1.0	1.0		0.5562659846547315	DRB3	True	both	True	shared	cii	DQA1*05:01+DQB1*02:01	cii
Dataset1	TACTCGCTCGAATGGG-8	TRB:CAQRRTRYGYTF;TRB:CASSLGVPSYNEQFF;TRA:CAAAYGGSQGNLIF	B06	CD4_CTL	centenarian	CASSLGVPSYNEQFF	CAAAYGGSQGNLIF	39	959	0.040667361835245046	CASSLGVPSYNEQFF+TCRBV19-01+TCRBJ02-01	TCRBV19-01	TCRBJ02-01	DQA1*05:01+DQB1*02:01	cii	feature33069_DQA1_05_01+DQB1_02_01	DQA1	True	DRB3*01:01P	cii	2.1462232e-10	-9.668325114854806	h-DRB3_01_01P-599	1.0	1.0		0.5562659846547315	DRB3	True	both	True	shared	cii	DQA1*05:01+DQB1*02:01	cii
Dataset1	TACTTACCAGGCTGAA-8	TRB:CASSEDSNTGELFF;TRA:CAVRDLRSGAGSYQLTF;TRA:CVVGRGNASKIIF	B06	CD8_TEMRA	centenarian	CASSEDSNTGELFF	CVVGRGNASKIIF	1	959	0.0010427528675703858	CASSEDSNTGELFF+TCRBV04-03+TCRBJ02-02	TCRBV04-03	TCRBJ02-02	B*51:01	ci	feature17945_B_51_01	B	True	B*51:01	ci	7.8820256e-11	-10.103362158924783	h-B_51_01-88	6.0	7.0	0.880952380952381	0.6010230179028133	B	True	both	True	shared	ci	B*51:01	ci
Dataset1	TACTTGTCAGCCTATA-8	TRB:CASSLGRGYETQYF;TRA:CALETSGSRLTF;TRA:CALSEAGTASKLTF	B06	CD8_TEMRA	centenarian	CASSLGRGYETQYF	CALSEAGTASKLTF	47	959	0.049009384775808136	CASSLGRGYETQYF+TCRBV05-06+TCRBJ02-05	TCRBV05-06	TCRBJ02-05	B*15:01	ci	feature9526_B_15_01	B	True	B*15:01	ci	7.25224e-10	-9.13952783213431	h-B_15_01-190	10.0	8.0	0.8875	0.5583972719522592	B	True	both	True	shared	ci	B*15:01	ci
Dataset1	TATGCCCCACACCGAC-8	TRB:CAQRRTRYGYTF;TRB:CASSLGVPSYNEQFF;TRA:CAAAYGGSQGNLIF	B06	CD4_CTL	centenarian	CASSLGVPSYNEQFF	CAAAYGGSQGNLIF	39	959	0.040667361835245046	CASSLGVPSYNEQFF+TCRBV19-01+TCRBJ02-01	TCRBV19-01	TCRBJ02-01	DQA1*05:01+DQB1*02:01	cii	feature33069_DQA1_05_01+DQB1_02_01	DQA1	True	DRB3*01:01P	cii	2.1462232e-10	-9.668325114854806	h-DRB3_01_01P-599	1.0	1.0		0.5562659846547315	DRB3	True	both	True	shared	cii	DQA1*05:01+DQB1*02:01	cii
Dataset1	TCAATCTTCAGTGTTG-8	TRB:CASSLGRGYETQYF;TRA:CALETSGSRLTF;TRA:CALSEAGTASKLTF	B06	CD8_TEM	centenarian	CASSLGRGYETQYF	CALSEAGTASKLTF	47	959	0.049009384775808136	CASSLGRGYETQYF+TCRBV05-06+TCRBJ02-05	TCRBV05-06	TCRBJ02-05	B*15:01	ci	feature9526_B_15_01	B	True	B*15:01	ci	7.25224e-10	-9.13952783213431	h-B_15_01-190	10.0	8.0	0.8875	0.5583972719522592	B	True	both	True	shared	ci	B*15:01	ci
Dataset1	TCAGCAATCTCCAACC-8	TRB:CASSLGRGYETQYF;TRA:CALETSGSRLTF;TRA:CALSEAGTASKLTF	B06	CD8_TEMRA	centenarian	CASSLGRGYETQYF	CALSEAGTASKLTF	47	959	0.049009384775808136	CASSLGRGYETQYF+TCRBV05-06+TCRBJ02-05	TCRBV05-06	TCRBJ02-05	B*15:01	ci	feature9526_B_15_01	B	True	B*15:01	ci	7.25224e-10	-9.13952783213431	h-B_15_01-190	10.0	8.0	0.8875	0.5583972719522592	B	True	both	True	shared	ci	B*15:01	ci
Dataset1	TCAGCTCTCAAACAAG-8	TRB:CASSRPGQGITEAFF;TRA:CAEGSNYQLIW	C07	CD4_Naive	supercentenarian	CASSRPGQGITEAFF	CAEGSNYQLIW	1	974	0.001026694045174538	CASSRPGQGITEAFF+TCRBV12-X+TCRBJ01-01	TCRBV12-X	TCRBJ01-01	DRB3*02:02	cii	feature42584_DRB3_02_02	DRB3	True	DRB3*02:02	cii	1.8582796e-10	-9.730888940718323	h-DRB3_02_02-99	20.0	25.0	0.966	0.7067348678601876	DRB3	True	both	True	shared	cii	DRB3*02:02	cii
Dataset1	TCAGGATGTATGGTTC-8	TRB:CAQRRTRYGYTF;TRB:CASSLGVPSYNEQFF;TRA:CAAAYGGSQGNLIF	B06	CD4_CTL	centenarian	CASSLGVPSYNEQFF	CAAAYGGSQGNLIF	39	959	0.040667361835245046	CASSLGVPSYNEQFF+TCRBV19-01+TCRBJ02-01	TCRBV19-01	TCRBJ02-01	DQA1*05:01+DQB1*02:01	cii	feature33069_DQA1_05_01+DQB1_02_01	DQA1	True	DRB3*01:01P	cii	2.1462232e-10	-9.668325114854806	h-DRB3_01_01P-599	1.0	1.0		0.5562659846547315	DRB3	True	both	True	shared	cii	DQA1*05:01+DQB1*02:01	cii
Dataset1	TCCACACTCTAACGGT-8	TRB:CASSLGRGYETQYF;TRA:CALETSGSRLTF;TRA:CALSEAGTASKLTF	B06	CD8_TEM	centenarian	CASSLGRGYETQYF	CALSEAGTASKLTF	47	959	0.049009384775808136	CASSLGRGYETQYF+TCRBV05-06+TCRBJ02-05	TCRBV05-06	TCRBJ02-05	B*15:01	ci	feature9526_B_15_01	B	True	B*15:01	ci	7.25224e-10	-9.13952783213431	h-B_15_01-190	10.0	8.0	0.8875	0.5583972719522592	B	True	both	True	shared	ci	B*15:01	ci
Dataset1	TCGCGAGGTGATAAAC-8	TRB:CASRVNTEAFF;TRA:CLVGETYNFNKFYF	B09	CD8_TEM	centenarian	CASRVNTEAFF	CLVGETYNFNKFYF	1	1073	0.0009319664492078285	CASRVNTEAFF+TCRBV06-X+TCRBJ01-01	TCRBV06-X	TCRBJ01-01	B*44:03	ci	feature16423_B_44_03	B	True	B*44:03	ci	3.6886874e-08	-7.433128147757048	h-B_44_03-229	1.0	2.0		0.5485933503836318	B	True	both	True	shared	ci	B*44:03	ci
Dataset1	TGACGGCTCGGTTAAC-8	TRB:CASSVTGTGAYEQYF;TRA:CALSGLEYGNKLVF	C07	CD4_Helper	supercentenarian	CASSVTGTGAYEQYF	CALSGLEYGNKLVF	1	974	0.001026694045174538	CASSVTGTGAYEQYF+TCRBV06-X+TCRBJ02-07	TCRBV06-X	TCRBJ02-07	DPA1*02:02+DPB1*05:01	cii	feature29615_DPA1_02_02+DPB1_05_01	DPA1	True											False	left_only	False	2024 only	cii	DPA1*02:02+DPB1*05:01	cii
Dataset1	TGAGCATGTGCACGAA-8	TRB:CASSLGRGYETQYF;TRA:CALETSGSRLTF;TRA:CALSEAGTASKLTF	B06	CD8_TEMRA	centenarian	CASSLGRGYETQYF	CALSEAGTASKLTF	47	959	0.049009384775808136	CASSLGRGYETQYF+TCRBV05-06+TCRBJ02-05	TCRBV05-06	TCRBJ02-05	B*15:01	ci	feature9526_B_15_01	B	True	B*15:01	ci	7.25224e-10	-9.13952783213431	h-B_15_01-190	10.0	8.0	0.8875	0.5583972719522592	B	True	both	True	shared	ci	B*15:01	ci
Dataset1	TGAGCCGCAAGCGCTC-8	TRB:CASSLGRGYETQYF;TRA:CALETSGSRLTF;TRA:CALSEAGTASKLTF	B06	CD8_TEMRA	centenarian	CASSLGRGYETQYF	CALSEAGTASKLTF	47	959	0.049009384775808136	CASSLGRGYETQYF+TCRBV05-06+TCRBJ02-05	TCRBV05-06	TCRBJ02-05	B*15:01	ci	feature9526_B_15_01	B	True	B*15:01	ci	7.25224e-10	-9.13952783213431	h-B_15_01-190	10.0	8.0	0.8875	0.5583972719522592	B	True	both	True	shared	ci	B*15:01	ci
Dataset1	TGCGTGGTCCGTAGGC-8	TRB:CASSLIGVSSYNEQFF;TRA:CATVAWMDSSYKLIF	C07	CD8_TEMRA	supercentenarian	CASSLIGVSSYNEQFF	CATVAWMDSSYKLIF	4	974	0.004106776180698152	CASSLIGVSSYNEQFF+TCRBV07-09+TCRBJ02-01	TCRBV07-09	TCRBJ02-01	B*07:02	ci	feature7899_B_07_02	B	True	B*07:02	ci	1.5587147e-10	-9.807233368810149	h-B_07_02-535	6.0	8.0	1.0	0.6116794543904518	B	True	both	True	shared	ci	B*07:02	ci
Dataset1	TTAGGCAAGTGGTAGC-8	TRB:CASSLGPSEAFF;TRA:CAVAPYGNKLVF	B06	CD4_Helper	centenarian	CASSLGPSEAFF	CAVAPYGNKLVF	1	959	0.0010427528675703858	CASSLGPSEAFF+TCRBV04-03+TCRBJ01-01	TCRBV04-03	TCRBJ01-01					False	DQA1*05:01+DQB1*02:01	cii	5.509588e-10	-9.258880875924337	h-DQA1_05_01_DQB1_02_01-630	12.0	12.0	0.9583333333333331	0.6351236146632567	DQA1	True	right_only	False	2026 only	cii	DQA1*05:01+DQB1*02:01	cii
Dataset1	TTAGTTCCAATCCGAT-8	TRB:CAQRRTRYGYTF;TRB:CASSLGVPSYNEQFF;TRA:CAAAYGGSQGNLIF	B06	CD4_CTL	centenarian	CASSLGVPSYNEQFF	CAAAYGGSQGNLIF	39	959	0.040667361835245046	CASSLGVPSYNEQFF+TCRBV19-01+TCRBJ02-01	TCRBV19-01	TCRBJ02-01	DQA1*05:01+DQB1*02:01	cii	feature33069_DQA1_05_01+DQB1_02_01	DQA1	True	DRB3*01:01P	cii	2.1462232e-10	-9.668325114854806	h-DRB3_01_01P-599	1.0	1.0		0.5562659846547315	DRB3	True	both	True	shared	cii	DQA1*05:01+DQB1*02:01	cii
Dataset1	TTATGCTGTCGAACAG-8	TRB:CAQRRTRYGYTF;TRB:CASSLGVPSYNEQFF;TRA:CAAAYGGSQGNLIF	B06	CD4_Helper	centenarian	CASSLGVPSYNEQFF	CAAAYGGSQGNLIF	39	959	0.040667361835245046	CASSLGVPSYNEQFF+TCRBV19-01+TCRBJ02-01	TCRBV19-01	TCRBJ02-01	DQA1*05:01+DQB1*02:01	cii	feature33069_DQA1_05_01+DQB1_02_01	DQA1	True	DRB3*01:01P	cii	2.1462232e-10	-9.668325114854806	h-DRB3_01_01P-599	1.0	1.0		0.5562659846547315	DRB3	True	both	True	shared	cii	DQA1*05:01+DQB1*02:01	cii
Dataset1	TTCGAAGAGCACCGCT-8	TRB:CASSLGRGYETQYF	B06	CD8_TEMRA	centenarian	CASSLGRGYETQYF		1	959	0.0010427528675703858	CASSLGRGYETQYF+TCRBV05-06+TCRBJ02-05	TCRBV05-06	TCRBJ02-05	B*15:01	ci	feature9526_B_15_01	B	True	B*15:01	ci	7.25224e-10	-9.13952783213431	h-B_15_01-190	10.0	8.0	0.8875	0.5583972719522592	B	True	both	True	shared	ci	B*15:01	ci
Dataset1	TTCTACAGTTCGGCAC-8	TRB:CAQRRTRYGYTF;TRB:CASSLGVPSYNEQFF;TRA:CAAAYGGSQGNLIF	B06	CD4_CTL	centenarian	CASSLGVPSYNEQFF	CAAAYGGSQGNLIF	39	959	0.040667361835245046	CASSLGVPSYNEQFF+TCRBV19-01+TCRBJ02-01	TCRBV19-01	TCRBJ02-01	DQA1*05:01+DQB1*02:01	cii	feature33069_DQA1_05_01+DQB1_02_01	DQA1	True	DRB3*01:01P	cii	2.1462232e-10	-9.668325114854806	h-DRB3_01_01P-599	1.0	1.0		0.5562659846547315	DRB3	True	both	True	shared	cii	DQA1*05:01+DQB1*02:01	cii
Dataset1	TTCTACATCTGCAAGT-8	TRB:CASSLAGTGAEQYF	B06	CD4_CTL	centenarian	CASSLAGTGAEQYF		1	959	0.0010427528675703858	CASSLAGTGAEQYF+TCRBV06-05+TCRBJ02-07	TCRBV06-05	TCRBJ02-07					False	DRB3*01:01P	cii	1.753554e-10	-9.756080855650216	h-DRB3_01_01P-599	1.0	1.0		0.5562659846547315	DRB3	True	right_only	False	2026 only	cii	DRB3*01:01P	cii
Dataset1	TTCTCAAAGCTATGCT-8	TRB:CAQRRTRYGYTF;TRB:CASSLGVPSYNEQFF;TRA:CAAAYGGSQGNLIF	B06	CD4_CTL	centenarian	CASSLGVPSYNEQFF	CAAAYGGSQGNLIF	39	959	0.040667361835245046	CASSLGVPSYNEQFF+TCRBV19-01+TCRBJ02-01	TCRBV19-01	TCRBJ02-01	DQA1*05:01+DQB1*02:01	cii	feature33069_DQA1_05_01+DQB1_02_01	DQA1	True	DRB3*01:01P	cii	2.1462232e-10	-9.668325114854806	h-DRB3_01_01P-599	1.0	1.0		0.5562659846547315	DRB3	True	both	True	shared	cii	DQA1*05:01+DQB1*02:01	cii
Dataset1	TTGAACGAGCTGTTCA-8	TRB:CASSLGSNTGELFF;TRA:CAYNSGGYQKVTF	B09	CD4_Naive	centenarian	CASSLGSNTGELFF	CAYNSGGYQKVTF	1	1073	0.0009319664492078285	CASSLGSNTGELFF+TCRBV13-01+TCRBJ02-02	TCRBV13-01	TCRBJ02-02					False	DRB1*13:01	cii	1.23085275e-08	-7.909793899698699	h-DRB1_13_01-221	2.0	5.0		0.6243250923557829	DRB1	True	right_only	False	2026 only	cii	DRB1*13:01	cii
Dataset1	TTGGAACGTTGCCTCT-8	TRB:CASSLGRGYETQYF;TRA:CALETSGSRLTF;TRA:CALSEAGTASKLTF	B06	CD8_TEMRA	centenarian	CASSLGRGYETQYF	CALSEAGTASKLTF	47	959	0.049009384775808136	CASSLGRGYETQYF+TCRBV05-06+TCRBJ02-05	TCRBV05-06	TCRBJ02-05	B*15:01	ci	feature9526_B_15_01	B	True	B*15:01	ci	7.25224e-10	-9.13952783213431	h-B_15_01-190	10.0	8.0	0.8875	0.5583972719522592	B	True	both	True	shared	ci	B*15:01	ci
Dataset1	TTTGTCATCGAACGGA-8	TRB:CASRPGGPYEQYF;TRA:CAVPTNTGGFKTIF	C07	CD4_Treg	supercentenarian	CASRPGGPYEQYF	CAVPTNTGGFKTIF	1	974	0.001026694045174538	CASRPGGPYEQYF+TCRBV06-05+TCRBJ02-07	TCRBV06-05	TCRBJ02-07	DRB1*04:04	cii	feature36338_DRB1_04_04	DRB1	True											False	left_only	False	2024 only	cii	DRB1*04:04	cii
Dataset1	AAACCTGTCAGCTCTC-9	TRB:CASSSPTGGNEQFF;TRA:CAASYFGNEKLTF	C04	CD8_TEMRA	supercentenarian	CASSSPTGGNEQFF	CAASYFGNEKLTF	95	1366	0.06954612005856516	CASSSPTGGNEQFF+TCRBV07-09+TCRBJ02-01	TCRBV07-09	TCRBJ02-01	B*15:01	ci	feature9526_B_15_01	B	True	B*15:01	ci	4.8668347e-10	-9.312753404135984	h-B_15_01-190	10.0	8.0	0.8875	0.5583972719522592	B	True	both	True	shared	ci	B*15:01	ci
Dataset1	AAACGGGAGGCTCATT-9	TRB:CASSYSGTSGDYEQYF;TRA:CATEEMNRDDKIIF	C03	CD8_TEM	supercentenarian	CASSYSGTSGDYEQYF	CATEEMNRDDKIIF	1	1181	0.000846740050804403	CASSYSGTSGDYEQYF+TCRBV06-02/06-03+TCRBJ02-07	TCRBV06-02/06-03	TCRBJ02-07					False	A*31:01	ci	8.895214e-10	-9.050843599249403	h-A_31_01-92	2.0	1.0		0.5889457232168229	A	True	right_only	False	2026 only	ci	A*31:01	ci
Dataset1	AAAGTAGTCTCTAGGA-9	TRB:CASSSGQVYGYTF;TRA:CAVGGGSNYKLTF	C04	CD4_CTL	supercentenarian	CASSSGQVYGYTF	CAVGGGSNYKLTF	29	1366	0.0212298682284041	CASSSGQVYGYTF+TCRBV05-06+TCRBJ01-02	TCRBV05-06	TCRBJ01-02	A*01:01	ci	feature339_A_01_01	A	True	A*01:01	ci	3.5673313e-09	-8.44765655562367	h-A_01_01-169	5.0	12.0	0.625	0.536231884057971	A	True	both	True	shared	ci	A*01:01	ci
Dataset1	AAATGCCTCCTCAACC-9	TRB:CASSSPTGGNEQFF;TRA:CAASYFGNEKLTF	C04	CD8_TEMRA	supercentenarian	CASSSPTGGNEQFF	CAASYFGNEKLTF	95	1366	0.06954612005856516	CASSSPTGGNEQFF+TCRBV07-09+TCRBJ02-01	TCRBV07-09	TCRBJ02-01	B*15:01	ci	feature9526_B_15_01	B	True	B*15:01	ci	4.8668347e-10	-9.312753404135984	h-B_15_01-190	10.0	8.0	0.8875	0.5583972719522592	B	True	both	True	shared	ci	B*15:01	ci
Dataset1	AACCATGGTAGAGTGC-9	TRB:CASSSPTGGNEQFF;TRA:CAASYFGNEKLTF	C04	CD8_TEMRA	supercentenarian	CASSSPTGGNEQFF	CAASYFGNEKLTF	95	1366	0.06954612005856516	CASSSPTGGNEQFF+TCRBV07-09+TCRBJ02-01	TCRBV07-09	TCRBJ02-01	B*15:01	ci	feature9526_B_15_01	B	True	B*15:01	ci	4.8668347e-10	-9.312753404135984	h-B_15_01-190	10.0	8.0	0.8875	0.5583972719522592	B	True	both	True	shared	ci	B*15:01	ci
Dataset1	AACTGGTAGACTGTAA-9	TRB:CASSSPTGGNEQFF;TRA:CAASYFGNEKLTF	C04	CD8_TEMRA	supercentenarian	CASSSPTGGNEQFF	CAASYFGNEKLTF	95	1366	0.06954612005856516	CASSSPTGGNEQFF+TCRBV07-09+TCRBJ02-01	TCRBV07-09	TCRBJ02-01	B*15:01	ci	feature9526_B_15_01	B	True	B*15:01	ci	4.8668347e-10	-9.312753404135984	h-B_15_01-190	10.0	8.0	0.8875	0.5583972719522592	B	True	both	True	shared	ci	B*15:01	ci
Dataset1	AACTGGTAGGCTCTTA-9	TRB:CASSFAGGSDTQYF;TRA:CAGGGVNRGSTLGRLYF	C03	CD8_TEMRA	supercentenarian	CASSFAGGSDTQYF	CAGGGVNRGSTLGRLYF	25	1181	0.021168501270110076	CASSFAGGSDTQYF+TCRBV27-01+TCRBJ02-03	TCRBV27-01	TCRBJ02-03					False	DRB1*04:05	cii	1.6474279e-09	-8.783193583299862	h-DRB1_04_05-234	1.0	0.0		0.5487354362034669	DRB1	True	right_only	False	2026 only	cii	DRB1*04:05	cii
Dataset1	AACTGGTAGTCCTCCT-9	TRB:CASSSPTGGNEQFF;TRA:CAASYFGNEKLTF	C04	CD8_TEMRA	supercentenarian	CASSSPTGGNEQFF	CAASYFGNEKLTF	95	1366	0.06954612005856516	CASSSPTGGNEQFF+TCRBV07-09+TCRBJ02-01	TCRBV07-09	TCRBJ02-01	B*15:01	ci	feature9526_B_15_01	B	True	B*15:01	ci	4.8668347e-10	-9.312753404135984	h-B_15_01-190	10.0	8.0	0.8875	0.5583972719522592	B	True	both	True	shared	ci	B*15:01	ci
Dataset1	AAGACCTGTACCATCA-9	TRB:CASSSPTGGNEQFF;TRA:CAASYFGNEKLTF	C04	CD8_TEMRA	supercentenarian	CASSSPTGGNEQFF	CAASYFGNEKLTF	95	1366	0.06954612005856516	CASSSPTGGNEQFF+TCRBV07-09+TCRBJ02-01	TCRBV07-09	TCRBJ02-01	B*15:01	ci	feature9526_B_15_01	B	True	B*15:01	ci	4.8668347e-10	-9.312753404135984	h-B_15_01-190	10.0	8.0	0.8875	0.5583972719522592	B	True	both	True	shared	ci	B*15:01	ci
Dataset1	AAGGAGCAGGATATAC-9	TRB:CASSSPTGGNEQFF;TRA:CAASYFGNEKLTF	C04	CD8_TEMRA	supercentenarian	CASSSPTGGNEQFF	CAASYFGNEKLTF	95	1366	0.06954612005856516	CASSSPTGGNEQFF+TCRBV07-09+TCRBJ02-01	TCRBV07-09	TCRBJ02-01	B*15:01	ci	feature9526_B_15_01	B	True	B*15:01	ci	4.8668347e-10	-9.312753404135984	h-B_15_01-190	10.0	8.0	0.8875	0.5583972719522592	B	True	both	True	shared	ci	B*15:01	ci
Dataset1	AATCCAGCATGCTGGC-9	TRB:CASSSGQVYGYTF;TRA:CAVGGGSNYKLTF	C04	CD4_CTL	supercentenarian	CASSSGQVYGYTF	CAVGGGSNYKLTF	29	1366	0.0212298682284041	CASSSGQVYGYTF+TCRBV05-06+TCRBJ01-02	TCRBV05-06	TCRBJ01-02	A*01:01	ci	feature339_A_01_01	A	True	A*01:01	ci	3.5673313e-09	-8.44765655562367	h-A_01_01-169	5.0	12.0	0.625	0.536231884057971	A	True	both	True	shared	ci	A*01:01	ci
Dataset1	ACACCCTTCACGCGGT-9	TRB:CASSSPTGGNEQFF;TRA:CAASYFGNEKLTF	C04	CD8_TEMRA	supercentenarian	CASSSPTGGNEQFF	CAASYFGNEKLTF	95	1366	0.06954612005856516	CASSSPTGGNEQFF+TCRBV07-09+TCRBJ02-01	TCRBV07-09	TCRBJ02-01	B*15:01	ci	feature9526_B_15_01	B	True	B*15:01	ci	4.8668347e-10	-9.312753404135984	h-B_15_01-190	10.0	8.0	0.8875	0.5583972719522592	B	True	both	True	shared	ci	B*15:01	ci
Dataset1	ACCTTTATCTCTTGAT-9	TRB:CASSSGQVYGYTF;TRA:CAVGGGSNYKLTF	C04	CD4_CTL	supercentenarian	CASSSGQVYGYTF	CAVGGGSNYKLTF	29	1366	0.0212298682284041	CASSSGQVYGYTF+TCRBV05-06+TCRBJ01-02	TCRBV05-06	TCRBJ01-02	A*01:01	ci	feature339_A_01_01	A	True	A*01:01	ci	3.5673313e-09	-8.44765655562367	h-A_01_01-169	5.0	12.0	0.625	0.536231884057971	A	True	both	True	shared	ci	A*01:01	ci
Dataset1	ACGATGTGTACATCCA-9	TRB:CASSSPTGGNEQFF;TRA:CAASYFGNEKLTF	C04	CD8_TEMRA	supercentenarian	CASSSPTGGNEQFF	CAASYFGNEKLTF	95	1366	0.06954612005856516	CASSSPTGGNEQFF+TCRBV07-09+TCRBJ02-01	TCRBV07-09	TCRBJ02-01	B*15:01	ci	feature9526_B_15_01	B	True	B*15:01	ci	4.8668347e-10	-9.312753404135984	h-B_15_01-190	10.0	8.0	0.8875	0.5583972719522592	B	True	both	True	shared	ci	B*15:01	ci
Dataset1	ACGGCCAAGTTTCCTT-9	TRB:CASGGARTEAFF;TRA:CALPPRLSAGNNRKLIW;TRA:CATVKTDSWGKLQF	C03	CD4_Helper	supercentenarian	CASGGARTEAFF	CATVKTDSWGKLQF	1	1181	0.000846740050804403	CASGGARTEAFF+TCRBV10-02+TCRBJ01-01	TCRBV10-02	TCRBJ01-01					False	DRB1*01:01	cii	2.2827189e-10	-9.641547565380195	h-DRB1_01_01-298	6.0	4.0	1.0	0.4997158283603296	DRB1	True	right_only	False	2026 only	cii	DRB1*01:01	cii
Dataset1	ACTGAGTAGCAGCCTC-9	TRB:CASSSGQVYGYTF;TRA:CAVGGGSNYKLTF	C04	CD4_CTL	supercentenarian	CASSSGQVYGYTF	CAVGGGSNYKLTF	29	1366	0.0212298682284041	CASSSGQVYGYTF+TCRBV05-06+TCRBJ01-02	TCRBV05-06	TCRBJ01-02	A*01:01	ci	feature339_A_01_01	A	True	A*01:01	ci	3.5673313e-09	-8.44765655562367	h-A_01_01-169	5.0	12.0	0.625	0.536231884057971	A	True	both	True	shared	ci	A*01:01	ci
Dataset1	ACTGAGTTCGTAGGAG-9	TRB:CASSSGQVYGYTF;TRA:CAVGGGSNYKLTF	C04	CD4_CTL	supercentenarian	CASSSGQVYGYTF	CAVGGGSNYKLTF	29	1366	0.0212298682284041	CASSSGQVYGYTF+TCRBV05-06+TCRBJ01-02	TCRBV05-06	TCRBJ01-02	A*01:01	ci	feature339_A_01_01	A	True	A*01:01	ci	3.5673313e-09	-8.44765655562367	h-A_01_01-169	5.0	12.0	0.625	0.536231884057971	A	True	both	True	shared	ci	A*01:01	ci
Dataset1	ACTTACTAGGGCATGT-9	TRB:CASSFAGGSDTQYF;TRA:CAGGGVNRGSTLGRLYF	C03	CD8_TEMRA	supercentenarian	CASSFAGGSDTQYF	CAGGGVNRGSTLGRLYF	25	1181	0.021168501270110076	CASSFAGGSDTQYF+TCRBV27-01+TCRBJ02-03	TCRBV27-01	TCRBJ02-03					False	DRB1*04:05	cii	1.6474279e-09	-8.783193583299862	h-DRB1_04_05-234	1.0	0.0		0.5487354362034669	DRB1	True	right_only	False	2026 only	cii	DRB1*04:05	cii
Dataset1	ACTTGTTTCGTGACAT-9	TRB:CASSSPTGGNEQFF;TRA:CAASYFGNEKLTF	C04	CD8_TEMRA	supercentenarian	CASSSPTGGNEQFF	CAASYFGNEKLTF	95	1366	0.06954612005856516	CASSSPTGGNEQFF+TCRBV07-09+TCRBJ02-01	TCRBV07-09	TCRBJ02-01	B*15:01	ci	feature9526_B_15_01	B	True	B*15:01	ci	4.8668347e-10	-9.312753404135984	h-B_15_01-190	10.0	8.0	0.8875	0.5583972719522592	B	True	both	True	shared	ci	B*15:01	ci
Dataset1	AGAGCTTCAATTCCTT-9	TRB:CASSSPTGGNEQFF;TRA:CAASYFGNEKLTF	C04	CD8_TEMRA	supercentenarian	CASSSPTGGNEQFF	CAASYFGNEKLTF	95	1366	0.06954612005856516	CASSSPTGGNEQFF+TCRBV07-09+TCRBJ02-01	TCRBV07-09	TCRBJ02-01	B*15:01	ci	feature9526_B_15_01	B	True	B*15:01	ci	4.8668347e-10	-9.312753404135984	h-B_15_01-190	10.0	8.0	0.8875	0.5583972719522592	B	True	both	True	shared	ci	B*15:01	ci
Dataset1	AGAGTGGCATGGATGG-9	TRB:CASSSNRGLDEKLFF;TRA:CAVQVSGGGADGLTF	C04	CD4_Helper	supercentenarian	CASSSNRGLDEKLFF	CAVQVSGGGADGLTF	2	1366	0.0014641288433382138	CASSSNRGLDEKLFF+TCRBV05-04+TCRBJ01-04	TCRBV05-04	TCRBJ01-04					False	DRB4*01:01P	cii	2.2875781e-11	-10.640624069799207	h-DRB4_01_01P-47	3.0	4.0	1.0	0.7092924126172209	DRB4	True	right_only	False	2026 only	cii	DRB4*01:01P	cii
Dataset1	AGCATACGTATAGTAG-9	TRB:CASSSPTGGNEQFF;TRA:CAASYFGNEKLTF	C04	CD8_TEMRA	supercentenarian	CASSSPTGGNEQFF	CAASYFGNEKLTF	95	1366	0.06954612005856516	CASSSPTGGNEQFF+TCRBV07-09+TCRBJ02-01	TCRBV07-09	TCRBJ02-01	B*15:01	ci	feature9526_B_15_01	B	True	B*15:01	ci	4.8668347e-10	-9.312753404135984	h-B_15_01-190	10.0	8.0	0.8875	0.5583972719522592	B	True	both	True	shared	ci	B*15:01	ci
Dataset1	AGCCTAAGTACGCTGC-9	TRB:CASSLWTGGGNEQFF;TRA:CAVQETSGSRLTF	C04	CD8_TEMRA	supercentenarian	CASSLWTGGGNEQFF	CAVQETSGSRLTF	8	1366	0.005856515373352855	CASSLWTGGGNEQFF+TCRBV27-01+TCRBJ02-01	TCRBV27-01	TCRBJ02-01	A*11:01	ci	feature2347_A_11_01	A	True	A*11:01	ci	1.1517185e-09	-8.938653657055104	h-A_11_01-135	13.0	9.0	0.8632478632478631	0.5717533390167662	A	True	both	True	shared	ci	A*11:01	ci
Dataset1	AGCGGTCCACGAGGTA-9	TRB:CASSSGQVYGYTF;TRA:CAVGGGSNYKLTF	C04	CD4_CTL	supercentenarian	CASSSGQVYGYTF	CAVGGGSNYKLTF	29	1366	0.0212298682284041	CASSSGQVYGYTF+TCRBV05-06+TCRBJ01-02	TCRBV05-06	TCRBJ01-02	A*01:01	ci	feature339_A_01_01	A	True	A*01:01	ci	3.5673313e-09	-8.44765655562367	h-A_01_01-169	5.0	12.0	0.625	0.536231884057971	A	True	both	True	shared	ci	A*01:01	ci
Dataset1	AGCTCCTTCTGAGTGT-9	TRB:CASSFAGGSDTQYF;TRA:CAGGGVNRGSTLGRLYF	C03	CD8_TEMRA	supercentenarian	CASSFAGGSDTQYF	CAGGGVNRGSTLGRLYF	25	1181	0.021168501270110076	CASSFAGGSDTQYF+TCRBV27-01+TCRBJ02-03	TCRBV27-01	TCRBJ02-03					False	DRB1*04:05	cii	1.6474279e-09	-8.783193583299862	h-DRB1_04_05-234	1.0	0.0		0.5487354362034669	DRB1	True	right_only	False	2026 only	cii	DRB1*04:05	cii
Dataset1	AGCTTGAGTCGACTGC-9	TRB:CASSSNRGLDEKLFF;TRA:CAVQVSGGGADGLTF	C04	CD4_Helper	supercentenarian	CASSSNRGLDEKLFF	CAVQVSGGGADGLTF	2	1366	0.0014641288433382138	CASSSNRGLDEKLFF+TCRBV05-04+TCRBJ01-04	TCRBV05-04	TCRBJ01-04					False	DRB4*01:01P	cii	2.2875781e-11	-10.640624069799207	h-DRB4_01_01P-47	3.0	4.0	1.0	0.7092924126172209	DRB4	True	right_only	False	2026 only	cii	DRB4*01:01P	cii
Dataset1	AGGGAGTCATACTACG-9	TRB:CASSYSGGDEQFF;TRA:CALSDPGAGSYQLTF;TRA:CVVRNSGYALNF	C04	CD8_TEM	supercentenarian	CASSYSGGDEQFF	CVVRNSGYALNF	4	1366	0.0029282576866764276	CASSYSGGDEQFF+TCRBV06-05+TCRBJ02-01	TCRBV06-05	TCRBJ02-01	B*15:01	ci	feature9526_B_15_01	B	True	B*15:01	ci	2.7962761e-08	-7.5534199492402125	h-B_15_01-190	10.0	8.0	0.8875	0.5583972719522592	B	True	both	True	shared	ci	B*15:01	ci
Dataset1	AGGTCCGCATTCACTT-9	TRB:CASSSGQVYGYTF;TRA:CAVGGGSNYKLTF	C04	CD4_CTL	supercentenarian	CASSSGQVYGYTF	CAVGGGSNYKLTF	29	1366	0.0212298682284041	CASSSGQVYGYTF+TCRBV05-06+TCRBJ01-02	TCRBV05-06	TCRBJ01-02	A*01:01	ci	feature339_A_01_01	A	True	A*01:01	ci	3.5673313e-09	-8.44765655562367	h-A_01_01-169	5.0	12.0	0.625	0.536231884057971	A	True	both	True	shared	ci	A*01:01	ci
Dataset1	AGTAGTCGTTCCGTCT-9	TRB:CASSYSGGDEQFF	C04	CD8_TEMRA	supercentenarian	CASSYSGGDEQFF		1	1366	0.0007320644216691069	CASSYSGGDEQFF+TCRBV06-05+TCRBJ02-01	TCRBV06-05	TCRBJ02-01	B*15:01	ci	feature9526_B_15_01	B	True	B*15:01	ci	2.7962761e-08	-7.5534199492402125	h-B_15_01-190	10.0	8.0	0.8875	0.5583972719522592	B	True	both	True	shared	ci	B*15:01	ci
Dataset1	AGTGAGGGTTTGACTG-9	TRB:CASSSPTGGNEQFF	C04	CD8_TEMRA	supercentenarian	CASSSPTGGNEQFF		16	1366	0.01171303074670571	CASSSPTGGNEQFF+TCRBV07-09+TCRBJ02-01	TCRBV07-09	TCRBJ02-01	B*15:01	ci	feature9526_B_15_01	B	True	B*15:01	ci	4.8668347e-10	-9.312753404135984	h-B_15_01-190	10.0	8.0	0.8875	0.5583972719522592	B	True	both	True	shared	ci	B*15:01	ci
Dataset1	ATCACGAGTGACTCAT-9	TRB:CASSSGQVYGYTF;TRA:CAVGGGSNYKLTF	C04	CD4_CTL	supercentenarian	CASSSGQVYGYTF	CAVGGGSNYKLTF	29	1366	0.0212298682284041	CASSSGQVYGYTF+TCRBV05-06+TCRBJ01-02	TCRBV05-06	TCRBJ01-02	A*01:01	ci	feature339_A_01_01	A	True	A*01:01	ci	3.5673313e-09	-8.44765655562367	h-A_01_01-169	5.0	12.0	0.625	0.536231884057971	A	True	both	True	shared	ci	A*01:01	ci
Dataset1	ATCTGCCGTTGTACAC-9	TRB:CASSSPTGGNEQFF;TRA:CAASYFGNEKLTF	C04	CD8_TEMRA	supercentenarian	CASSSPTGGNEQFF	CAASYFGNEKLTF	95	1366	0.06954612005856516	CASSSPTGGNEQFF+TCRBV07-09+TCRBJ02-01	TCRBV07-09	TCRBJ02-01	B*15:01	ci	feature9526_B_15_01	B	True	B*15:01	ci	4.8668347e-10	-9.312753404135984	h-B_15_01-190	10.0	8.0	0.8875	0.5583972719522592	B	True	both	True	shared	ci	B*15:01	ci
Dataset1	ATTATCCCATATGGTC-9	TRB:CASSFAGGSDTQYF;TRA:CAGGGVNRGSTLGRLYF	C03	CD8_TEMRA	supercentenarian	CASSFAGGSDTQYF	CAGGGVNRGSTLGRLYF	25	1181	0.021168501270110076	CASSFAGGSDTQYF+TCRBV27-01+TCRBJ02-03	TCRBV27-01	TCRBJ02-03					False	DRB1*04:05	cii	1.6474279e-09	-8.783193583299862	h-DRB1_04_05-234	1.0	0.0		0.5487354362034669	DRB1	True	right_only	False	2026 only	cii	DRB1*04:05	cii
Dataset1	ATTATCCGTCTCTCGT-9	TRB:CASSSPTGGNEQFF;TRA:CAASYFGNEKLTF	C04	CD8_TEMRA	supercentenarian	CASSSPTGGNEQFF	CAASYFGNEKLTF	95	1366	0.06954612005856516	CASSSPTGGNEQFF+TCRBV07-09+TCRBJ02-01	TCRBV07-09	TCRBJ02-01	B*15:01	ci	feature9526_B_15_01	B	True	B*15:01	ci	4.8668347e-10	-9.312753404135984	h-B_15_01-190	10.0	8.0	0.8875	0.5583972719522592	B	True	both	True	shared	ci	B*15:01	ci
Dataset1	ATTCTACAGACTGTAA-9	TRB:CSVDESGDTEAFF;TRA:CLVGVQNKFYF	C03	CD8_TEMRA	supercentenarian	CSVDESGDTEAFF	CLVGVQNKFYF	1	1181	0.000846740050804403	CSVDESGDTEAFF+TCRBV29-01+TCRBJ01-01	TCRBV29-01	TCRBJ01-01	C*04:01	ci	feature20022_C_04_01	C	True											False	left_only	False	2024 only	ci	C*04:01	ci
Dataset1	ATTGGACCACCAGGCT-9	TRB:CASSSPTGGNEQFF;TRA:CAASYFGNEKLTF	C04	CD8_TEMRA	supercentenarian	CASSSPTGGNEQFF	CAASYFGNEKLTF	95	1366	0.06954612005856516	CASSSPTGGNEQFF+TCRBV07-09+TCRBJ02-01	TCRBV07-09	TCRBJ02-01	B*15:01	ci	feature9526_B_15_01	B	True	B*15:01	ci	4.8668347e-10	-9.312753404135984	h-B_15_01-190	10.0	8.0	0.8875	0.5583972719522592	B	True	both	True	shared	ci	B*15:01	ci
Dataset1	ATTGGACGTACGACCC-9	TRB:CASSSGQVYGYTF;TRA:CAVGGGSNYKLTF	C04	CD4_CTL	supercentenarian	CASSSGQVYGYTF	CAVGGGSNYKLTF	29	1366	0.0212298682284041	CASSSGQVYGYTF+TCRBV05-06+TCRBJ01-02	TCRBV05-06	TCRBJ01-02	A*01:01	ci	feature339_A_01_01	A	True	A*01:01	ci	3.5673313e-09	-8.44765655562367	h-A_01_01-169	5.0	12.0	0.625	0.536231884057971	A	True	both	True	shared	ci	A*01:01	ci
Dataset1	CAACTAGTCCTTTCTC-9	TRB:CASSSPTGGNEQFF;TRA:CAASYFGNEKLTF	C04	CD8_TEMRA	supercentenarian	CASSSPTGGNEQFF	CAASYFGNEKLTF	95	1366	0.06954612005856516	CASSSPTGGNEQFF+TCRBV07-09+TCRBJ02-01	TCRBV07-09	TCRBJ02-01	B*15:01	ci	feature9526_B_15_01	B	True	B*15:01	ci	4.8668347e-10	-9.312753404135984	h-B_15_01-190	10.0	8.0	0.8875	0.5583972719522592	B	True	both	True	shared	ci	B*15:01	ci
Dataset1	CACATAGAGATGGGTC-9	TRB:CASSSPTGGNEQFF;TRA:CAASYFGNEKLTF	C04	CD8_TEMRA	supercentenarian	CASSSPTGGNEQFF	CAASYFGNEKLTF	95	1366	0.06954612005856516	CASSSPTGGNEQFF+TCRBV07-09+TCRBJ02-01	TCRBV07-09	TCRBJ02-01	B*15:01	ci	feature9526_B_15_01	B	True	B*15:01	ci	4.8668347e-10	-9.312753404135984	h-B_15_01-190	10.0	8.0	0.8875	0.5583972719522592	B	True	both	True	shared	ci	B*15:01	ci
Dataset1	CACATTTTCGGAGGTA-9	TRB:CASSSPTGGNEQFF;TRA:CAASYFGNEKLTF	C04	CD8_TEMRA	supercentenarian	CASSSPTGGNEQFF	CAASYFGNEKLTF	95	1366	0.06954612005856516	CASSSPTGGNEQFF+TCRBV07-09+TCRBJ02-01	TCRBV07-09	TCRBJ02-01	B*15:01	ci	feature9526_B_15_01	B	True	B*15:01	ci	4.8668347e-10	-9.312753404135984	h-B_15_01-190	10.0	8.0	0.8875	0.5583972719522592	B	True	both	True	shared	ci	B*15:01	ci
Dataset1	CACCAGGTCCATTCTA-9	TRB:CASSSPTGGNEQFF;TRA:CAASYFGNEKLTF	C04	CD8_TEMRA	supercentenarian	CASSSPTGGNEQFF	CAASYFGNEKLTF	95	1366	0.06954612005856516	CASSSPTGGNEQFF+TCRBV07-09+TCRBJ02-01	TCRBV07-09	TCRBJ02-01	B*15:01	ci	feature9526_B_15_01	B	True	B*15:01	ci	4.8668347e-10	-9.312753404135984	h-B_15_01-190	10.0	8.0	0.8875	0.5583972719522592	B	True	both	True	shared	ci	B*15:01	ci
Dataset1	CACTCCAGTACTCAAC-9	TRB:CASSSPTGGNEQFF;TRA:CAASYFGNEKLTF	C04	CD8_TEMRA	supercentenarian	CASSSPTGGNEQFF	CAASYFGNEKLTF	95	1366	0.06954612005856516	CASSSPTGGNEQFF+TCRBV07-09+TCRBJ02-01	TCRBV07-09	TCRBJ02-01	B*15:01	ci	feature9526_B_15_01	B	True	B*15:01	ci	4.8668347e-10	-9.312753404135984	h-B_15_01-190	10.0	8.0	0.8875	0.5583972719522592	B	True	both	True	shared	ci	B*15:01	ci
Dataset1	CAGAATCTCCGTTGTC-9	TRB:CASSSGQVYGYTF;TRA:CAVGGGSNYKLTF	C04	CD4_CTL	supercentenarian	CASSSGQVYGYTF	CAVGGGSNYKLTF	29	1366	0.0212298682284041	CASSSGQVYGYTF+TCRBV05-06+TCRBJ01-02	TCRBV05-06	TCRBJ01-02	A*01:01	ci	feature339_A_01_01	A	True	A*01:01	ci	3.5673313e-09	-8.44765655562367	h-A_01_01-169	5.0	12.0	0.625	0.536231884057971	A	True	both	True	shared	ci	A*01:01	ci
Dataset1	CAGAATCTCTTCGAGA-9	TRB:CASSSPTGGNEQFF;TRA:CAASYFGNEKLTF	C04	CD8_TEMRA	supercentenarian	CASSSPTGGNEQFF	CAASYFGNEKLTF	95	1366	0.06954612005856516	CASSSPTGGNEQFF+TCRBV07-09+TCRBJ02-01	TCRBV07-09	TCRBJ02-01	B*15:01	ci	feature9526_B_15_01	B	True	B*15:01	ci	4.8668347e-10	-9.312753404135984	h-B_15_01-190	10.0	8.0	0.8875	0.5583972719522592	B	True	both	True	shared	ci	B*15:01	ci
Dataset1	CAGAGAGCACCACCAG-9	TRB:CASSSPTGGNEQFF;TRA:CAASYFGNEKLTF	C04	CD8_TEMRA	supercentenarian	CASSSPTGGNEQFF	CAASYFGNEKLTF	95	1366	0.06954612005856516	CASSSPTGGNEQFF+TCRBV07-09+TCRBJ02-01	TCRBV07-09	TCRBJ02-01	B*15:01	ci	feature9526_B_15_01	B	True	B*15:01	ci	4.8668347e-10	-9.312753404135984	h-B_15_01-190	10.0	8.0	0.8875	0.5583972719522592	B	True	both	True	shared	ci	B*15:01	ci
Dataset1	CAGCTAAAGTGGCACA-9	TRB:CASSSPTGGNEQFF	C04	CD8_TEMRA	supercentenarian	CASSSPTGGNEQFF		16	1366	0.01171303074670571	CASSSPTGGNEQFF+TCRBV07-09+TCRBJ02-01	TCRBV07-09	TCRBJ02-01	B*15:01	ci	feature9526_B_15_01	B	True	B*15:01	ci	4.8668347e-10	-9.312753404135984	h-B_15_01-190	10.0	8.0	0.8875	0.5583972719522592	B	True	both	True	shared	ci	B*15:01	ci
Dataset1	CAGCTGGAGCCAGTAG-9	TRB:CASSLWTGGGNEQFF;TRA:CAVQETSGSRLTF	C04	CD8_TEMRA	supercentenarian	CASSLWTGGGNEQFF	CAVQETSGSRLTF	8	1366	0.005856515373352855	CASSLWTGGGNEQFF+TCRBV27-01+TCRBJ02-01	TCRBV27-01	TCRBJ02-01	A*11:01	ci	feature2347_A_11_01	A	True	A*11:01	ci	1.1517185e-09	-8.938653657055104	h-A_11_01-135	13.0	9.0	0.8632478632478631	0.5717533390167662	A	True	both	True	shared	ci	A*11:01	ci
Dataset1	CAGGTGCCATGTCCTC-9	TRB:CASSSGQVYGYTF;TRA:CAVGGGSNYKLTF	C04	CD4_CTL	supercentenarian	CASSSGQVYGYTF	CAVGGGSNYKLTF	29	1366	0.0212298682284041	CASSSGQVYGYTF+TCRBV05-06+TCRBJ01-02	TCRBV05-06	TCRBJ01-02	A*01:01	ci	feature339_A_01_01	A	True	A*01:01	ci	3.5673313e-09	-8.44765655562367	h-A_01_01-169	5.0	12.0	0.625	0.536231884057971	A	True	both	True	shared	ci	A*01:01	ci
Dataset1	CATATTCAGCCAACAG-9	TRB:CASSSPTGGNEQFF;TRA:CAASYFGNEKLTF	C04	CD8_TEMRA	supercentenarian	CASSSPTGGNEQFF	CAASYFGNEKLTF	95	1366	0.06954612005856516	CASSSPTGGNEQFF+TCRBV07-09+TCRBJ02-01	TCRBV07-09	TCRBJ02-01	B*15:01	ci	feature9526_B_15_01	B	True	B*15:01	ci	4.8668347e-10	-9.312753404135984	h-B_15_01-190	10.0	8.0	0.8875	0.5583972719522592	B	True	both	True	shared	ci	B*15:01	ci
Dataset1	CATATTCGTCACTTCC-9	TRB:CASSSPTGGNEQFF	C04	CD8_TEMRA	supercentenarian	CASSSPTGGNEQFF		16	1366	0.01171303074670571	CASSSPTGGNEQFF+TCRBV07-09+TCRBJ02-01	TCRBV07-09	TCRBJ02-01	B*15:01	ci	feature9526_B_15_01	B	True	B*15:01	ci	4.8668347e-10	-9.312753404135984	h-B_15_01-190	10.0	8.0	0.8875	0.5583972719522592	B	True	both	True	shared	ci	B*15:01	ci
Dataset1	CATCAAGGTCTAGCCG-9	TRB:CASSSPTGGNEQFF	C04	CD8_TEMRA	supercentenarian	CASSSPTGGNEQFF		16	1366	0.01171303074670571	CASSSPTGGNEQFF+TCRBV07-09+TCRBJ02-01	TCRBV07-09	TCRBJ02-01	B*15:01	ci	feature9526_B_15_01	B	True	B*15:01	ci	4.8668347e-10	-9.312753404135984	h-B_15_01-190	10.0	8.0	0.8875	0.5583972719522592	B	True	both	True	shared	ci	B*15:01	ci
Dataset1	CATCAGATCCAGAGGA-9	TRB:CASSFAGGSDTQYF;TRA:CAGGGVNRGSTLGRLYF	C03	CD8_TEMRA2	supercentenarian	CASSFAGGSDTQYF	CAGGGVNRGSTLGRLYF	25	1181	0.021168501270110076	CASSFAGGSDTQYF+TCRBV27-01+TCRBJ02-03	TCRBV27-01	TCRBJ02-03					False	DRB1*04:05	cii	1.6474279e-09	-8.783193583299862	h-DRB1_04_05-234	1.0	0.0		0.5487354362034669	DRB1	True	right_only	False	2026 only	cii	DRB1*04:05	cii
Dataset1	CATGACAAGATCCCAT-9	TRB:CASSSPTGGNEQFF;TRA:CAASYFGNEKLTF	C04	CD8_TEMRA	supercentenarian	CASSSPTGGNEQFF	CAASYFGNEKLTF	95	1366	0.06954612005856516	CASSSPTGGNEQFF+TCRBV07-09+TCRBJ02-01	TCRBV07-09	TCRBJ02-01	B*15:01	ci	feature9526_B_15_01	B	True	B*15:01	ci	4.8668347e-10	-9.312753404135984	h-B_15_01-190	10.0	8.0	0.8875	0.5583972719522592	B	True	both	True	shared	ci	B*15:01	ci
Dataset1	CATGGCGGTGGCAAAC-9	TRB:CASSSPTGGNEQFF;TRA:CAASYFGNEKLTF	C04	CD8_TEMRA	supercentenarian	CASSSPTGGNEQFF	CAASYFGNEKLTF	95	1366	0.06954612005856516	CASSSPTGGNEQFF+TCRBV07-09+TCRBJ02-01	TCRBV07-09	TCRBJ02-01	B*15:01	ci	feature9526_B_15_01	B	True	B*15:01	ci	4.8668347e-10	-9.312753404135984	h-B_15_01-190	10.0	8.0	0.8875	0.5583972719522592	B	True	both	True	shared	ci	B*15:01	ci
Dataset1	CATTCGCGTCTTTCAT-9	TRB:CASSSGQVYGYTF;TRA:CAVGGGSNYKLTF	C04	CD4_CTL	supercentenarian	CASSSGQVYGYTF	CAVGGGSNYKLTF	29	1366	0.0212298682284041	CASSSGQVYGYTF+TCRBV05-06+TCRBJ01-02	TCRBV05-06	TCRBJ01-02	A*01:01	ci	feature339_A_01_01	A	True	A*01:01	ci	3.5673313e-09	-8.44765655562367	h-A_01_01-169	5.0	12.0	0.625	0.536231884057971	A	True	both	True	shared	ci	A*01:01	ci
Dataset1	CCACTACGTTGTCTTT-9	TRB:CASSSPTGGNEQFF;TRA:CAASYFGNEKLTF	C04	CD8_TEMRA	supercentenarian	CASSSPTGGNEQFF	CAASYFGNEKLTF	95	1366	0.06954612005856516	CASSSPTGGNEQFF+TCRBV07-09+TCRBJ02-01	TCRBV07-09	TCRBJ02-01	B*15:01	ci	feature9526_B_15_01	B	True	B*15:01	ci	4.8668347e-10	-9.312753404135984	h-B_15_01-190	10.0	8.0	0.8875	0.5583972719522592	B	True	both	True	shared	ci	B*15:01	ci
Dataset1	CCACTACTCCAGGGCT-9	TRB:CASSLGGGATGELFF;TRA:CAEGTSNTGKLIF	C04	CD4_Naive	supercentenarian	CASSLGGGATGELFF	CAEGTSNTGKLIF	1	1366	0.0007320644216691069	CASSLGGGATGELFF+TCRBV12-X+TCRBJ02-02	TCRBV12-X	TCRBJ02-02	DRB1*09:01	cii	feature38923_DRB1_09_01	DRB1	True											False	left_only	False	2024 only	cii	DRB1*09:01	cii
Dataset1	CCATGTCGTTAAAGAC-9	TRB:CASSSPTGGNEQFF;TRA:CAASYFGNEKLTF	C04	CD8_TEMRA	supercentenarian	CASSSPTGGNEQFF	CAASYFGNEKLTF	95	1366	0.06954612005856516	CASSSPTGGNEQFF+TCRBV07-09+TCRBJ02-01	TCRBV07-09	TCRBJ02-01	B*15:01	ci	feature9526_B_15_01	B	True	B*15:01	ci	4.8668347e-10	-9.312753404135984	h-B_15_01-190	10.0	8.0	0.8875	0.5583972719522592	B	True	both	True	shared	ci	B*15:01	ci
Dataset1	CCATGTCTCTGCAAGT-9	TRB:CASSSPTGGNEQFF;TRA:CAASYFGNEKLTF	C04	CD8_TEMRA	supercentenarian	CASSSPTGGNEQFF	CAASYFGNEKLTF	95	1366	0.06954612005856516	CASSSPTGGNEQFF+TCRBV07-09+TCRBJ02-01	TCRBV07-09	TCRBJ02-01	B*15:01	ci	feature9526_B_15_01	B	True	B*15:01	ci	4.8668347e-10	-9.312753404135984	h-B_15_01-190	10.0	8.0	0.8875	0.5583972719522592	B	True	both	True	shared	ci	B*15:01	ci
Dataset1	CCGTACTAGCGATAGC-9	TRB:CASSSPTGGNEQFF;TRA:CAASYFGNEKLTF	C04	CD8_TEMRA	supercentenarian	CASSSPTGGNEQFF	CAASYFGNEKLTF	95	1366	0.06954612005856516	CASSSPTGGNEQFF+TCRBV07-09+TCRBJ02-01	TCRBV07-09	TCRBJ02-01	B*15:01	ci	feature9526_B_15_01	B	True	B*15:01	ci	4.8668347e-10	-9.312753404135984	h-B_15_01-190	10.0	8.0	0.8875	0.5583972719522592	B	True	both	True	shared	ci	B*15:01	ci
Dataset1	CCGTGGAAGCCTATGT-9	TRB:CASSSPTGGNEQFF;TRA:CAASYFGNEKLTF	C04	CD8_TEMRA	supercentenarian	CASSSPTGGNEQFF	CAASYFGNEKLTF	95	1366	0.06954612005856516	CASSSPTGGNEQFF+TCRBV07-09+TCRBJ02-01	TCRBV07-09	TCRBJ02-01	B*15:01	ci	feature9526_B_15_01	B	True	B*15:01	ci	4.8668347e-10	-9.312753404135984	h-B_15_01-190	10.0	8.0	0.8875	0.5583972719522592	B	True	both	True	shared	ci	B*15:01	ci
Dataset1	CCGTGGAAGTCAAGGC-9	TRB:CASSFAGGSDTQYF;TRA:CAGGGVNRGSTLGRLYF	C03	CD8_TEMRA	supercentenarian	CASSFAGGSDTQYF	CAGGGVNRGSTLGRLYF	25	1181	0.021168501270110076	CASSFAGGSDTQYF+TCRBV27-01+TCRBJ02-03	TCRBV27-01	TCRBJ02-03					False	DRB1*04:05	cii	1.6474279e-09	-8.783193583299862	h-DRB1_04_05-234	1.0	0.0		0.5487354362034669	DRB1	True	right_only	False	2026 only	cii	DRB1*04:05	cii
Dataset1	CCGTGGACACAGTCGC-9	TRB:CASSSGQVYGYTF;TRA:CAVGGGSNYKLTF	C04	CD4_CTL	supercentenarian	CASSSGQVYGYTF	CAVGGGSNYKLTF	29	1366	0.0212298682284041	CASSSGQVYGYTF+TCRBV05-06+TCRBJ01-02	TCRBV05-06	TCRBJ01-02	A*01:01	ci	feature339_A_01_01	A	True	A*01:01	ci	3.5673313e-09	-8.44765655562367	h-A_01_01-169	5.0	12.0	0.625	0.536231884057971	A	True	both	True	shared	ci	A*01:01	ci
Dataset1	CCGTTCATCTGGCGAC-9	TRB:CASSSPTGGNEQFF;TRA:CAASYFGNEKLTF	C04	CD8_TEMRA	supercentenarian	CASSSPTGGNEQFF	CAASYFGNEKLTF	95	1366	0.06954612005856516	CASSSPTGGNEQFF+TCRBV07-09+TCRBJ02-01	TCRBV07-09	TCRBJ02-01	B*15:01	ci	feature9526_B_15_01	B	True	B*15:01	ci	4.8668347e-10	-9.312753404135984	h-B_15_01-190	10.0	8.0	0.8875	0.5583972719522592	B	True	both	True	shared	ci	B*15:01	ci
Dataset1	CCTACCATCGCAGGCT-9	TRB:CASSSPTGGNEQFF;TRA:CAASYFGNEKLTF	C04	CD8_TEMRA	supercentenarian	CASSSPTGGNEQFF	CAASYFGNEKLTF	95	1366	0.06954612005856516	CASSSPTGGNEQFF+TCRBV07-09+TCRBJ02-01	TCRBV07-09	TCRBJ02-01	B*15:01	ci	feature9526_B_15_01	B	True	B*15:01	ci	4.8668347e-10	-9.312753404135984	h-B_15_01-190	10.0	8.0	0.8875	0.5583972719522592	B	True	both	True	shared	ci	B*15:01	ci
Dataset1	CCTCAGTTCTTATCTG-9	TRB:CASSSGQVYGYTF;TRA:CAVGGGSNYKLTF	C04	CD4_CTL	supercentenarian	CASSSGQVYGYTF	CAVGGGSNYKLTF	29	1366	0.0212298682284041	CASSSGQVYGYTF+TCRBV05-06+TCRBJ01-02	TCRBV05-06	TCRBJ01-02	A*01:01	ci	feature339_A_01_01	A	True	A*01:01	ci	3.5673313e-09	-8.44765655562367	h-A_01_01-169	5.0	12.0	0.625	0.536231884057971	A	True	both	True	shared	ci	A*01:01	ci
Dataset1	CGAATGTTCGTTGACA-9	TRB:CASSSPTGGNEQFF;TRA:CAASYFGNEKLTF	C04	CD8_TEMRA	supercentenarian	CASSSPTGGNEQFF	CAASYFGNEKLTF	95	1366	0.06954612005856516	CASSSPTGGNEQFF+TCRBV07-09+TCRBJ02-01	TCRBV07-09	TCRBJ02-01	B*15:01	ci	feature9526_B_15_01	B	True	B*15:01	ci	4.8668347e-10	-9.312753404135984	h-B_15_01-190	10.0	8.0	0.8875	0.5583972719522592	B	True	both	True	shared	ci	B*15:01	ci
Dataset1	CGAGAAGAGTGTTGAA-9	TRB:CASSSGQVYGYTF;TRA:CAVGGGSNYKLTF	C04	CD4_CTL	supercentenarian	CASSSGQVYGYTF	CAVGGGSNYKLTF	29	1366	0.0212298682284041	CASSSGQVYGYTF+TCRBV05-06+TCRBJ01-02	TCRBV05-06	TCRBJ01-02	A*01:01	ci	feature339_A_01_01	A	True	A*01:01	ci	3.5673313e-09	-8.44765655562367	h-A_01_01-169	5.0	12.0	0.625	0.536231884057971	A	True	both	True	shared	ci	A*01:01	ci
Dataset1	CGAGAAGGTAGCACGA-9	TRB:CASSLWTGGGNEQFF;TRA:CAVQETSGSRLTF	C04	CD8_TEMRA	supercentenarian	CASSLWTGGGNEQFF	CAVQETSGSRLTF	8	1366	0.005856515373352855	CASSLWTGGGNEQFF+TCRBV27-01+TCRBJ02-01	TCRBV27-01	TCRBJ02-01	A*11:01	ci	feature2347_A_11_01	A	True	A*11:01	ci	1.1517185e-09	-8.938653657055104	h-A_11_01-135	13.0	9.0	0.8632478632478631	0.5717533390167662	A	True	both	True	shared	ci	A*11:01	ci
Dataset1	CGATCGGAGAATAGGG-9	TRB:CASSFAGGSDTQYF;TRA:CAGGGVNRGSTLGRLYF	C03	CD8_TEMRA	supercentenarian	CASSFAGGSDTQYF	CAGGGVNRGSTLGRLYF	25	1181	0.021168501270110076	CASSFAGGSDTQYF+TCRBV27-01+TCRBJ02-03	TCRBV27-01	TCRBJ02-03					False	DRB1*04:05	cii	1.6474279e-09	-8.783193583299862	h-DRB1_04_05-234	1.0	0.0		0.5487354362034669	DRB1	True	right_only	False	2026 only	cii	DRB1*04:05	cii
Dataset1	CGATGTAAGTGGACGT-9	TRB:CASSSPTGGNEQFF;TRA:CAASYFGNEKLTF	C04	CD8_TEMRA	supercentenarian	CASSSPTGGNEQFF	CAASYFGNEKLTF	95	1366	0.06954612005856516	CASSSPTGGNEQFF+TCRBV07-09+TCRBJ02-01	TCRBV07-09	TCRBJ02-01	B*15:01	ci	feature9526_B_15_01	B	True	B*15:01	ci	4.8668347e-10	-9.312753404135984	h-B_15_01-190	10.0	8.0	0.8875	0.5583972719522592	B	True	both	True	shared	ci	B*15:01	ci
Dataset1	CGCGGTATCCTCCTAG-9	TRB:CASSSPTGGNEQFF;TRA:CAASYFGNEKLTF	C04	CD8_TEMRA	supercentenarian	CASSSPTGGNEQFF	CAASYFGNEKLTF	95	1366	0.06954612005856516	CASSSPTGGNEQFF+TCRBV07-09+TCRBJ02-01	TCRBV07-09	TCRBJ02-01	B*15:01	ci	feature9526_B_15_01	B	True	B*15:01	ci	4.8668347e-10	-9.312753404135984	h-B_15_01-190	10.0	8.0	0.8875	0.5583972719522592	B	True	both	True	shared	ci	B*15:01	ci
Dataset1	CGCGTTTTCGTCTGAA-9	TRB:CASSSGQVYGYTF;TRA:CAVGGGSNYKLTF	C04	CD4_CTL	supercentenarian	CASSSGQVYGYTF	CAVGGGSNYKLTF	29	1366	0.0212298682284041	CASSSGQVYGYTF+TCRBV05-06+TCRBJ01-02	TCRBV05-06	TCRBJ01-02	A*01:01	ci	feature339_A_01_01	A	True	A*01:01	ci	3.5673313e-09	-8.44765655562367	h-A_01_01-169	5.0	12.0	0.625	0.536231884057971	A	True	both	True	shared	ci	A*01:01	ci
Dataset1	CGCTGGAAGATGGCGT-9	TRB:CASSFAGGSDTQYF;TRA:CAGGGVNRGSTLGRLYF	C03	CD8_TEMRA	supercentenarian	CASSFAGGSDTQYF	CAGGGVNRGSTLGRLYF	25	1181	0.021168501270110076	CASSFAGGSDTQYF+TCRBV27-01+TCRBJ02-03	TCRBV27-01	TCRBJ02-03					False	DRB1*04:05	cii	1.6474279e-09	-8.783193583299862	h-DRB1_04_05-234	1.0	0.0		0.5487354362034669	DRB1	True	right_only	False	2026 only	cii	DRB1*04:05	cii
Dataset1	CGGACACGTCTTGATG-9	TRB:CASSQEDRAGNTIYF;TRA:CAMSRTTGYSTLTF	C03	CD4_CTL	supercentenarian	CASSQEDRAGNTIYF	CAMSRTTGYSTLTF	3	1181	0.002540220152413209	CASSQEDRAGNTIYF+TCRBV04-01+TCRBJ01-03	TCRBV04-01	TCRBJ01-03	DRB1*09:01	cii	feature38923_DRB1_09_01	DRB1	True	DRB1*09:01	cii	5.359887e-09	-8.270844366238903	h-DRB1_09_01-549	5.0	3.0	1.0	0.5788576300085251	DRB1	True	both	True	shared	cii	DRB1*09:01	cii
Dataset1	CGGACACGTCTTGATG-9	TRB:CASSQEDRAGNTIYF;TRA:CAMSRTTGYSTLTF	C03	CD4_CTL	supercentenarian	CASSQEDRAGNTIYF	CAMSRTTGYSTLTF	3	1181	0.002540220152413209	CASSQEDRAGNTIYF+TCRBV04-02+TCRBJ01-03	TCRBV04-02	TCRBJ01-03	DRB1*09:01	cii	feature38923_DRB1_09_01	DRB1	True	DRB1*09:01	cii	2.219379e-09	-8.65376852762207	h-DRB1_09_01-549	5.0	3.0	1.0	0.5788576300085251	DRB1	True	both	True	shared	cii	DRB1*09:01	cii
Dataset1	CGGACACGTCTTGATG-9	TRB:CASSQEDRAGNTIYF;TRA:CAMSRTTGYSTLTF	C03	CD4_CTL	supercentenarian	CASSQEDRAGNTIYF	CAMSRTTGYSTLTF	3	1181	0.002540220152413209	CASSQEDRAGNTIYF+TCRBV04-03+TCRBJ01-03	TCRBV04-03	TCRBJ01-03	DRB1*09:01	cii	feature38923_DRB1_09_01	DRB1	True											False	left_only	False	2024 only	cii	DRB1*09:01	cii
Dataset1	CGGACTGGTAGATTAG-9	TRB:CASSSPTGGNEQFF	C04	CD8_TEMRA	supercentenarian	CASSSPTGGNEQFF		16	1366	0.01171303074670571	CASSSPTGGNEQFF+TCRBV07-09+TCRBJ02-01	TCRBV07-09	TCRBJ02-01	B*15:01	ci	feature9526_B_15_01	B	True	B*15:01	ci	4.8668347e-10	-9.312753404135984	h-B_15_01-190	10.0	8.0	0.8875	0.5583972719522592	B	True	both	True	shared	ci	B*15:01	ci
Dataset1	CGGAGCTGTAGGCATG-9	TRB:CASSLGNEQFF;TRA:CAMRRLNSGGSNYKLTF	C04	CD4_Helper	supercentenarian	CASSLGNEQFF	CAMRRLNSGGSNYKLTF	1	1366	0.0007320644216691069	CASSLGNEQFF+TCRBV10-03+TCRBJ02-01	TCRBV10-03	TCRBJ02-01	B*35:03	ci	feature12626_B_35_03	B	True											False	left_only	False	2024 only	ci	B*35:03	ci
Dataset1	CGGTTAAAGACATAAC-9	TRB:CASSFAGGSDTQYF;TRA:CAGGGVNRGSTLGRLYF	C03	CD8_TEMRA	supercentenarian	CASSFAGGSDTQYF	CAGGGVNRGSTLGRLYF	25	1181	0.021168501270110076	CASSFAGGSDTQYF+TCRBV27-01+TCRBJ02-03	TCRBV27-01	TCRBJ02-03					False	DRB1*04:05	cii	1.6474279e-09	-8.783193583299862	h-DRB1_04_05-234	1.0	0.0		0.5487354362034669	DRB1	True	right_only	False	2026 only	cii	DRB1*04:05	cii
Dataset1	CGGTTAATCGAGAGCA-9	TRB:CASSSPTGGNEQFF;TRA:CAASYFGNEKLTF	C04	CD8_TEMRA	supercentenarian	CASSSPTGGNEQFF	CAASYFGNEKLTF	95	1366	0.06954612005856516	CASSSPTGGNEQFF+TCRBV07-09+TCRBJ02-01	TCRBV07-09	TCRBJ02-01	B*15:01	ci	feature9526_B_15_01	B	True	B*15:01	ci	4.8668347e-10	-9.312753404135984	h-B_15_01-190	10.0	8.0	0.8875	0.5583972719522592	B	True	both	True	shared	ci	B*15:01	ci
Dataset1	CGTAGCGAGACCTAGG-9	TRB:CASSFAGGSDTQYF;TRA:CAGGGVNRGSTLGRLYF	C03	CD8_TEMRA	supercentenarian	CASSFAGGSDTQYF	CAGGGVNRGSTLGRLYF	25	1181	0.021168501270110076	CASSFAGGSDTQYF+TCRBV27-01+TCRBJ02-03	TCRBV27-01	TCRBJ02-03					False	DRB1*04:05	cii	1.6474279e-09	-8.783193583299862	h-DRB1_04_05-234	1.0	0.0		0.5487354362034669	DRB1	True	right_only	False	2026 only	cii	DRB1*04:05	cii
Dataset1	CGTCAGGAGCTCTCGG-9	TRB:CASSFAGGSDTQYF;TRA:CAGGGVNRGSTLGRLYF	C03	CD8_TEMRA	supercentenarian	CASSFAGGSDTQYF	CAGGGVNRGSTLGRLYF	25	1181	0.021168501270110076	CASSFAGGSDTQYF+TCRBV27-01+TCRBJ02-03	TCRBV27-01	TCRBJ02-03					False	DRB1*04:05	cii	1.6474279e-09	-8.783193583299862	h-DRB1_04_05-234	1.0	0.0		0.5487354362034669	DRB1	True	right_only	False	2026 only	cii	DRB1*04:05	cii
Dataset1	CGTTCTGCAGCGTTCG-9	TRB:CASSSGQVYGYTF;TRA:CAVGGGSNYKLTF	C04	CD4_CTL	supercentenarian	CASSSGQVYGYTF	CAVGGGSNYKLTF	29	1366	0.0212298682284041	CASSSGQVYGYTF+TCRBV05-06+TCRBJ01-02	TCRBV05-06	TCRBJ01-02	A*01:01	ci	feature339_A_01_01	A	True	A*01:01	ci	3.5673313e-09	-8.44765655562367	h-A_01_01-169	5.0	12.0	0.625	0.536231884057971	A	True	both	True	shared	ci	A*01:01	ci
Dataset1	CTAACTTGTCATATCG-9	TRB:CASSLGVGYEQYF;TRA:CATSGFQKLVF	C02	CD4_Naive	supercentenarian	CASSLGVGYEQYF	CATSGFQKLVF	1	542	0.0018450184501845018	CASSLGVGYEQYF+TCRBV28-01+TCRBJ02-07	TCRBV28-01	TCRBJ02-07	C*08:02	ci	feature21047_C_08_02	C	True	C*08:02	ci	1.541235e-08	-7.812131137127066	h-C_08_02-249	3.0	2.0		0.5512929809605002	C	True	both	True	shared	ci	C*08:02	ci
Dataset1	CTACATTTCCACTGGG-9	TRB:CASSSPTGGNEQFF;TRA:CAASYFGNEKLTF	C04	CD8_TEMRA	supercentenarian	CASSSPTGGNEQFF	CAASYFGNEKLTF	95	1366	0.06954612005856516	CASSSPTGGNEQFF+TCRBV07-09+TCRBJ02-01	TCRBV07-09	TCRBJ02-01	B*15:01	ci	feature9526_B_15_01	B	True	B*15:01	ci	4.8668347e-10	-9.312753404135984	h-B_15_01-190	10.0	8.0	0.8875	0.5583972719522592	B	True	both	True	shared	ci	B*15:01	ci
Dataset1	CTACGTCAGTGGGCTA-9	TRB:CASSFAGGSDTQYF;TRA:CAGGGVNRGSTLGRLYF	C03	CD8_TEMRA	supercentenarian	CASSFAGGSDTQYF	CAGGGVNRGSTLGRLYF	25	1181	0.021168501270110076	CASSFAGGSDTQYF+TCRBV27-01+TCRBJ02-03	TCRBV27-01	TCRBJ02-03					False	DRB1*04:05	cii	1.6474279e-09	-8.783193583299862	h-DRB1_04_05-234	1.0	0.0		0.5487354362034669	DRB1	True	right_only	False	2026 only	cii	DRB1*04:05	cii
Dataset1	CTAGAGTCAAAGCAAT-9	TRB:CASSSPTGGNEQFF;TRA:CAASYFGNEKLTF	C04	CD8_TEMRA	supercentenarian	CASSSPTGGNEQFF	CAASYFGNEKLTF	95	1366	0.06954612005856516	CASSSPTGGNEQFF+TCRBV07-09+TCRBJ02-01	TCRBV07-09	TCRBJ02-01	B*15:01	ci	feature9526_B_15_01	B	True	B*15:01	ci	4.8668347e-10	-9.312753404135984	h-B_15_01-190	10.0	8.0	0.8875	0.5583972719522592	B	True	both	True	shared	ci	B*15:01	ci
Dataset1	CTCCTAGCACAGGAGT-9	TRB:CASSFAGGSDTQYF;TRA:CAGGGVNRGSTLGRLYF	C03	CD8_TEMRA	supercentenarian	CASSFAGGSDTQYF	CAGGGVNRGSTLGRLYF	25	1181	0.021168501270110076	CASSFAGGSDTQYF+TCRBV27-01+TCRBJ02-03	TCRBV27-01	TCRBJ02-03					False	DRB1*04:05	cii	1.6474279e-09	-8.783193583299862	h-DRB1_04_05-234	1.0	0.0		0.5487354362034669	DRB1	True	right_only	False	2026 only	cii	DRB1*04:05	cii
Dataset1	CTCCTAGTCTCCTATA-9	TRB:CASSSPTGGNEQFF;TRA:CAASYFGNEKLTF	C04	CD8_TEMRA	supercentenarian	CASSSPTGGNEQFF	CAASYFGNEKLTF	95	1366	0.06954612005856516	CASSSPTGGNEQFF+TCRBV07-09+TCRBJ02-01	TCRBV07-09	TCRBJ02-01	B*15:01	ci	feature9526_B_15_01	B	True	B*15:01	ci	4.8668347e-10	-9.312753404135984	h-B_15_01-190	10.0	8.0	0.8875	0.5583972719522592	B	True	both	True	shared	ci	B*15:01	ci
Dataset1	CTCGAGGTCCATGAAC-9	TRB:CASSSPTGGNEQFF;TRA:CAASYFGNEKLTF	C04	CD8_TEMRA	supercentenarian	CASSSPTGGNEQFF	CAASYFGNEKLTF	95	1366	0.06954612005856516	CASSSPTGGNEQFF+TCRBV07-09+TCRBJ02-01	TCRBV07-09	TCRBJ02-01	B*15:01	ci	feature9526_B_15_01	B	True	B*15:01	ci	4.8668347e-10	-9.312753404135984	h-B_15_01-190	10.0	8.0	0.8875	0.5583972719522592	B	True	both	True	shared	ci	B*15:01	ci
Dataset1	CTCGGAGAGAAGGTTT-9	TRB:CASSSPTGGNEQFF;TRA:CAASYFGNEKLTF	C04	CD8_TEMRA	supercentenarian	CASSSPTGGNEQFF	CAASYFGNEKLTF	95	1366	0.06954612005856516	CASSSPTGGNEQFF+TCRBV07-09+TCRBJ02-01	TCRBV07-09	TCRBJ02-01	B*15:01	ci	feature9526_B_15_01	B	True	B*15:01	ci	4.8668347e-10	-9.312753404135984	h-B_15_01-190	10.0	8.0	0.8875	0.5583972719522592	B	True	both	True	shared	ci	B*15:01	ci
Dataset1	CTCGGAGGTTCGTCTC-9	TRB:CASSLSTGANTGELFF;TRA:CAYRREGGADGLTF	C04	CD8_TEM	supercentenarian	CASSLSTGANTGELFF	CAYRREGGADGLTF	1	1366	0.0007320644216691069	CASSLSTGANTGELFF+TCRBV05-04+TCRBJ02-02	TCRBV05-04	TCRBJ02-02					False	DQA1*01:02+DQB1*06:02	cii	4.2679485e-10	-9.369780829711663	h-DQA1_01_02_DQB1_06_02-7	4.0	13.0	1.0	0.5910770105143506	DQA1	True	right_only	False	2026 only	cii	DQA1*01:02+DQB1*06:02	cii
Dataset1	CTGCCTAAGTCCTCCT-9	TRB:CASSLARDSEAFF;TRA:CAVGRRGNEKLTF	C04	CD4_Helper	supercentenarian	CASSLARDSEAFF	CAVGRRGNEKLTF	1	1366	0.0007320644216691069	CASSLARDSEAFF+TCRBV13-01+TCRBJ01-01	TCRBV13-01	TCRBJ01-01	DQA1*01:01+DQB1*05:01	cii	feature29890_DQA1_01_01+DQB1_05_01	DQA1	True	DRB1*01:01	cii	6.615869e-10	-9.179413102781444	h-DRB1_01_01-298	6.0	4.0	1.0	0.4997158283603296	DRB1	True	both	True	shared	cii	DQA1*01:01+DQB1*05:01	cii
Dataset1	CTGCCTAGTCTAGCGC-9	TRB:CASSFAGGSDTQYF;TRA:CAGGGVNRGSTLGRLYF	C03	CD8_TEMRA	supercentenarian	CASSFAGGSDTQYF	CAGGGVNRGSTLGRLYF	25	1181	0.021168501270110076	CASSFAGGSDTQYF+TCRBV27-01+TCRBJ02-03	TCRBV27-01	TCRBJ02-03					False	DRB1*04:05	cii	1.6474279e-09	-8.783193583299862	h-DRB1_04_05-234	1.0	0.0		0.5487354362034669	DRB1	True	right_only	False	2026 only	cii	DRB1*04:05	cii
Dataset1	CTGCGGAAGCGTCAAG-9	TRB:CASSSPTGGNEQFF;TRA:CAASYFGNEKLTF	C04	CD8_TEMRA	supercentenarian	CASSSPTGGNEQFF	CAASYFGNEKLTF	95	1366	0.06954612005856516	CASSSPTGGNEQFF+TCRBV07-09+TCRBJ02-01	TCRBV07-09	TCRBJ02-01	B*15:01	ci	feature9526_B_15_01	B	True	B*15:01	ci	4.8668347e-10	-9.312753404135984	h-B_15_01-190	10.0	8.0	0.8875	0.5583972719522592	B	True	both	True	shared	ci	B*15:01	ci
Dataset1	CTGCTGTCATGACATC-9	TRB:CASSSPTGGNEQFF;TRA:CAASYFGNEKLTF	C04	CD8_TEMRA	supercentenarian	CASSSPTGGNEQFF	CAASYFGNEKLTF	95	1366	0.06954612005856516	CASSSPTGGNEQFF+TCRBV07-09+TCRBJ02-01	TCRBV07-09	TCRBJ02-01	B*15:01	ci	feature9526_B_15_01	B	True	B*15:01	ci	4.8668347e-10	-9.312753404135984	h-B_15_01-190	10.0	8.0	0.8875	0.5583972719522592	B	True	both	True	shared	ci	B*15:01	ci
Dataset1	CTGGTCTTCAACACCA-9	TRB:CASSSPTGGNEQFF	C04	CD8_TEMRA	supercentenarian	CASSSPTGGNEQFF		16	1366	0.01171303074670571	CASSSPTGGNEQFF+TCRBV07-09+TCRBJ02-01	TCRBV07-09	TCRBJ02-01	B*15:01	ci	feature9526_B_15_01	B	True	B*15:01	ci	4.8668347e-10	-9.312753404135984	h-B_15_01-190	10.0	8.0	0.8875	0.5583972719522592	B	True	both	True	shared	ci	B*15:01	ci
Dataset1	CTTAACTAGTTTAGGA-9	TRB:CASSSPTGGNEQFF;TRA:CAASYFGNEKLTF	C04	CD8_TEMRA	supercentenarian	CASSSPTGGNEQFF	CAASYFGNEKLTF	95	1366	0.06954612005856516	CASSSPTGGNEQFF+TCRBV07-09+TCRBJ02-01	TCRBV07-09	TCRBJ02-01	B*15:01	ci	feature9526_B_15_01	B	True	B*15:01	ci	4.8668347e-10	-9.312753404135984	h-B_15_01-190	10.0	8.0	0.8875	0.5583972719522592	B	True	both	True	shared	ci	B*15:01	ci
Dataset1	CTTACCGAGCGAAGGG-9	TRB:CASSSPTGGNEQFF	C04	CD8_TEMRA	supercentenarian	CASSSPTGGNEQFF		16	1366	0.01171303074670571	CASSSPTGGNEQFF+TCRBV07-09+TCRBJ02-01	TCRBV07-09	TCRBJ02-01	B*15:01	ci	feature9526_B_15_01	B	True	B*15:01	ci	4.8668347e-10	-9.312753404135984	h-B_15_01-190	10.0	8.0	0.8875	0.5583972719522592	B	True	both	True	shared	ci	B*15:01	ci
Dataset1	CTTAGGAGTCGTCTTC-9	TRB:CASSSGQVYGYTF;TRA:CAVGGGSNYKLTF	C04	CD4_CTL	supercentenarian	CASSSGQVYGYTF	CAVGGGSNYKLTF	29	1366	0.0212298682284041	CASSSGQVYGYTF+TCRBV05-06+TCRBJ01-02	TCRBV05-06	TCRBJ01-02	A*01:01	ci	feature339_A_01_01	A	True	A*01:01	ci	3.5673313e-09	-8.44765655562367	h-A_01_01-169	5.0	12.0	0.625	0.536231884057971	A	True	both	True	shared	ci	A*01:01	ci
Dataset1	GAAACTCCAGTATAAG-9	TRB:CASSSGQVYGYTF;TRA:CAVGGGSNYKLTF	C04	CD4_CTL	supercentenarian	CASSSGQVYGYTF	CAVGGGSNYKLTF	29	1366	0.0212298682284041	CASSSGQVYGYTF+TCRBV05-06+TCRBJ01-02	TCRBV05-06	TCRBJ01-02	A*01:01	ci	feature339_A_01_01	A	True	A*01:01	ci	3.5673313e-09	-8.44765655562367	h-A_01_01-169	5.0	12.0	0.625	0.536231884057971	A	True	both	True	shared	ci	A*01:01	ci
Dataset1	GAACCTACACCAGCAC-9	TRB:CASSFAGGSDTQYF;TRA:CAGGGVNRGSTLGRLYF	C03	CD8_TEMRA	supercentenarian	CASSFAGGSDTQYF	CAGGGVNRGSTLGRLYF	25	1181	0.021168501270110076	CASSFAGGSDTQYF+TCRBV27-01+TCRBJ02-03	TCRBV27-01	TCRBJ02-03					False	DRB1*04:05	cii	1.6474279e-09	-8.783193583299862	h-DRB1_04_05-234	1.0	0.0		0.5487354362034669	DRB1	True	right_only	False	2026 only	cii	DRB1*04:05	cii
Dataset1	GACACGCTCAATAAGG-9	TRB:CASSSPTGGNEQFF;TRA:CAASYFGNEKLTF	C04	CD8_TEMRA	supercentenarian	CASSSPTGGNEQFF	CAASYFGNEKLTF	95	1366	0.06954612005856516	CASSSPTGGNEQFF+TCRBV07-09+TCRBJ02-01	TCRBV07-09	TCRBJ02-01	B*15:01	ci	feature9526_B_15_01	B	True	B*15:01	ci	4.8668347e-10	-9.312753404135984	h-B_15_01-190	10.0	8.0	0.8875	0.5583972719522592	B	True	both	True	shared	ci	B*15:01	ci
Dataset1	GACGCGTGTATAATGG-9	TRB:CASSRGSNQPQHF;TRA:CAASIGTGANNLFF	C04	CD4_Helper	supercentenarian	CASSRGSNQPQHF	CAASIGTGANNLFF	1	1366	0.0007320644216691069	CASSRGSNQPQHF+TCRBV07-03+TCRBJ01-05	TCRBV07-03	TCRBJ01-05					False	DRB1*07:01	cii	1.7102803e-07	-6.766932706703012	h-DRB1_07_01-718	11.0	19.0	0.9617224880382776	0.5242966751918158	DRB1	True	right_only	False	2026 only	cii	DRB1*07:01	cii
Dataset1	GACGCGTGTGATAAGT-9	TRB:CASSSGQVYGYTF;TRA:CAVGGGSNYKLTF	C04	CD4_CTL	supercentenarian	CASSSGQVYGYTF	CAVGGGSNYKLTF	29	1366	0.0212298682284041	CASSSGQVYGYTF+TCRBV05-06+TCRBJ01-02	TCRBV05-06	TCRBJ01-02	A*01:01	ci	feature339_A_01_01	A	True	A*01:01	ci	3.5673313e-09	-8.44765655562367	h-A_01_01-169	5.0	12.0	0.625	0.536231884057971	A	True	both	True	shared	ci	A*01:01	ci
Dataset1	GACGTTAAGGAGTCTG-9	TRB:CASSSPTGGNEQFF;TRA:CAASYFGNEKLTF	C04	CD8_TEMRA	supercentenarian	CASSSPTGGNEQFF	CAASYFGNEKLTF	95	1366	0.06954612005856516	CASSSPTGGNEQFF+TCRBV07-09+TCRBJ02-01	TCRBV07-09	TCRBJ02-01	B*15:01	ci	feature9526_B_15_01	B	True	B*15:01	ci	4.8668347e-10	-9.312753404135984	h-B_15_01-190	10.0	8.0	0.8875	0.5583972719522592	B	True	both	True	shared	ci	B*15:01	ci
Dataset1	GACGTTATCGCCATAA-9	TRB:CASSSPTGGNEQFF;TRA:CAASYFGNEKLTF	C04	CD8_TEMRA	supercentenarian	CASSSPTGGNEQFF	CAASYFGNEKLTF	95	1366	0.06954612005856516	CASSSPTGGNEQFF+TCRBV07-09+TCRBJ02-01	TCRBV07-09	TCRBJ02-01	B*15:01	ci	feature9526_B_15_01	B	True	B*15:01	ci	4.8668347e-10	-9.312753404135984	h-B_15_01-190	10.0	8.0	0.8875	0.5583972719522592	B	True	both	True	shared	ci	B*15:01	ci
Dataset1	GACTAACCAACTTGAC-9	TRB:CASSSGQVYGYTF;TRA:CAVGGGSNYKLTF	C04	CD4_CTL	supercentenarian	CASSSGQVYGYTF	CAVGGGSNYKLTF	29	1366	0.0212298682284041	CASSSGQVYGYTF+TCRBV05-06+TCRBJ01-02	TCRBV05-06	TCRBJ01-02	A*01:01	ci	feature339_A_01_01	A	True	A*01:01	ci	3.5673313e-09	-8.44765655562367	h-A_01_01-169	5.0	12.0	0.625	0.536231884057971	A	True	both	True	shared	ci	A*01:01	ci
Dataset1	GAGCAGAAGAGACTTA-9	TRB:CASSSPTGGNEQFF;TRA:CAASYFGNEKLTF	C04	CD8_TEMRA	supercentenarian	CASSSPTGGNEQFF	CAASYFGNEKLTF	95	1366	0.06954612005856516	CASSSPTGGNEQFF+TCRBV07-09+TCRBJ02-01	TCRBV07-09	TCRBJ02-01	B*15:01	ci	feature9526_B_15_01	B	True	B*15:01	ci	4.8668347e-10	-9.312753404135984	h-B_15_01-190	10.0	8.0	0.8875	0.5583972719522592	B	True	both	True	shared	ci	B*15:01	ci
Dataset1	GAGGTGAGTTCGTTGA-9	TRB:CASSLWTGGGNEQFF;TRA:CAVQETSGSRLTF	C04	CD8_TEMRA	supercentenarian	CASSLWTGGGNEQFF	CAVQETSGSRLTF	8	1366	0.005856515373352855	CASSLWTGGGNEQFF+TCRBV27-01+TCRBJ02-01	TCRBV27-01	TCRBJ02-01	A*11:01	ci	feature2347_A_11_01	A	True	A*11:01	ci	1.1517185e-09	-8.938653657055104	h-A_11_01-135	13.0	9.0	0.8632478632478631	0.5717533390167662	A	True	both	True	shared	ci	A*11:01	ci
Dataset1	GATCGTAAGCCCAGCT-9	TRB:CASSSPTGGNEQFF	C04	CD8_TEMRA	supercentenarian	CASSSPTGGNEQFF		16	1366	0.01171303074670571	CASSSPTGGNEQFF+TCRBV07-09+TCRBJ02-01	TCRBV07-09	TCRBJ02-01	B*15:01	ci	feature9526_B_15_01	B	True	B*15:01	ci	4.8668347e-10	-9.312753404135984	h-B_15_01-190	10.0	8.0	0.8875	0.5583972719522592	B	True	both	True	shared	ci	B*15:01	ci
Dataset1	GATCGTATCGGCGGTT-9	TRB:CASSFAGGSDTQYF;TRA:CAGGGVNRGSTLGRLYF	C03	CD8_TEMRA	supercentenarian	CASSFAGGSDTQYF	CAGGGVNRGSTLGRLYF	25	1181	0.021168501270110076	CASSFAGGSDTQYF+TCRBV27-01+TCRBJ02-03	TCRBV27-01	TCRBJ02-03					False	DRB1*04:05	cii	1.6474279e-09	-8.783193583299862	h-DRB1_04_05-234	1.0	0.0		0.5487354362034669	DRB1	True	right_only	False	2026 only	cii	DRB1*04:05	cii
Dataset1	GATGAAACATCGGACC-9	TRB:CASSLVRGDYGYTF	C02	CD8_TEM	supercentenarian	CASSLVRGDYGYTF		1	542	0.0018450184501845018	CASSLVRGDYGYTF+TCRBV07-02+TCRBJ01-02	TCRBV07-02	TCRBJ01-02	DRB3*03:01	cii	feature42832_DRB3_03_01	DRB3	True	DRB3*03:01	cii	4.1156127e-09	-8.385565501297101	h-DRB3_03_01-433	1.0	3.0		0.6328502415458936	DRB3	True	both	True	shared	cii	DRB3*03:01	cii
Dataset1	GATGAGGGTCAGATAA-9	TRB:CASSSPTGGNEQFF;TRA:CAASYFGNEKLTF	C04	CD8_TEMRA	supercentenarian	CASSSPTGGNEQFF	CAASYFGNEKLTF	95	1366	0.06954612005856516	CASSSPTGGNEQFF+TCRBV07-09+TCRBJ02-01	TCRBV07-09	TCRBJ02-01	B*15:01	ci	feature9526_B_15_01	B	True	B*15:01	ci	4.8668347e-10	-9.312753404135984	h-B_15_01-190	10.0	8.0	0.8875	0.5583972719522592	B	True	both	True	shared	ci	B*15:01	ci
Dataset1	GCAGCCATCCAGAGGA-9	TRB:CASSSPTGGNEQFF;TRA:CAASYFGNEKLTF	C04	CD8_TEMRA	supercentenarian	CASSSPTGGNEQFF	CAASYFGNEKLTF	95	1366	0.06954612005856516	CASSSPTGGNEQFF+TCRBV07-09+TCRBJ02-01	TCRBV07-09	TCRBJ02-01	B*15:01	ci	feature9526_B_15_01	B	True	B*15:01	ci	4.8668347e-10	-9.312753404135984	h-B_15_01-190	10.0	8.0	0.8875	0.5583972719522592	B	True	both	True	shared	ci	B*15:01	ci
Dataset1	GCATGTAAGGTGTTAA-9	TRB:CASSLWTGGGNEQFF;TRA:CAVQETSGSRLTF	C04	CD8_TEMRA	supercentenarian	CASSLWTGGGNEQFF	CAVQETSGSRLTF	8	1366	0.005856515373352855	CASSLWTGGGNEQFF+TCRBV27-01+TCRBJ02-01	TCRBV27-01	TCRBJ02-01	A*11:01	ci	feature2347_A_11_01	A	True	A*11:01	ci	1.1517185e-09	-8.938653657055104	h-A_11_01-135	13.0	9.0	0.8632478632478631	0.5717533390167662	A	True	both	True	shared	ci	A*11:01	ci
Dataset1	GCCAAATAGGCGATAC-9	TRB:CASSSPTGGNEQFF;TRA:CAASYFGNEKLTF	C04	CD8_TEMRA	supercentenarian	CASSSPTGGNEQFF	CAASYFGNEKLTF	95	1366	0.06954612005856516	CASSSPTGGNEQFF+TCRBV07-09+TCRBJ02-01	TCRBV07-09	TCRBJ02-01	B*15:01	ci	feature9526_B_15_01	B	True	B*15:01	ci	4.8668347e-10	-9.312753404135984	h-B_15_01-190	10.0	8.0	0.8875	0.5583972719522592	B	True	both	True	shared	ci	B*15:01	ci
Dataset1	GCGCAACTCCCAGGTG-9	TRB:CASSLWTGGGNEQFF;TRA:CAVQETSGSRLTF	C04	CD8_TEMRA	supercentenarian	CASSLWTGGGNEQFF	CAVQETSGSRLTF	8	1366	0.005856515373352855	CASSLWTGGGNEQFF+TCRBV27-01+TCRBJ02-01	TCRBV27-01	TCRBJ02-01	A*11:01	ci	feature2347_A_11_01	A	True	A*11:01	ci	1.1517185e-09	-8.938653657055104	h-A_11_01-135	13.0	9.0	0.8632478632478631	0.5717533390167662	A	True	both	True	shared	ci	A*11:01	ci
Dataset1	GCGCAGTTCGAGGTAG-9	TRB:CASSLWTGGGNEQFF	C04	CD8_TEMRA	supercentenarian	CASSLWTGGGNEQFF		1	1366	0.0007320644216691069	CASSLWTGGGNEQFF+TCRBV27-01+TCRBJ02-01	TCRBV27-01	TCRBJ02-01	A*11:01	ci	feature2347_A_11_01	A	True	A*11:01	ci	1.1517185e-09	-8.938653657055104	h-A_11_01-135	13.0	9.0	0.8632478632478631	0.5717533390167662	A	True	both	True	shared	ci	A*11:01	ci
Dataset1	GCGCGATTCCTCCTAG-9	TRB:CASSSGQVYGYTF;TRA:CAVGGGSNYKLTF	C04	CD4_CTL	supercentenarian	CASSSGQVYGYTF	CAVGGGSNYKLTF	29	1366	0.0212298682284041	CASSSGQVYGYTF+TCRBV05-06+TCRBJ01-02	TCRBV05-06	TCRBJ01-02	A*01:01	ci	feature339_A_01_01	A	True	A*01:01	ci	3.5673313e-09	-8.44765655562367	h-A_01_01-169	5.0	12.0	0.625	0.536231884057971	A	True	both	True	shared	ci	A*01:01	ci
Dataset1	GCTGCTTTCAAGAAGT-9	TRB:CASSSPTGGNEQFF;TRA:CAASYFGNEKLTF	C04	CD8_TEMRA	supercentenarian	CASSSPTGGNEQFF	CAASYFGNEKLTF	95	1366	0.06954612005856516	CASSSPTGGNEQFF+TCRBV07-09+TCRBJ02-01	TCRBV07-09	TCRBJ02-01	B*15:01	ci	feature9526_B_15_01	B	True	B*15:01	ci	4.8668347e-10	-9.312753404135984	h-B_15_01-190	10.0	8.0	0.8875	0.5583972719522592	B	True	both	True	shared	ci	B*15:01	ci
Dataset1	GCTGGGTGTGACTCAT-9	TRB:CASSSPTGGNEQFF;TRA:CAASYFGNEKLTF	C04	CD8_TEMRA	supercentenarian	CASSSPTGGNEQFF	CAASYFGNEKLTF	95	1366	0.06954612005856516	CASSSPTGGNEQFF+TCRBV07-09+TCRBJ02-01	TCRBV07-09	TCRBJ02-01	B*15:01	ci	feature9526_B_15_01	B	True	B*15:01	ci	4.8668347e-10	-9.312753404135984	h-B_15_01-190	10.0	8.0	0.8875	0.5583972719522592	B	True	both	True	shared	ci	B*15:01	ci
Dataset1	GGACAGACACACCGCA-9	TRB:CASSFAGGSDTQYF;TRA:CAGGGVNRGSTLGRLYF	C03	CD8_TEMRA	supercentenarian	CASSFAGGSDTQYF	CAGGGVNRGSTLGRLYF	25	1181	0.021168501270110076	CASSFAGGSDTQYF+TCRBV27-01+TCRBJ02-03	TCRBV27-01	TCRBJ02-03					False	DRB1*04:05	cii	1.6474279e-09	-8.783193583299862	h-DRB1_04_05-234	1.0	0.0		0.5487354362034669	DRB1	True	right_only	False	2026 only	cii	DRB1*04:05	cii
Dataset1	GGACATTTCGTACCGG-9	TRB:CASSSPTGGNEQFF;TRA:CAASYFGNEKLTF	C04	CD4_Treg	supercentenarian	CASSSPTGGNEQFF	CAASYFGNEKLTF	95	1366	0.06954612005856516	CASSSPTGGNEQFF+TCRBV07-09+TCRBJ02-01	TCRBV07-09	TCRBJ02-01	B*15:01	ci	feature9526_B_15_01	B	True	B*15:01	ci	4.8668347e-10	-9.312753404135984	h-B_15_01-190	10.0	8.0	0.8875	0.5583972719522592	B	True	both	True	shared	ci	B*15:01	ci
Dataset1	GGACGTCTCATCACCC-9	TRB:CASSSPTGGNEQFF	C04	CD8_TEMRA	supercentenarian	CASSSPTGGNEQFF		16	1366	0.01171303074670571	CASSSPTGGNEQFF+TCRBV07-09+TCRBJ02-01	TCRBV07-09	TCRBJ02-01	B*15:01	ci	feature9526_B_15_01	B	True	B*15:01	ci	4.8668347e-10	-9.312753404135984	h-B_15_01-190	10.0	8.0	0.8875	0.5583972719522592	B	True	both	True	shared	ci	B*15:01	ci
Dataset1	GGAGCAAGTCAATACC-9	TRB:CASSSPTGGNEQFF;TRA:CAASYFGNEKLTF	C04	CD8_TEMRA	supercentenarian	CASSSPTGGNEQFF	CAASYFGNEKLTF	95	1366	0.06954612005856516	CASSSPTGGNEQFF+TCRBV07-09+TCRBJ02-01	TCRBV07-09	TCRBJ02-01	B*15:01	ci	feature9526_B_15_01	B	True	B*15:01	ci	4.8668347e-10	-9.312753404135984	h-B_15_01-190	10.0	8.0	0.8875	0.5583972719522592	B	True	both	True	shared	ci	B*15:01	ci
Dataset1	GGAGCAATCATTGCCC-9	TRB:CASSSPTGGNEQFF;TRA:CAASYFGNEKLTF	C04	CD8_TEMRA	supercentenarian	CASSSPTGGNEQFF	CAASYFGNEKLTF	95	1366	0.06954612005856516	CASSSPTGGNEQFF+TCRBV07-09+TCRBJ02-01	TCRBV07-09	TCRBJ02-01	B*15:01	ci	feature9526_B_15_01	B	True	B*15:01	ci	4.8668347e-10	-9.312753404135984	h-B_15_01-190	10.0	8.0	0.8875	0.5583972719522592	B	True	both	True	shared	ci	B*15:01	ci
Dataset1	GGCCGATCAGATAATG-9	TRB:CASSSPTGGNEQFF;TRA:CAASYFGNEKLTF	C04	CD8_TEMRA	supercentenarian	CASSSPTGGNEQFF	CAASYFGNEKLTF	95	1366	0.06954612005856516	CASSSPTGGNEQFF+TCRBV07-09+TCRBJ02-01	TCRBV07-09	TCRBJ02-01	B*15:01	ci	feature9526_B_15_01	B	True	B*15:01	ci	4.8668347e-10	-9.312753404135984	h-B_15_01-190	10.0	8.0	0.8875	0.5583972719522592	B	True	both	True	shared	ci	B*15:01	ci
Dataset1	GGCGTGTTCACTCTTA-9	TRB:CASSFAGGSDTQYF	C03	CD8_TEMRA	supercentenarian	CASSFAGGSDTQYF		2	1181	0.001693480101608806	CASSFAGGSDTQYF+TCRBV27-01+TCRBJ02-03	TCRBV27-01	TCRBJ02-03					False	DRB1*04:05	cii	1.6474279e-09	-8.783193583299862	h-DRB1_04_05-234	1.0	0.0		0.5487354362034669	DRB1	True	right_only	False	2026 only	cii	DRB1*04:05	cii
Dataset1	GGGAATGGTTAAGACA-9	TRB:CASSFQETQYF;TRA:CVVNLYGQNFVF	C02	CD4_Helper	supercentenarian	CASSFQETQYF	CVVNLYGQNFVF	1	542	0.0018450184501845018	CASSFQETQYF+TCRBV12-03/12-04+TCRBJ02-05	TCRBV12-03/12-04	TCRBJ02-05	DQA1*01:01+DQB1*05:01	cii	feature29890_DQA1_01_01+DQB1_05_01	DQA1	True											False	left_only	False	2024 only	cii	DQA1*01:01+DQB1*05:01	cii
Dataset1	GGGAGATAGAGCCCAA-9	TRB:CASSSPTGGNEQFF;TRA:CAASYFGNEKLTF	C04	CD8_TEMRA	supercentenarian	CASSSPTGGNEQFF	CAASYFGNEKLTF	95	1366	0.06954612005856516	CASSSPTGGNEQFF+TCRBV07-09+TCRBJ02-01	TCRBV07-09	TCRBJ02-01	B*15:01	ci	feature9526_B_15_01	B	True	B*15:01	ci	4.8668347e-10	-9.312753404135984	h-B_15_01-190	10.0	8.0	0.8875	0.5583972719522592	B	True	both	True	shared	ci	B*15:01	ci
Dataset1	GGGCATCCAGTTCATG-9	TRB:CASSSGQVYGYTF;TRA:CAVGGGSNYKLTF	C04	CD4_CTL	supercentenarian	CASSSGQVYGYTF	CAVGGGSNYKLTF	29	1366	0.0212298682284041	CASSSGQVYGYTF+TCRBV05-06+TCRBJ01-02	TCRBV05-06	TCRBJ01-02	A*01:01	ci	feature339_A_01_01	A	True	A*01:01	ci	3.5673313e-09	-8.44765655562367	h-A_01_01-169	5.0	12.0	0.625	0.536231884057971	A	True	both	True	shared	ci	A*01:01	ci
Dataset1	GGGTTGCAGCTACCTA-9	TRB:CASSFAGGSDTQYF;TRA:CAGGGVNRGSTLGRLYF	C03	CD8_TEMRA	supercentenarian	CASSFAGGSDTQYF	CAGGGVNRGSTLGRLYF	25	1181	0.021168501270110076	CASSFAGGSDTQYF+TCRBV27-01+TCRBJ02-03	TCRBV27-01	TCRBJ02-03					False	DRB1*04:05	cii	1.6474279e-09	-8.783193583299862	h-DRB1_04_05-234	1.0	0.0		0.5487354362034669	DRB1	True	right_only	False	2026 only	cii	DRB1*04:05	cii
Dataset1	GGTATTGCACTAGTAC-9	TRB:CASSQEDRAGNTIYF;TRA:CAMSRTTGYSTLTF	C03	CD4_CTL	supercentenarian	CASSQEDRAGNTIYF	CAMSRTTGYSTLTF	3	1181	0.002540220152413209	CASSQEDRAGNTIYF+TCRBV04-01+TCRBJ01-03	TCRBV04-01	TCRBJ01-03	DRB1*09:01	cii	feature38923_DRB1_09_01	DRB1	True	DRB1*09:01	cii	5.359887e-09	-8.270844366238903	h-DRB1_09_01-549	5.0	3.0	1.0	0.5788576300085251	DRB1	True	both	True	shared	cii	DRB1*09:01	cii
Dataset1	GGTATTGCACTAGTAC-9	TRB:CASSQEDRAGNTIYF;TRA:CAMSRTTGYSTLTF	C03	CD4_CTL	supercentenarian	CASSQEDRAGNTIYF	CAMSRTTGYSTLTF	3	1181	0.002540220152413209	CASSQEDRAGNTIYF+TCRBV04-02+TCRBJ01-03	TCRBV04-02	TCRBJ01-03	DRB1*09:01	cii	feature38923_DRB1_09_01	DRB1	True	DRB1*09:01	cii	2.219379e-09	-8.65376852762207	h-DRB1_09_01-549	5.0	3.0	1.0	0.5788576300085251	DRB1	True	both	True	shared	cii	DRB1*09:01	cii
Dataset1	GGTATTGCACTAGTAC-9	TRB:CASSQEDRAGNTIYF;TRA:CAMSRTTGYSTLTF	C03	CD4_CTL	supercentenarian	CASSQEDRAGNTIYF	CAMSRTTGYSTLTF	3	1181	0.002540220152413209	CASSQEDRAGNTIYF+TCRBV04-03+TCRBJ01-03	TCRBV04-03	TCRBJ01-03	DRB1*09:01	cii	feature38923_DRB1_09_01	DRB1	True											False	left_only	False	2024 only	cii	DRB1*09:01	cii
Dataset1	GGTATTGGTATGCTTG-9	TRB:CASSSPTGGNEQFF	C04	CD8_TEMRA	supercentenarian	CASSSPTGGNEQFF		16	1366	0.01171303074670571	CASSSPTGGNEQFF+TCRBV07-09+TCRBJ02-01	TCRBV07-09	TCRBJ02-01	B*15:01	ci	feature9526_B_15_01	B	True	B*15:01	ci	4.8668347e-10	-9.312753404135984	h-B_15_01-190	10.0	8.0	0.8875	0.5583972719522592	B	True	both	True	shared	ci	B*15:01	ci
Dataset1	GGTATTGTCTGCTGTC-9	TRB:CASSSPTGGNEQFF	C04	CD8_TEMRA	supercentenarian	CASSSPTGGNEQFF		16	1366	0.01171303074670571	CASSSPTGGNEQFF+TCRBV07-09+TCRBJ02-01	TCRBV07-09	TCRBJ02-01	B*15:01	ci	feature9526_B_15_01	B	True	B*15:01	ci	4.8668347e-10	-9.312753404135984	h-B_15_01-190	10.0	8.0	0.8875	0.5583972719522592	B	True	both	True	shared	ci	B*15:01	ci
Dataset1	GTACTCCAGCCACCTG-9	TRB:CASSSPTGGNEQFF	C04	CD8_TEMRA	supercentenarian	CASSSPTGGNEQFF		16	1366	0.01171303074670571	CASSSPTGGNEQFF+TCRBV07-09+TCRBJ02-01	TCRBV07-09	TCRBJ02-01	B*15:01	ci	feature9526_B_15_01	B	True	B*15:01	ci	4.8668347e-10	-9.312753404135984	h-B_15_01-190	10.0	8.0	0.8875	0.5583972719522592	B	True	both	True	shared	ci	B*15:01	ci
Dataset1	GTACTTTCAGACAAAT-9	TRB:CASSSPTGGNEQFF;TRA:CAASYFGNEKLTF	C04	CD8_TEMRA	supercentenarian	CASSSPTGGNEQFF	CAASYFGNEKLTF	95	1366	0.06954612005856516	CASSSPTGGNEQFF+TCRBV07-09+TCRBJ02-01	TCRBV07-09	TCRBJ02-01	B*15:01	ci	feature9526_B_15_01	B	True	B*15:01	ci	4.8668347e-10	-9.312753404135984	h-B_15_01-190	10.0	8.0	0.8875	0.5583972719522592	B	True	both	True	shared	ci	B*15:01	ci
Dataset1	GTAGGCCGTACGACCC-9	TRB:CASSFAGGSDTQYF;TRA:CAGGGVNRGSTLGRLYF	C03	CD8_TEMRA	supercentenarian	CASSFAGGSDTQYF	CAGGGVNRGSTLGRLYF	25	1181	0.021168501270110076	CASSFAGGSDTQYF+TCRBV27-01+TCRBJ02-03	TCRBV27-01	TCRBJ02-03					False	DRB1*04:05	cii	1.6474279e-09	-8.783193583299862	h-DRB1_04_05-234	1.0	0.0		0.5487354362034669	DRB1	True	right_only	False	2026 only	cii	DRB1*04:05	cii
Dataset1	GTCACGGAGAGCCCAA-9	TRB:CASSSGQVYGYTF;TRA:CAVGGGSNYKLTF	C04	CD4_CTL	supercentenarian	CASSSGQVYGYTF	CAVGGGSNYKLTF	29	1366	0.0212298682284041	CASSSGQVYGYTF+TCRBV05-06+TCRBJ01-02	TCRBV05-06	TCRBJ01-02	A*01:01	ci	feature339_A_01_01	A	True	A*01:01	ci	3.5673313e-09	-8.44765655562367	h-A_01_01-169	5.0	12.0	0.625	0.536231884057971	A	True	both	True	shared	ci	A*01:01	ci
Dataset1	GTCATTTCAATAGAGT-9	TRB:CASSSPTGGNEQFF;TRA:CAASYFGNEKLTF	C04	CD8_TEMRA	supercentenarian	CASSSPTGGNEQFF	CAASYFGNEKLTF	95	1366	0.06954612005856516	CASSSPTGGNEQFF+TCRBV07-09+TCRBJ02-01	TCRBV07-09	TCRBJ02-01	B*15:01	ci	feature9526_B_15_01	B	True	B*15:01	ci	4.8668347e-10	-9.312753404135984	h-B_15_01-190	10.0	8.0	0.8875	0.5583972719522592	B	True	both	True	shared	ci	B*15:01	ci
Dataset1	GTCATTTCACGCGAAA-9	TRB:CASSSPTGGNEQFF;TRA:CAASYFGNEKLTF	C04	CD8_TEMRA	supercentenarian	CASSSPTGGNEQFF	CAASYFGNEKLTF	95	1366	0.06954612005856516	CASSSPTGGNEQFF+TCRBV07-09+TCRBJ02-01	TCRBV07-09	TCRBJ02-01	B*15:01	ci	feature9526_B_15_01	B	True	B*15:01	ci	4.8668347e-10	-9.312753404135984	h-B_15_01-190	10.0	8.0	0.8875	0.5583972719522592	B	True	both	True	shared	ci	B*15:01	ci
Dataset1	GTCCTCAAGTGCAAGC-9	TRB:CASSETDTQYF;TRA:CAASKADNTDKLIF	C03	CD8_TEM	supercentenarian	CASSETDTQYF	CAASKADNTDKLIF	1	1181	0.000846740050804403	CASSETDTQYF+TCRBV06-01+TCRBJ02-03	TCRBV06-01	TCRBJ02-03					False	A*31:01	ci	2.3794435e-08	-7.623524603086089	h-A_31_01-92	2.0	1.0		0.5889457232168229	A	True	right_only	False	2026 only	ci	A*31:01	ci
Dataset1	GTCGGGTCATGAGCGA-9	TRB:CASSSPTGGNEQFF;TRA:CAASYFGNEKLTF	C04	CD8_TEMRA	supercentenarian	CASSSPTGGNEQFF	CAASYFGNEKLTF	95	1366	0.06954612005856516	CASSSPTGGNEQFF+TCRBV07-09+TCRBJ02-01	TCRBV07-09	TCRBJ02-01	B*15:01	ci	feature9526_B_15_01	B	True	B*15:01	ci	4.8668347e-10	-9.312753404135984	h-B_15_01-190	10.0	8.0	0.8875	0.5583972719522592	B	True	both	True	shared	ci	B*15:01	ci
Dataset1	GTGGGTCTCCGCGCAA-9	TRB:CASSSPTGGNEQFF;TRA:CAASYFGNEKLTF	C04	CD8_TEMRA	supercentenarian	CASSSPTGGNEQFF	CAASYFGNEKLTF	95	1366	0.06954612005856516	CASSSPTGGNEQFF+TCRBV07-09+TCRBJ02-01	TCRBV07-09	TCRBJ02-01	B*15:01	ci	feature9526_B_15_01	B	True	B*15:01	ci	4.8668347e-10	-9.312753404135984	h-B_15_01-190	10.0	8.0	0.8875	0.5583972719522592	B	True	both	True	shared	ci	B*15:01	ci
Dataset1	GTTACAGTCGTCACGG-9	TRB:CASSQEDRAGNTIYF;TRA:CAMSRTTGYSTLTF	C03	CD4_CTL	supercentenarian	CASSQEDRAGNTIYF	CAMSRTTGYSTLTF	3	1181	0.002540220152413209	CASSQEDRAGNTIYF+TCRBV04-01+TCRBJ01-03	TCRBV04-01	TCRBJ01-03	DRB1*09:01	cii	feature38923_DRB1_09_01	DRB1	True	DRB1*09:01	cii	5.359887e-09	-8.270844366238903	h-DRB1_09_01-549	5.0	3.0	1.0	0.5788576300085251	DRB1	True	both	True	shared	cii	DRB1*09:01	cii
Dataset1	GTTACAGTCGTCACGG-9	TRB:CASSQEDRAGNTIYF;TRA:CAMSRTTGYSTLTF	C03	CD4_CTL	supercentenarian	CASSQEDRAGNTIYF	CAMSRTTGYSTLTF	3	1181	0.002540220152413209	CASSQEDRAGNTIYF+TCRBV04-02+TCRBJ01-03	TCRBV04-02	TCRBJ01-03	DRB1*09:01	cii	feature38923_DRB1_09_01	DRB1	True	DRB1*09:01	cii	2.219379e-09	-8.65376852762207	h-DRB1_09_01-549	5.0	3.0	1.0	0.5788576300085251	DRB1	True	both	True	shared	cii	DRB1*09:01	cii
Dataset1	GTTACAGTCGTCACGG-9	TRB:CASSQEDRAGNTIYF;TRA:CAMSRTTGYSTLTF	C03	CD4_CTL	supercentenarian	CASSQEDRAGNTIYF	CAMSRTTGYSTLTF	3	1181	0.002540220152413209	CASSQEDRAGNTIYF+TCRBV04-03+TCRBJ01-03	TCRBV04-03	TCRBJ01-03	DRB1*09:01	cii	feature38923_DRB1_09_01	DRB1	True											False	left_only	False	2024 only	cii	DRB1*09:01	cii
Dataset1	GTTCATTTCTGCTGTC-9	TRB:CASSSGQVYGYTF;TRA:CAVGGGSNYKLTF	C04	CD4_CTL	supercentenarian	CASSSGQVYGYTF	CAVGGGSNYKLTF	29	1366	0.0212298682284041	CASSSGQVYGYTF+TCRBV05-06+TCRBJ01-02	TCRBV05-06	TCRBJ01-02	A*01:01	ci	feature339_A_01_01	A	True	A*01:01	ci	3.5673313e-09	-8.44765655562367	h-A_01_01-169	5.0	12.0	0.625	0.536231884057971	A	True	both	True	shared	ci	A*01:01	ci
Dataset1	GTTTCTACATGCATGT-9	TRB:CASSSGQVYGYTF;TRA:CAVGGGSNYKLTF	C04	CD4_CTL	supercentenarian	CASSSGQVYGYTF	CAVGGGSNYKLTF	29	1366	0.0212298682284041	CASSSGQVYGYTF+TCRBV05-06+TCRBJ01-02	TCRBV05-06	TCRBJ01-02	A*01:01	ci	feature339_A_01_01	A	True	A*01:01	ci	3.5673313e-09	-8.44765655562367	h-A_01_01-169	5.0	12.0	0.625	0.536231884057971	A	True	both	True	shared	ci	A*01:01	ci
Dataset1	TACACGATCAGCATGT-9	TRB:CASSSPTGGNEQFF;TRA:CAASYFGNEKLTF	C04	CD8_TEMRA	supercentenarian	CASSSPTGGNEQFF	CAASYFGNEKLTF	95	1366	0.06954612005856516	CASSSPTGGNEQFF+TCRBV07-09+TCRBJ02-01	TCRBV07-09	TCRBJ02-01	B*15:01	ci	feature9526_B_15_01	B	True	B*15:01	ci	4.8668347e-10	-9.312753404135984	h-B_15_01-190	10.0	8.0	0.8875	0.5583972719522592	B	True	both	True	shared	ci	B*15:01	ci
Dataset1	TACGGGCGTTAAGACA-9	TRB:CASSSPTGGNEQFF;TRA:CAASYFGNEKLTF	C04	CD8_TEMRA	supercentenarian	CASSSPTGGNEQFF	CAASYFGNEKLTF	95	1366	0.06954612005856516	CASSSPTGGNEQFF+TCRBV07-09+TCRBJ02-01	TCRBV07-09	TCRBJ02-01	B*15:01	ci	feature9526_B_15_01	B	True	B*15:01	ci	4.8668347e-10	-9.312753404135984	h-B_15_01-190	10.0	8.0	0.8875	0.5583972719522592	B	True	both	True	shared	ci	B*15:01	ci
Dataset1	TACTCGCAGTATCTCG-9	TRB:CASSSPTGGNEQFF;TRA:CAASYFGNEKLTF	C04	CD8_TEMRA	supercentenarian	CASSSPTGGNEQFF	CAASYFGNEKLTF	95	1366	0.06954612005856516	CASSSPTGGNEQFF+TCRBV07-09+TCRBJ02-01	TCRBV07-09	TCRBJ02-01	B*15:01	ci	feature9526_B_15_01	B	True	B*15:01	ci	4.8668347e-10	-9.312753404135984	h-B_15_01-190	10.0	8.0	0.8875	0.5583972719522592	B	True	both	True	shared	ci	B*15:01	ci
Dataset1	TACTTGTTCTAGCACA-9	TRB:CASSSGQVYGYTF;TRA:CAVGGGSNYKLTF	C04	CD4_CTL	supercentenarian	CASSSGQVYGYTF	CAVGGGSNYKLTF	29	1366	0.0212298682284041	CASSSGQVYGYTF+TCRBV05-06+TCRBJ01-02	TCRBV05-06	TCRBJ01-02	A*01:01	ci	feature339_A_01_01	A	True	A*01:01	ci	3.5673313e-09	-8.44765655562367	h-A_01_01-169	5.0	12.0	0.625	0.536231884057971	A	True	both	True	shared	ci	A*01:01	ci
Dataset1	TACTTGTTCTTAACCT-9	TRB:CASSSPTGGNEQFF;TRA:CAASYFGNEKLTF	C04	CD8_TEMRA	supercentenarian	CASSSPTGGNEQFF	CAASYFGNEKLTF	95	1366	0.06954612005856516	CASSSPTGGNEQFF+TCRBV07-09+TCRBJ02-01	TCRBV07-09	TCRBJ02-01	B*15:01	ci	feature9526_B_15_01	B	True	B*15:01	ci	4.8668347e-10	-9.312753404135984	h-B_15_01-190	10.0	8.0	0.8875	0.5583972719522592	B	True	both	True	shared	ci	B*15:01	ci
Dataset1	TACTTGTTCTTTAGGG-9	TRB:CASSSPTGGNEQFF;TRA:CAASYFGNEKLTF	C04	CD8_TEMRA	supercentenarian	CASSSPTGGNEQFF	CAASYFGNEKLTF	95	1366	0.06954612005856516	CASSSPTGGNEQFF+TCRBV07-09+TCRBJ02-01	TCRBV07-09	TCRBJ02-01	B*15:01	ci	feature9526_B_15_01	B	True	B*15:01	ci	4.8668347e-10	-9.312753404135984	h-B_15_01-190	10.0	8.0	0.8875	0.5583972719522592	B	True	both	True	shared	ci	B*15:01	ci
Dataset1	TAGAGCTAGCGCCTCA-9	TRB:CASSSPTGGNEQFF;TRA:CAASYFGNEKLTF	C04	CD8_TEMRA	supercentenarian	CASSSPTGGNEQFF	CAASYFGNEKLTF	95	1366	0.06954612005856516	CASSSPTGGNEQFF+TCRBV07-09+TCRBJ02-01	TCRBV07-09	TCRBJ02-01	B*15:01	ci	feature9526_B_15_01	B	True	B*15:01	ci	4.8668347e-10	-9.312753404135984	h-B_15_01-190	10.0	8.0	0.8875	0.5583972719522592	B	True	both	True	shared	ci	B*15:01	ci
Dataset1	TAGAGCTTCTTGTTTG-9	TRB:CASSSPTGGNEQFF;TRA:CAASYFGNEKLTF	C04	CD8_TEMRA	supercentenarian	CASSSPTGGNEQFF	CAASYFGNEKLTF	95	1366	0.06954612005856516	CASSSPTGGNEQFF+TCRBV07-09+TCRBJ02-01	TCRBV07-09	TCRBJ02-01	B*15:01	ci	feature9526_B_15_01	B	True	B*15:01	ci	4.8668347e-10	-9.312753404135984	h-B_15_01-190	10.0	8.0	0.8875	0.5583972719522592	B	True	both	True	shared	ci	B*15:01	ci
Dataset1	TATGCCCGTCTCTCGT-9	TRB:CASSSPTGGNEQFF;TRA:CAASYFGNEKLTF	C04	CD8_TEMRA	supercentenarian	CASSSPTGGNEQFF	CAASYFGNEKLTF	95	1366	0.06954612005856516	CASSSPTGGNEQFF+TCRBV07-09+TCRBJ02-01	TCRBV07-09	TCRBJ02-01	B*15:01	ci	feature9526_B_15_01	B	True	B*15:01	ci	4.8668347e-10	-9.312753404135984	h-B_15_01-190	10.0	8.0	0.8875	0.5583972719522592	B	True	both	True	shared	ci	B*15:01	ci
Dataset1	TATTACCCAAAGTCAA-9	TRB:CASSSPTGGNEQFF;TRA:CAASYFGNEKLTF	C04	CD8_TEMRA	supercentenarian	CASSSPTGGNEQFF	CAASYFGNEKLTF	95	1366	0.06954612005856516	CASSSPTGGNEQFF+TCRBV07-09+TCRBJ02-01	TCRBV07-09	TCRBJ02-01	B*15:01	ci	feature9526_B_15_01	B	True	B*15:01	ci	4.8668347e-10	-9.312753404135984	h-B_15_01-190	10.0	8.0	0.8875	0.5583972719522592	B	True	both	True	shared	ci	B*15:01	ci
Dataset1	TATTACCGTAAGAGGA-9	TRB:CASSFAGGSDTQYF;TRA:CAGGGVNRGSTLGRLYF	C03	CD8_TEMRA	supercentenarian	CASSFAGGSDTQYF	CAGGGVNRGSTLGRLYF	25	1181	0.021168501270110076	CASSFAGGSDTQYF+TCRBV27-01+TCRBJ02-03	TCRBV27-01	TCRBJ02-03					False	DRB1*04:05	cii	1.6474279e-09	-8.783193583299862	h-DRB1_04_05-234	1.0	0.0		0.5487354362034669	DRB1	True	right_only	False	2026 only	cii	DRB1*04:05	cii
Dataset1	TCAACGATCACCCTCA-9	TRB:CASSLGPWQPQHF;TRA:CAMREGSNFGNEKLTF	C04	CD4_Helper	supercentenarian	CASSLGPWQPQHF	CAMREGSNFGNEKLTF	2	1366	0.0014641288433382138	CASSLGPWQPQHF+TCRBV07-02+TCRBJ01-05	TCRBV07-02	TCRBJ01-05	DRB1*09:01	cii	feature38923_DRB1_09_01	DRB1	True											False	left_only	False	2024 only	cii	DRB1*09:01	cii
Dataset1	TCAATCTTCGTGGGAA-9	TRB:CASSSPTGGNEQFF;TRA:CAASYFGNEKLTF	C04	CD8_TEMRA	supercentenarian	CASSSPTGGNEQFF	CAASYFGNEKLTF	95	1366	0.06954612005856516	CASSSPTGGNEQFF+TCRBV07-09+TCRBJ02-01	TCRBV07-09	TCRBJ02-01	B*15:01	ci	feature9526_B_15_01	B	True	B*15:01	ci	4.8668347e-10	-9.312753404135984	h-B_15_01-190	10.0	8.0	0.8875	0.5583972719522592	B	True	both	True	shared	ci	B*15:01	ci
Dataset1	TCAATCTTCTTGACGA-9	TRB:CASSSWTVNYGYTF;TRA:CGADSSGDKLTF	C03	CD4_Helper	supercentenarian	CASSSWTVNYGYTF	CGADSSGDKLTF	1	1181	0.000846740050804403	CASSSWTVNYGYTF+TCRBV05-06+TCRBJ01-02	TCRBV05-06	TCRBJ01-02					False	DPA1*01:03+DPB1*04:02	cii	4.172933e-10	-9.379558588200796	h-DPA1_01_03_DPB1_04_02-78	5.0	14.0	0.9571428571428572	0.6226200625177607	DPA1	True	right_only	False	2026 only	cii	DPA1*01:03+DPB1*04:02	cii
Dataset1	TCACGAATCTGCAGTA-9	TRB:CASSSPTGGNEQFF;TRA:CAASYFGNEKLTF	C04	CD8_TEMRA	supercentenarian	CASSSPTGGNEQFF	CAASYFGNEKLTF	95	1366	0.06954612005856516	CASSSPTGGNEQFF+TCRBV07-09+TCRBJ02-01	TCRBV07-09	TCRBJ02-01	B*15:01	ci	feature9526_B_15_01	B	True	B*15:01	ci	4.8668347e-10	-9.312753404135984	h-B_15_01-190	10.0	8.0	0.8875	0.5583972719522592	B	True	both	True	shared	ci	B*15:01	ci
Dataset1	TCAGCAACAGCTGTTA-9	TRB:CASSLWTGGGNEQFF;TRA:CAVQETSGSRLTF	C04	CD8_TEMRA	supercentenarian	CASSLWTGGGNEQFF	CAVQETSGSRLTF	8	1366	0.005856515373352855	CASSLWTGGGNEQFF+TCRBV27-01+TCRBJ02-01	TCRBV27-01	TCRBJ02-01	A*11:01	ci	feature2347_A_11_01	A	True	A*11:01	ci	1.1517185e-09	-8.938653657055104	h-A_11_01-135	13.0	9.0	0.8632478632478631	0.5717533390167662	A	True	both	True	shared	ci	A*11:01	ci
Dataset1	TCAGGATGTTAGAACA-9	TRB:CASSSGQVYGYTF;TRA:CAVGGGSNYKLTF	C04	CD4_CTL	supercentenarian	CASSSGQVYGYTF	CAVGGGSNYKLTF	29	1366	0.0212298682284041	CASSSGQVYGYTF+TCRBV05-06+TCRBJ01-02	TCRBV05-06	TCRBJ01-02	A*01:01	ci	feature339_A_01_01	A	True	A*01:01	ci	3.5673313e-09	-8.44765655562367	h-A_01_01-169	5.0	12.0	0.625	0.536231884057971	A	True	both	True	shared	ci	A*01:01	ci
Dataset1	TCAGGTAAGCTCTCGG-9	TRB:CASSSPTGGNEQFF	C04	CD8_TEMRA	supercentenarian	CASSSPTGGNEQFF		16	1366	0.01171303074670571	CASSSPTGGNEQFF+TCRBV07-09+TCRBJ02-01	TCRBV07-09	TCRBJ02-01	B*15:01	ci	feature9526_B_15_01	B	True	B*15:01	ci	4.8668347e-10	-9.312753404135984	h-B_15_01-190	10.0	8.0	0.8875	0.5583972719522592	B	True	both	True	shared	ci	B*15:01	ci
Dataset1	TCATTTGCAGACAGGT-9	TRB:CASSSPTGGNEQFF;TRA:CAASYFGNEKLTF	C04	CD8_TEMRA	supercentenarian	CASSSPTGGNEQFF	CAASYFGNEKLTF	95	1366	0.06954612005856516	CASSSPTGGNEQFF+TCRBV07-09+TCRBJ02-01	TCRBV07-09	TCRBJ02-01	B*15:01	ci	feature9526_B_15_01	B	True	B*15:01	ci	4.8668347e-10	-9.312753404135984	h-B_15_01-190	10.0	8.0	0.8875	0.5583972719522592	B	True	both	True	shared	ci	B*15:01	ci
Dataset1	TCATTTGCAGGAACGT-9	TRB:CASSLWTGGGNEQFF;TRA:CAVQETSGSRLTF	C04	CD8_TEMRA	supercentenarian	CASSLWTGGGNEQFF	CAVQETSGSRLTF	8	1366	0.005856515373352855	CASSLWTGGGNEQFF+TCRBV27-01+TCRBJ02-01	TCRBV27-01	TCRBJ02-01	A*11:01	ci	feature2347_A_11_01	A	True	A*11:01	ci	1.1517185e-09	-8.938653657055104	h-A_11_01-135	13.0	9.0	0.8632478632478631	0.5717533390167662	A	True	both	True	shared	ci	A*11:01	ci
Dataset1	TCCCGATTCCAGTAGT-9	TRB:CASSSPTGGNEQFF;TRA:CAASYFGNEKLTF	C04	CD8_TEMRA	supercentenarian	CASSSPTGGNEQFF	CAASYFGNEKLTF	95	1366	0.06954612005856516	CASSSPTGGNEQFF+TCRBV07-09+TCRBJ02-01	TCRBV07-09	TCRBJ02-01	B*15:01	ci	feature9526_B_15_01	B	True	B*15:01	ci	4.8668347e-10	-9.312753404135984	h-B_15_01-190	10.0	8.0	0.8875	0.5583972719522592	B	True	both	True	shared	ci	B*15:01	ci
Dataset1	TCCCGATTCGCGTTTC-9	TRB:CASSSPTGGNEQFF;TRA:CAASYFGNEKLTF	C04	CD8_TEMRA	supercentenarian	CASSSPTGGNEQFF	CAASYFGNEKLTF	95	1366	0.06954612005856516	CASSSPTGGNEQFF+TCRBV07-09+TCRBJ02-01	TCRBV07-09	TCRBJ02-01	B*15:01	ci	feature9526_B_15_01	B	True	B*15:01	ci	4.8668347e-10	-9.312753404135984	h-B_15_01-190	10.0	8.0	0.8875	0.5583972719522592	B	True	both	True	shared	ci	B*15:01	ci
Dataset1	TCGCGAGAGGCTCATT-9	TRB:CASSLGPWQPQHF;TRA:CAMREGSNFGNEKLTF	C04	CD4_CTL	supercentenarian	CASSLGPWQPQHF	CAMREGSNFGNEKLTF	2	1366	0.0014641288433382138	CASSLGPWQPQHF+TCRBV07-02+TCRBJ01-05	TCRBV07-02	TCRBJ01-05	DRB1*09:01	cii	feature38923_DRB1_09_01	DRB1	True											False	left_only	False	2024 only	cii	DRB1*09:01	cii
Dataset1	TCGCGAGCAGACGTAG-9	TRB:CASSSPTGGNEQFF;TRA:CAASYFGNEKLTF	C04	CD8_TEMRA	supercentenarian	CASSSPTGGNEQFF	CAASYFGNEKLTF	95	1366	0.06954612005856516	CASSSPTGGNEQFF+TCRBV07-09+TCRBJ02-01	TCRBV07-09	TCRBJ02-01	B*15:01	ci	feature9526_B_15_01	B	True	B*15:01	ci	4.8668347e-10	-9.312753404135984	h-B_15_01-190	10.0	8.0	0.8875	0.5583972719522592	B	True	both	True	shared	ci	B*15:01	ci
Dataset1	TCGCGTTTCCGAAGAG-9	TRB:CASSSPTGGNEQFF	C04	CD8_TEMRA	supercentenarian	CASSSPTGGNEQFF		16	1366	0.01171303074670571	CASSSPTGGNEQFF+TCRBV07-09+TCRBJ02-01	TCRBV07-09	TCRBJ02-01	B*15:01	ci	feature9526_B_15_01	B	True	B*15:01	ci	4.8668347e-10	-9.312753404135984	h-B_15_01-190	10.0	8.0	0.8875	0.5583972719522592	B	True	both	True	shared	ci	B*15:01	ci
Dataset1	TCGCGTTTCGCCGTGA-9	TRB:CASSSPTGGNEQFF;TRA:CAASYFGNEKLTF	C04	CD8_TEMRA	supercentenarian	CASSSPTGGNEQFF	CAASYFGNEKLTF	95	1366	0.06954612005856516	CASSSPTGGNEQFF+TCRBV07-09+TCRBJ02-01	TCRBV07-09	TCRBJ02-01	B*15:01	ci	feature9526_B_15_01	B	True	B*15:01	ci	4.8668347e-10	-9.312753404135984	h-B_15_01-190	10.0	8.0	0.8875	0.5583972719522592	B	True	both	True	shared	ci	B*15:01	ci
Dataset1	TCGTAGAGTCAATGTC-9	TRB:CASSSPTGGNEQFF;TRA:CAASYFGNEKLTF	C04	CD8_TEMRA	supercentenarian	CASSSPTGGNEQFF	CAASYFGNEKLTF	95	1366	0.06954612005856516	CASSSPTGGNEQFF+TCRBV07-09+TCRBJ02-01	TCRBV07-09	TCRBJ02-01	B*15:01	ci	feature9526_B_15_01	B	True	B*15:01	ci	4.8668347e-10	-9.312753404135984	h-B_15_01-190	10.0	8.0	0.8875	0.5583972719522592	B	True	both	True	shared	ci	B*15:01	ci
Dataset1	TCTCATATCATGTCCC-9	TRB:CASSSPTGGNEQFF;TRA:CAASYFGNEKLTF	C04	CD8_TEMRA	supercentenarian	CASSSPTGGNEQFF	CAASYFGNEKLTF	95	1366	0.06954612005856516	CASSSPTGGNEQFF+TCRBV07-09+TCRBJ02-01	TCRBV07-09	TCRBJ02-01	B*15:01	ci	feature9526_B_15_01	B	True	B*15:01	ci	4.8668347e-10	-9.312753404135984	h-B_15_01-190	10.0	8.0	0.8875	0.5583972719522592	B	True	both	True	shared	ci	B*15:01	ci
Dataset1	TCTCTAAAGCAGCGTA-9	TRB:CASSSPTGGNEQFF;TRA:CAASYFGNEKLTF	C04	CD8_TEMRA	supercentenarian	CASSSPTGGNEQFF	CAASYFGNEKLTF	95	1366	0.06954612005856516	CASSSPTGGNEQFF+TCRBV07-09+TCRBJ02-01	TCRBV07-09	TCRBJ02-01	B*15:01	ci	feature9526_B_15_01	B	True	B*15:01	ci	4.8668347e-10	-9.312753404135984	h-B_15_01-190	10.0	8.0	0.8875	0.5583972719522592	B	True	both	True	shared	ci	B*15:01	ci
Dataset1	TCTTCGGAGTCTCAAC-9	TRB:CASSSPTGGNEQFF;TRA:CAASYFGNEKLTF	C04	CD8_TEMRA	supercentenarian	CASSSPTGGNEQFF	CAASYFGNEKLTF	95	1366	0.06954612005856516	CASSSPTGGNEQFF+TCRBV07-09+TCRBJ02-01	TCRBV07-09	TCRBJ02-01	B*15:01	ci	feature9526_B_15_01	B	True	B*15:01	ci	4.8668347e-10	-9.312753404135984	h-B_15_01-190	10.0	8.0	0.8875	0.5583972719522592	B	True	both	True	shared	ci	B*15:01	ci
Dataset1	TCTTCGGAGTGTTGAA-9	TRB:CASSSGQVYGYTF;TRA:CAVGGGSNYKLTF	C04	CD4_CTL	supercentenarian	CASSSGQVYGYTF	CAVGGGSNYKLTF	29	1366	0.0212298682284041	CASSSGQVYGYTF+TCRBV05-06+TCRBJ01-02	TCRBV05-06	TCRBJ01-02	A*01:01	ci	feature339_A_01_01	A	True	A*01:01	ci	3.5673313e-09	-8.44765655562367	h-A_01_01-169	5.0	12.0	0.625	0.536231884057971	A	True	both	True	shared	ci	A*01:01	ci
Dataset1	TCTTTCCCATTGGGCC-9	TRB:CASSSPTGGNEQFF;TRA:CAASYFGNEKLTF	C04	CD8_TEMRA	supercentenarian	CASSSPTGGNEQFF	CAASYFGNEKLTF	95	1366	0.06954612005856516	CASSSPTGGNEQFF+TCRBV07-09+TCRBJ02-01	TCRBV07-09	TCRBJ02-01	B*15:01	ci	feature9526_B_15_01	B	True	B*15:01	ci	4.8668347e-10	-9.312753404135984	h-B_15_01-190	10.0	8.0	0.8875	0.5583972719522592	B	True	both	True	shared	ci	B*15:01	ci
Dataset1	TGAGCCGAGCTAAGAT-9	TRB:CASSSPTGGNEQFF;TRA:CAASYFGNEKLTF	C04	CD8_TEMRA	supercentenarian	CASSSPTGGNEQFF	CAASYFGNEKLTF	95	1366	0.06954612005856516	CASSSPTGGNEQFF+TCRBV07-09+TCRBJ02-01	TCRBV07-09	TCRBJ02-01	B*15:01	ci	feature9526_B_15_01	B	True	B*15:01	ci	4.8668347e-10	-9.312753404135984	h-B_15_01-190	10.0	8.0	0.8875	0.5583972719522592	B	True	both	True	shared	ci	B*15:01	ci
Dataset1	TGCCCTACAATAAGCA-9	TRB:CASSFAGGSDTQYF	C03	CD8_TEMRA	supercentenarian	CASSFAGGSDTQYF		2	1181	0.001693480101608806	CASSFAGGSDTQYF+TCRBV27-01+TCRBJ02-03	TCRBV27-01	TCRBJ02-03					False	DRB1*04:05	cii	1.6474279e-09	-8.783193583299862	h-DRB1_04_05-234	1.0	0.0		0.5487354362034669	DRB1	True	right_only	False	2026 only	cii	DRB1*04:05	cii
Dataset1	TGCGGGTAGCCCAATT-9	TRB:CASSYSGGDEQFF;TRA:CALSDPGAGSYQLTF;TRA:CVVRNSGYALNF	C04	CD8_TEMRA	supercentenarian	CASSYSGGDEQFF	CVVRNSGYALNF	4	1366	0.0029282576866764276	CASSYSGGDEQFF+TCRBV06-05+TCRBJ02-01	TCRBV06-05	TCRBJ02-01	B*15:01	ci	feature9526_B_15_01	B	True	B*15:01	ci	2.7962761e-08	-7.5534199492402125	h-B_15_01-190	10.0	8.0	0.8875	0.5583972719522592	B	True	both	True	shared	ci	B*15:01	ci
Dataset1	TGCGTGGGTTAAAGTG-9	TRB:CASSYSGGDEQFF;TRA:CALSDPGAGSYQLTF;TRA:CVVRNSGYALNF	C04	CD8_TEMRA	supercentenarian	CASSYSGGDEQFF	CVVRNSGYALNF	4	1366	0.0029282576866764276	CASSYSGGDEQFF+TCRBV06-05+TCRBJ02-01	TCRBV06-05	TCRBJ02-01	B*15:01	ci	feature9526_B_15_01	B	True	B*15:01	ci	2.7962761e-08	-7.5534199492402125	h-B_15_01-190	10.0	8.0	0.8875	0.5583972719522592	B	True	both	True	shared	ci	B*15:01	ci
Dataset1	TGCGTGGTCTAGCACA-9	TRB:CASSSPTGGNEQFF;TRA:CAASYFGNEKLTF	C04	CD8_TEMRA	supercentenarian	CASSSPTGGNEQFF	CAASYFGNEKLTF	95	1366	0.06954612005856516	CASSSPTGGNEQFF+TCRBV07-09+TCRBJ02-01	TCRBV07-09	TCRBJ02-01	B*15:01	ci	feature9526_B_15_01	B	True	B*15:01	ci	4.8668347e-10	-9.312753404135984	h-B_15_01-190	10.0	8.0	0.8875	0.5583972719522592	B	True	both	True	shared	ci	B*15:01	ci
Dataset1	TGCTGCTGTCGCTTTC-9	TRB:CASSSPTGGNEQFF;TRA:CAASYFGNEKLTF	C04	CD8_TEMRA	supercentenarian	CASSSPTGGNEQFF	CAASYFGNEKLTF	95	1366	0.06954612005856516	CASSSPTGGNEQFF+TCRBV07-09+TCRBJ02-01	TCRBV07-09	TCRBJ02-01	B*15:01	ci	feature9526_B_15_01	B	True	B*15:01	ci	4.8668347e-10	-9.312753404135984	h-B_15_01-190	10.0	8.0	0.8875	0.5583972719522592	B	True	both	True	shared	ci	B*15:01	ci
Dataset1	TGGCGCAAGAAACCTA-9	TRB:CASSSPTGGNEQFF	C04	CD8_TEMRA	supercentenarian	CASSSPTGGNEQFF		16	1366	0.01171303074670571	CASSSPTGGNEQFF+TCRBV07-09+TCRBJ02-01	TCRBV07-09	TCRBJ02-01	B*15:01	ci	feature9526_B_15_01	B	True	B*15:01	ci	4.8668347e-10	-9.312753404135984	h-B_15_01-190	10.0	8.0	0.8875	0.5583972719522592	B	True	both	True	shared	ci	B*15:01	ci
Dataset1	TGGTTCCAGAGGTTGC-9	TRB:CASSYSGGDEQFF;TRA:CALSDPGAGSYQLTF;TRA:CVVRNSGYALNF	C04	CD8_TEMRA	supercentenarian	CASSYSGGDEQFF	CVVRNSGYALNF	4	1366	0.0029282576866764276	CASSYSGGDEQFF+TCRBV06-05+TCRBJ02-01	TCRBV06-05	TCRBJ02-01	B*15:01	ci	feature9526_B_15_01	B	True	B*15:01	ci	2.7962761e-08	-7.5534199492402125	h-B_15_01-190	10.0	8.0	0.8875	0.5583972719522592	B	True	both	True	shared	ci	B*15:01	ci
Dataset1	TGTTCCGAGAATGTTG-9	TRB:CASSSPTGGNEQFF;TRA:CAASYFGNEKLTF	C04	CD8_TEMRA	supercentenarian	CASSSPTGGNEQFF	CAASYFGNEKLTF	95	1366	0.06954612005856516	CASSSPTGGNEQFF+TCRBV07-09+TCRBJ02-01	TCRBV07-09	TCRBJ02-01	B*15:01	ci	feature9526_B_15_01	B	True	B*15:01	ci	4.8668347e-10	-9.312753404135984	h-B_15_01-190	10.0	8.0	0.8875	0.5583972719522592	B	True	both	True	shared	ci	B*15:01	ci
Dataset1	TTAACTCTCGTCACGG-9	TRB:CASSFAGGSDTQYF;TRA:CAGGGVNRGSTLGRLYF	C03	CD8_TEMRA	supercentenarian	CASSFAGGSDTQYF	CAGGGVNRGSTLGRLYF	25	1181	0.021168501270110076	CASSFAGGSDTQYF+TCRBV27-01+TCRBJ02-03	TCRBV27-01	TCRBJ02-03					False	DRB1*04:05	cii	1.6474279e-09	-8.783193583299862	h-DRB1_04_05-234	1.0	0.0		0.5487354362034669	DRB1	True	right_only	False	2026 only	cii	DRB1*04:05	cii
Dataset1	TTAGGCATCCGCAGTG-9	TRB:CASSSPTGGNEQFF	C04	CD8_TEMRA	supercentenarian	CASSSPTGGNEQFF		16	1366	0.01171303074670571	CASSSPTGGNEQFF+TCRBV07-09+TCRBJ02-01	TCRBV07-09	TCRBJ02-01	B*15:01	ci	feature9526_B_15_01	B	True	B*15:01	ci	4.8668347e-10	-9.312753404135984	h-B_15_01-190	10.0	8.0	0.8875	0.5583972719522592	B	True	both	True	shared	ci	B*15:01	ci
Dataset1	TTCCCAGAGGGCATGT-9	TRB:CASSSPTGGNEQFF;TRA:CAASYFGNEKLTF	C04	CD8_TEMRA	supercentenarian	CASSSPTGGNEQFF	CAASYFGNEKLTF	95	1366	0.06954612005856516	CASSSPTGGNEQFF+TCRBV07-09+TCRBJ02-01	TCRBV07-09	TCRBJ02-01	B*15:01	ci	feature9526_B_15_01	B	True	B*15:01	ci	4.8668347e-10	-9.312753404135984	h-B_15_01-190	10.0	8.0	0.8875	0.5583972719522592	B	True	both	True	shared	ci	B*15:01	ci
Dataset1	TTCTACACATCTACGA-9	TRB:CASSSPTGGNEQFF;TRA:CAASYFGNEKLTF	C04	CD8_TEMRA	supercentenarian	CASSSPTGGNEQFF	CAASYFGNEKLTF	95	1366	0.06954612005856516	CASSSPTGGNEQFF+TCRBV07-09+TCRBJ02-01	TCRBV07-09	TCRBJ02-01	B*15:01	ci	feature9526_B_15_01	B	True	B*15:01	ci	4.8668347e-10	-9.312753404135984	h-B_15_01-190	10.0	8.0	0.8875	0.5583972719522592	B	True	both	True	shared	ci	B*15:01	ci
Dataset1	TTCTCCTGTTACGCGC-9	TRB:CASSFAGGSDTQYF;TRA:CAGGGVNRGSTLGRLYF	C03	CD8_TEMRA	supercentenarian	CASSFAGGSDTQYF	CAGGGVNRGSTLGRLYF	25	1181	0.021168501270110076	CASSFAGGSDTQYF+TCRBV27-01+TCRBJ02-03	TCRBV27-01	TCRBJ02-03					False	DRB1*04:05	cii	1.6474279e-09	-8.783193583299862	h-DRB1_04_05-234	1.0	0.0		0.5487354362034669	DRB1	True	right_only	False	2026 only	cii	DRB1*04:05	cii
Dataset1	TTGAACGGTATATGAG-9	TRB:CASSSPTGGNEQFF;TRA:CAASYFGNEKLTF	C04	CD8_TEMRA	supercentenarian	CASSSPTGGNEQFF	CAASYFGNEKLTF	95	1366	0.06954612005856516	CASSSPTGGNEQFF+TCRBV07-09+TCRBJ02-01	TCRBV07-09	TCRBJ02-01	B*15:01	ci	feature9526_B_15_01	B	True	B*15:01	ci	4.8668347e-10	-9.312753404135984	h-B_15_01-190	10.0	8.0	0.8875	0.5583972719522592	B	True	both	True	shared	ci	B*15:01	ci
Dataset1	TTGACTTCAAGTAGTA-9	TRB:CASSFAGGSDTQYF;TRA:CAGGGVNRGSTLGRLYF	C03	CD8_TEMRA	supercentenarian	CASSFAGGSDTQYF	CAGGGVNRGSTLGRLYF	25	1181	0.021168501270110076	CASSFAGGSDTQYF+TCRBV27-01+TCRBJ02-03	TCRBV27-01	TCRBJ02-03					False	DRB1*04:05	cii	1.6474279e-09	-8.783193583299862	h-DRB1_04_05-234	1.0	0.0		0.5487354362034669	DRB1	True	right_only	False	2026 only	cii	DRB1*04:05	cii
Dataset1	TTGACTTTCATAACCG-9	TRB:CASSSPTGGNEQFF;TRA:CAASYFGNEKLTF	C04	CD8_TEMRA	supercentenarian	CASSSPTGGNEQFF	CAASYFGNEKLTF	95	1366	0.06954612005856516	CASSSPTGGNEQFF+TCRBV07-09+TCRBJ02-01	TCRBV07-09	TCRBJ02-01	B*15:01	ci	feature9526_B_15_01	B	True	B*15:01	ci	4.8668347e-10	-9.312753404135984	h-B_15_01-190	10.0	8.0	0.8875	0.5583972719522592	B	True	both	True	shared	ci	B*15:01	ci
Dataset1	TTGGAACTCAGTCCCT-9	TRB:CASSFAGGSDTQYF;TRA:CAGGGVNRGSTLGRLYF	C03	CD8_TEMRA	supercentenarian	CASSFAGGSDTQYF	CAGGGVNRGSTLGRLYF	25	1181	0.021168501270110076	CASSFAGGSDTQYF+TCRBV27-01+TCRBJ02-03	TCRBV27-01	TCRBJ02-03					False	DRB1*04:05	cii	1.6474279e-09	-8.783193583299862	h-DRB1_04_05-234	1.0	0.0		0.5487354362034669	DRB1	True	right_only	False	2026 only	cii	DRB1*04:05	cii
Dataset1	TTGTAGGGTACCAGTT-9	TRB:CASSSPTGGNEQFF;TRA:CAASYFGNEKLTF	C04	CD8_TEMRA	supercentenarian	CASSSPTGGNEQFF	CAASYFGNEKLTF	95	1366	0.06954612005856516	CASSSPTGGNEQFF+TCRBV07-09+TCRBJ02-01	TCRBV07-09	TCRBJ02-01	B*15:01	ci	feature9526_B_15_01	B	True	B*15:01	ci	4.8668347e-10	-9.312753404135984	h-B_15_01-190	10.0	8.0	0.8875	0.5583972719522592	B	True	both	True	shared	ci	B*15:01	ci
Dataset1	TTTACTGAGCAGCCTC-9	TRB:CASSSPTGGNEQFF;TRA:CAASYFGNEKLTF	C04	CD8_TEMRA	supercentenarian	CASSSPTGGNEQFF	CAASYFGNEKLTF	95	1366	0.06954612005856516	CASSSPTGGNEQFF+TCRBV07-09+TCRBJ02-01	TCRBV07-09	TCRBJ02-01	B*15:01	ci	feature9526_B_15_01	B	True	B*15:01	ci	4.8668347e-10	-9.312753404135984	h-B_15_01-190	10.0	8.0	0.8875	0.5583972719522592	B	True	both	True	shared	ci	B*15:01	ci
Dataset1	TTTACTGTCCCATTTA-9	TRB:CASSFAGGSDTQYF;TRA:CAGGGVNRGSTLGRLYF	C03	CD8_TEMRA	supercentenarian	CASSFAGGSDTQYF	CAGGGVNRGSTLGRLYF	25	1181	0.021168501270110076	CASSFAGGSDTQYF+TCRBV27-01+TCRBJ02-03	TCRBV27-01	TCRBJ02-03					False	DRB1*04:05	cii	1.6474279e-09	-8.783193583299862	h-DRB1_04_05-234	1.0	0.0		0.5487354362034669	DRB1	True	right_only	False	2026 only	cii	DRB1*04:05	cii
Dataset1	TTTGGTTTCTGAAAGA-9	TRB:CASSSPTGGNEQFF;TRA:CAASYFGNEKLTF	C04	CD8_TEMRA	supercentenarian	CASSSPTGGNEQFF	CAASYFGNEKLTF	95	1366	0.06954612005856516	CASSSPTGGNEQFF+TCRBV07-09+TCRBJ02-01	TCRBV07-09	TCRBJ02-01	B*15:01	ci	feature9526_B_15_01	B	True	B*15:01	ci	4.8668347e-10	-9.312753404135984	h-B_15_01-190	10.0	8.0	0.8875	0.5583972719522592	B	True	both	True	shared	ci	B*15:01	ci
Dataset1	AACCGCGTCAGCATGT-10	TRB:CASSLVLAGGPYEQYF;TRA:CAVSEEGGGSQGNLIF	B03	CD8_TEMRA	centenarian	CASSLVLAGGPYEQYF	CAVSEEGGGSQGNLIF	1	1766	0.0005662514156285391	CASSLVLAGGPYEQYF+TCRBV12-X+TCRBJ02-07	TCRBV12-X	TCRBJ02-07	A*01:01	ci	feature342_A_01_01	A	True	A*01:01	ci	7.854477e-10	-9.104882727692873	h-A_01_01-169	5.0	12.0	0.625	0.536231884057971	A	True	both	True	shared	ci	A*01:01	ci
Dataset1	AACTCAGCAAGCCCAC-10	TRB:CASSESGPNQPQHF;TRA:CVVIGWTSGGSYIPTF	B01	CD4_CTL	centenarian	CASSESGPNQPQHF	CVVIGWTSGGSYIPTF	45	1367	0.03291880029261156	CASSESGPNQPQHF+TCRBV10-02+TCRBJ01-05	TCRBV10-02	TCRBJ01-05	DRB5*02:02	cii	feature43549_DRB5_02_02	DRB5	True											False	left_only	False	2024 only	cii	DRB5*02:02	cii
Dataset1	AACTCAGCAGCCAGAA-10	TRB:CASSESGPNQPQHF;TRA:CVVIGWTSGGSYIPTF	B01	CD4_CTL	centenarian	CASSESGPNQPQHF	CVVIGWTSGGSYIPTF	45	1367	0.03291880029261156	CASSESGPNQPQHF+TCRBV10-02+TCRBJ01-05	TCRBV10-02	TCRBJ01-05	DRB5*02:02	cii	feature43549_DRB5_02_02	DRB5	True											False	left_only	False	2024 only	cii	DRB5*02:02	cii
Dataset1	AACTGGTTCACGCGGT-10	TRB:CASSLGQLNSPLHF;TRA:CAVNAPNNARLMF	B07	CD4_CTL	centenarian	CASSLGQLNSPLHF	CAVNAPNNARLMF	18	984	0.018292682926829267	CASSLGQLNSPLHF+TCRBV07-08+TCRBJ01-06	TCRBV07-08	TCRBJ01-06					False	DPA1*01:03+DPB1*04:02	cii	6.3527905e-10	-9.197035466433064	h-DPA1_01_03_DPB1_04_02-78	5.0	14.0	0.9571428571428572	0.6226200625177607	DPA1	True	right_only	False	2026 only	cii	DPA1*01:03+DPB1*04:02	cii
Dataset1	AAGTCTGAGTCCAGGA-10	TRB:CASSESGPNQPQHF	B01	CD4_CTL	centenarian	CASSESGPNQPQHF		8	1367	0.005852231163130944	CASSESGPNQPQHF+TCRBV10-02+TCRBJ01-05	TCRBV10-02	TCRBJ01-05	DRB5*02:02	cii	feature43549_DRB5_02_02	DRB5	True											False	left_only	False	2024 only	cii	DRB5*02:02	cii
Dataset1	ACACCAAAGGTGCTAG-10	TRB:CASSVGRRLAGEGETQYF;TRA:CAVYTGRRALTF	B07	CD4_CTL	centenarian	CASSVGRRLAGEGETQYF	CAVYTGRRALTF	18	984	0.018292682926829267	CASSVGRRLAGEGETQYF+TCRBV09-01+TCRBJ02-05	TCRBV09-01	TCRBJ02-05	DPA1*01:03+DPB1*06:01	cii	feature25057_DPA1_01_03+DPB1_06_01	DPA1	True	DPA1*01:03+DPB1*06:01	cii	8.059795e-12	-11.093676004286847	h-DPA1_01_03_DPB1_06_01-157	0.0	0.0		0.4863597612958226	DPA1	True	both	True	shared	cii	DPA1*01:03+DPB1*06:01	cii
Dataset1	ACACCCTTCGTACCGG-10	TRB:CASSLGQGASYEQYF;TRA:CAVIVTGTASKLTF	B01	CD4_Naive	centenarian	CASSLGQGASYEQYF	CAVIVTGTASKLTF	1	1367	0.000731528895391368	CASSLGQGASYEQYF+TCRBV04-02+TCRBJ02-07	TCRBV04-02	TCRBJ02-07	DRB1*01:01	cii	feature33517_DRB1_01_01	DRB1	True	DRB1*01:01	cii	1.0507835e-09	-8.978486755371323	h-DRB1_01_01-298	6.0	4.0	1.0	0.4997158283603296	DRB1	True	both	True	shared	cii	DRB1*01:01	cii
Dataset1	ACACCGGAGTCACGCC-10	TRB:CASSESGPNQPQHF;TRA:CVVIGWTSGGSYIPTF	B01	CD4_CTL	centenarian	CASSESGPNQPQHF	CVVIGWTSGGSYIPTF	45	1367	0.03291880029261156	CASSESGPNQPQHF+TCRBV10-02+TCRBJ01-05	TCRBV10-02	TCRBJ01-05	DRB5*02:02	cii	feature43549_DRB5_02_02	DRB5	True											False	left_only	False	2024 only	cii	DRB5*02:02	cii
Dataset1	ACAGCTAAGGCTCAGA-10	TRB:CASSESGPNQPQHF;TRA:CVVIGWTSGGSYIPTF	B01	CD4_CTL	centenarian	CASSESGPNQPQHF	CVVIGWTSGGSYIPTF	45	1367	0.03291880029261156	CASSESGPNQPQHF+TCRBV10-02+TCRBJ01-05	TCRBV10-02	TCRBJ01-05	DRB5*02:02	cii	feature43549_DRB5_02_02	DRB5	True											False	left_only	False	2024 only	cii	DRB5*02:02	cii
Dataset1	ACCGTAACAAGCGATG-10	TRB:CASSESGPNQPQHF;TRA:CVVIGWTSGGSYIPTF	B01	CD4_CTL	centenarian	CASSESGPNQPQHF	CVVIGWTSGGSYIPTF	45	1367	0.03291880029261156	CASSESGPNQPQHF+TCRBV10-02+TCRBJ01-05	TCRBV10-02	TCRBJ01-05	DRB5*02:02	cii	feature43549_DRB5_02_02	DRB5	True											False	left_only	False	2024 only	cii	DRB5*02:02	cii
Dataset1	ACGATGTCATACGCCG-10	TRB:CASSLGLAGDTQYF;TRA:CALADYNNNDMRF	B01	CD4_Helper	centenarian	CASSLGLAGDTQYF	CALADYNNNDMRF	1	1367	0.000731528895391368	CASSLGLAGDTQYF+TCRBV07-09+TCRBJ02-03	TCRBV07-09	TCRBJ02-03	DRB3*03:01	cii	feature42832_DRB3_03_01	DRB3	True	DRB3*03:01	cii	8.580524e-09	-8.066486189615201	h-DRB3_03_01-433	1.0	3.0		0.6328502415458936	DRB3	True	both	True	shared	cii	DRB3*03:01	cii
Dataset1	ACGCAGCAGCCGATTT-10	TRB:CASSVGRRLAGEGETQYF;TRA:CAVYTGRRALTF	B07	CD4_CTL	centenarian	CASSVGRRLAGEGETQYF	CAVYTGRRALTF	18	984	0.018292682926829267	CASSVGRRLAGEGETQYF+TCRBV09-01+TCRBJ02-05	TCRBV09-01	TCRBJ02-05	DPA1*01:03+DPB1*06:01	cii	feature25057_DPA1_01_03+DPB1_06_01	DPA1	True	DPA1*01:03+DPB1*06:01	cii	8.059795e-12	-11.093676004286847	h-DPA1_01_03_DPB1_06_01-157	0.0	0.0		0.4863597612958226	DPA1	True	both	True	shared	cii	DPA1*01:03+DPB1*06:01	cii
Dataset1	ACGCCAGTCGAACGGA-10	TRB:CASASGSSYNEQFF;TRA:CALSTDNYGQNFVF	B07	CD8_TEM	centenarian	CASASGSSYNEQFF	CALSTDNYGQNFVF	3	984	0.003048780487804878	CASASGSSYNEQFF+TCRBV04-02+TCRBJ02-01	TCRBV04-02	TCRBJ02-01					False	DQA1*05:01+DQB1*02:01	cii	1.4529655e-10	-9.837744697703016	h-DQA1_05_01_DQB1_02_01-630	12.0	12.0	0.9583333333333331	0.6351236146632567	DQA1	True	right_only	False	2026 only	cii	DQA1*05:01+DQB1*02:01	cii
Dataset1	ACTATCTGTTATGTGC-10	TRB:CASSESGPNQPQHF	B01	CD4_CTL	centenarian	CASSESGPNQPQHF		8	1367	0.005852231163130944	CASSESGPNQPQHF+TCRBV10-02+TCRBJ01-05	TCRBV10-02	TCRBJ01-05	DRB5*02:02	cii	feature43549_DRB5_02_02	DRB5	True											False	left_only	False	2024 only	cii	DRB5*02:02	cii
Dataset1	AGAGCGACAGGCGATA-10	TRB:CASSLGQLNSPLHF;TRA:CAVNAPNNARLMF	B07	CD4_CTL	centenarian	CASSLGQLNSPLHF	CAVNAPNNARLMF	18	984	0.018292682926829267	CASSLGQLNSPLHF+TCRBV07-08+TCRBJ01-06	TCRBV07-08	TCRBJ01-06					False	DPA1*01:03+DPB1*04:02	cii	6.3527905e-10	-9.197035466433064	h-DPA1_01_03_DPB1_04_02-78	5.0	14.0	0.9571428571428572	0.6226200625177607	DPA1	True	right_only	False	2026 only	cii	DPA1*01:03+DPB1*04:02	cii
Dataset1	AGATTGCAGACAAAGG-10	TRB:CASSFGTGSNGYTF;TRA:CLVGDRAGGGADGLTF	B01	CD8_TEMRA	centenarian	CASSFGTGSNGYTF	CLVGDRAGGGADGLTF	12	1367	0.008778346744696415	CASSFGTGSNGYTF+TCRBV05-01+TCRBJ01-02	TCRBV05-01	TCRBJ01-02	B*52:01	ci	feature18241_B_52_01	B	True											False	left_only	False	2024 only	ci	B*52:01	ci
Dataset1	AGATTGCCACTTGGAT-10	TRB:CASSESGPNQPQHF;TRA:CVVIGWTSGGSYIPTF	B01	CD4_CTL	centenarian	CASSESGPNQPQHF	CVVIGWTSGGSYIPTF	45	1367	0.03291880029261156	CASSESGPNQPQHF+TCRBV10-02+TCRBJ01-05	TCRBV10-02	TCRBJ01-05	DRB5*02:02	cii	feature43549_DRB5_02_02	DRB5	True											False	left_only	False	2024 only	cii	DRB5*02:02	cii
Dataset1	AGCGTATTCACGAAGG-10	TRB:CATSREGGETQYF	B07	CD8_TEMRA	centenarian	CATSREGGETQYF		4	984	0.0040650406504065045	CATSREGGETQYF+TCRBV15-01+TCRBJ02-05	TCRBV15-01	TCRBJ02-05					False	C*07:02	ci	2.3451985e-08	-7.629820392263946	h-C_07_02-298	6.0	7.0	0.5238095238095237	0.5475987496447854	C	True	right_only	False	2026 only	ci	C*07:02	ci
Dataset1	AGCTCTCCACCCAGTG-10	TRB:CATSREGGETQYF;TRA:CATEEDFGNEKLTF	B07	CD8_TEMRA	centenarian	CATSREGGETQYF	CATEEDFGNEKLTF	5	984	0.00508130081300813	CATSREGGETQYF+TCRBV15-01+TCRBJ02-05	TCRBV15-01	TCRBJ02-05					False	C*07:02	ci	2.3451985e-08	-7.629820392263946	h-C_07_02-298	6.0	7.0	0.5238095238095237	0.5475987496447854	C	True	right_only	False	2026 only	ci	C*07:02	ci
Dataset1	AGGTCATCACCAACCG-10	TRB:CASSVGRRLAGEGETQYF;TRA:CAVYTGRRALTF	B07	CD4_CTL	centenarian	CASSVGRRLAGEGETQYF	CAVYTGRRALTF	18	984	0.018292682926829267	CASSVGRRLAGEGETQYF+TCRBV09-01+TCRBJ02-05	TCRBV09-01	TCRBJ02-05	DPA1*01:03+DPB1*06:01	cii	feature25057_DPA1_01_03+DPB1_06_01	DPA1	True	DPA1*01:03+DPB1*06:01	cii	8.059795e-12	-11.093676004286847	h-DPA1_01_03_DPB1_06_01-157	0.0	0.0		0.4863597612958226	DPA1	True	both	True	shared	cii	DPA1*01:03+DPB1*06:01	cii
Dataset1	AGTAGTCCACGGTTTA-10	TRB:CASSESGPNQPQHF	B01	CD4_CTL	centenarian	CASSESGPNQPQHF		8	1367	0.005852231163130944	CASSESGPNQPQHF+TCRBV10-02+TCRBJ01-05	TCRBV10-02	TCRBJ01-05	DRB5*02:02	cii	feature43549_DRB5_02_02	DRB5	True											False	left_only	False	2024 only	cii	DRB5*02:02	cii
Dataset1	AGTAGTCGTATCAGTC-10	TRB:CASSFGTGSNGYTF;TRA:CLVGDRAGGGADGLTF	B01	CD8_TEMRA	centenarian	CASSFGTGSNGYTF	CLVGDRAGGGADGLTF	12	1367	0.008778346744696415	CASSFGTGSNGYTF+TCRBV05-01+TCRBJ01-02	TCRBV05-01	TCRBJ01-02	B*52:01	ci	feature18241_B_52_01	B	True											False	left_only	False	2024 only	ci	B*52:01	ci
Dataset1	AGTCTTTGTCTAACGT-10	TRB:CASSVGRRLAGEGETQYF;TRA:CAVYTGRRALTF	B07	CD4_CTL	centenarian	CASSVGRRLAGEGETQYF	CAVYTGRRALTF	18	984	0.018292682926829267	CASSVGRRLAGEGETQYF+TCRBV09-01+TCRBJ02-05	TCRBV09-01	TCRBJ02-05	DPA1*01:03+DPB1*06:01	cii	feature25057_DPA1_01_03+DPB1_06_01	DPA1	True	DPA1*01:03+DPB1*06:01	cii	8.059795e-12	-11.093676004286847	h-DPA1_01_03_DPB1_06_01-157	0.0	0.0		0.4863597612958226	DPA1	True	both	True	shared	cii	DPA1*01:03+DPB1*06:01	cii
Dataset1	AGTGTCACAGCTGTAT-10	TRB:CASSVGRRLAGEGETQYF;TRA:CAVYTGRRALTF	B07	CD4_CTL	centenarian	CASSVGRRLAGEGETQYF	CAVYTGRRALTF	18	984	0.018292682926829267	CASSVGRRLAGEGETQYF+TCRBV09-01+TCRBJ02-05	TCRBV09-01	TCRBJ02-05	DPA1*01:03+DPB1*06:01	cii	feature25057_DPA1_01_03+DPB1_06_01	DPA1	True	DPA1*01:03+DPB1*06:01	cii	8.059795e-12	-11.093676004286847	h-DPA1_01_03_DPB1_06_01-157	0.0	0.0		0.4863597612958226	DPA1	True	both	True	shared	cii	DPA1*01:03+DPB1*06:01	cii
Dataset1	ATAACGCAGTCAAGGC-10	TRB:CASSESGPNQPQHF	B01	CD4_CTL	centenarian	CASSESGPNQPQHF		8	1367	0.005852231163130944	CASSESGPNQPQHF+TCRBV10-02+TCRBJ01-05	TCRBV10-02	TCRBJ01-05	DRB5*02:02	cii	feature43549_DRB5_02_02	DRB5	True											False	left_only	False	2024 only	cii	DRB5*02:02	cii
Dataset1	ATCATCTAGTCGATAA-10	TRB:CASSMGYNEQFF	B03	CD8_TEMRA	centenarian	CASSMGYNEQFF		4	1766	0.0022650056625141564	CASSMGYNEQFF+TCRBV19-01+TCRBJ02-01	TCRBV19-01	TCRBJ02-01					False	B*40:01	ci	2.9985905e-08	-7.52308283925325	h-B_40_01-223	5.0	11.0	1.0	0.6098323387325945	B	True	right_only	False	2026 only	ci	B*40:01	ci
Dataset1	ATGTGTGTCACATGCA-10	TRB:CASSQGQDQETQYF;TRA:CLVGVGYGGATNKLIF	B01	CD8_TEM	centenarian	CASSQGQDQETQYF	CLVGVGYGGATNKLIF	2	1367	0.001463057790782736	CASSQGQDQETQYF+TCRBV18-01+TCRBJ02-05	TCRBV18-01	TCRBJ02-05					False	DRB1*11:01	cii	3.871905e-10	-9.412075306963315	h-DRB1_11_01-476	3.0	3.0	0.888888888888889	0.6450696220517191	DRB1	True	right_only	False	2026 only	cii	DRB1*11:01	cii
Dataset1	ATTCTACTCCAAGTAC-10	TRB:CASSVGRRLAGEGETQYF;TRA:CAVYTGRRALTF	B07	CD4_CTL	centenarian	CASSVGRRLAGEGETQYF	CAVYTGRRALTF	18	984	0.018292682926829267	CASSVGRRLAGEGETQYF+TCRBV09-01+TCRBJ02-05	TCRBV09-01	TCRBJ02-05	DPA1*01:03+DPB1*06:01	cii	feature25057_DPA1_01_03+DPB1_06_01	DPA1	True	DPA1*01:03+DPB1*06:01	cii	8.059795e-12	-11.093676004286847	h-DPA1_01_03_DPB1_06_01-157	0.0	0.0		0.4863597612958226	DPA1	True	both	True	shared	cii	DPA1*01:03+DPB1*06:01	cii
Dataset1	ATTCTACTCCGAACGC-10	TRB:CASSVGRRLAGEGETQYF;TRA:CAVYTGRRALTF	B07	CD4_CTL	centenarian	CASSVGRRLAGEGETQYF	CAVYTGRRALTF	18	984	0.018292682926829267	CASSVGRRLAGEGETQYF+TCRBV09-01+TCRBJ02-05	TCRBV09-01	TCRBJ02-05	DPA1*01:03+DPB1*06:01	cii	feature25057_DPA1_01_03+DPB1_06_01	DPA1	True	DPA1*01:03+DPB1*06:01	cii	8.059795e-12	-11.093676004286847	h-DPA1_01_03_DPB1_06_01-157	0.0	0.0		0.4863597612958226	DPA1	True	both	True	shared	cii	DPA1*01:03+DPB1*06:01	cii
Dataset1	ATTGGACTCCGTACAA-10	TRB:CASSMGYNEQFF	B03	CD8_TEMRA	centenarian	CASSMGYNEQFF		4	1766	0.0022650056625141564	CASSMGYNEQFF+TCRBV19-01+TCRBJ02-01	TCRBV19-01	TCRBJ02-01					False	B*40:01	ci	2.9985905e-08	-7.52308283925325	h-B_40_01-223	5.0	11.0	1.0	0.6098323387325945	B	True	right_only	False	2026 only	ci	B*40:01	ci
Dataset1	ATTTCTGGTTGTGGCC-10	TRB:CASSESGPNQPQHF;TRA:CVVIGWTSGGSYIPTF	B01	CD4_CTL	centenarian	CASSESGPNQPQHF	CVVIGWTSGGSYIPTF	45	1367	0.03291880029261156	CASSESGPNQPQHF+TCRBV10-02+TCRBJ01-05	TCRBV10-02	TCRBJ01-05	DRB5*02:02	cii	feature43549_DRB5_02_02	DRB5	True											False	left_only	False	2024 only	cii	DRB5*02:02	cii
Dataset1	CAACTAGAGACTGTAA-10	TRB:CASSFQETQYF;TRA:CAMKNSSASKIIF;TRA:CAVRVTNAGKSTF	B01	CD4_CTL	centenarian	CASSFQETQYF	CAVRVTNAGKSTF	10	1367	0.0073152889539136795	CASSFQETQYF+TCRBV12-03/12-04+TCRBJ02-05	TCRBV12-03/12-04	TCRBJ02-05	DQA1*01:01+DQB1*05:01	cii	feature29890_DQA1_01_01+DQB1_05_01	DQA1	True											False	left_only	False	2024 only	cii	DQA1*01:01+DQB1*05:01	cii
Dataset1	CAACTAGAGTCTCGGC-10	TRB:CATSREGGETQYF	B07	CD8_TEMRA	centenarian	CATSREGGETQYF		4	984	0.0040650406504065045	CATSREGGETQYF+TCRBV15-01+TCRBJ02-05	TCRBV15-01	TCRBJ02-05					False	C*07:02	ci	2.3451985e-08	-7.629820392263946	h-C_07_02-298	6.0	7.0	0.5238095238095237	0.5475987496447854	C	True	right_only	False	2026 only	ci	C*07:02	ci
Dataset1	CAAGATCCATTCTCAT-10	TRB:CASTFGDTQYF;TRA:CAMKTSYDKVIF	B07	CD8_TEMRA	centenarian	CASTFGDTQYF	CAMKTSYDKVIF	5	984	0.00508130081300813	CASTFGDTQYF+TCRBV25-01+TCRBJ02-03	TCRBV25-01	TCRBJ02-03					False	C*07:02	ci	2.8855435e-10	-9.539772374251674	h-C_07_02-300	6.0	7.0	0.9166666666666669	0.5562659846547314	C	True	right_only	False	2026 only	ci	C*07:02	ci
Dataset1	CAAGTTGAGCTCCTTC-10	TRB:CASSLGSSYEQYF;TRA:CAYLSTASKLTF	B03	CD4_Helper	centenarian	CASSLGSSYEQYF	CAYLSTASKLTF	1	1766	0.0005662514156285391	CASSLGSSYEQYF+TCRBV05-04+TCRBJ02-07	TCRBV05-04	TCRBJ02-07					False	DQA1*01:05+DQB1*05:01	cii	3.0565836e-08	-7.514763721411198	h-DQA1_01_05_DQB1_05_01-588	1.0	0.0		0.5953395851094061	DQA1	True	right_only	False	2026 only	cii	DQA1*01:05+DQB1*05:01	cii
Dataset1	CACACTCAGCTGATAA-10	TRB:CASSLGQLNSPLHF	B07	CD4_CTL	centenarian	CASSLGQLNSPLHF		8	984	0.008130081300813009	CASSLGQLNSPLHF+TCRBV07-08+TCRBJ01-06	TCRBV07-08	TCRBJ01-06					False	DPA1*01:03+DPB1*04:02	cii	6.3527905e-10	-9.197035466433064	h-DPA1_01_03_DPB1_04_02-78	5.0	14.0	0.9571428571428572	0.6226200625177607	DPA1	True	right_only	False	2026 only	cii	DPA1*01:03+DPB1*04:02	cii
Dataset1	CACATTTGTCCAGTAT-10	TRB:CASSESGPNQPQHF;TRA:CVVIGWTSGGSYIPTF	B01	CD4_CTL	centenarian	CASSESGPNQPQHF	CVVIGWTSGGSYIPTF	45	1367	0.03291880029261156	CASSESGPNQPQHF+TCRBV10-02+TCRBJ01-05	TCRBV10-02	TCRBJ01-05	DRB5*02:02	cii	feature43549_DRB5_02_02	DRB5	True											False	left_only	False	2024 only	cii	DRB5*02:02	cii
Dataset1	CAGAATCAGGGAAACA-10	TRB:CASSFQETQYF;TRA:CAMKNSSASKIIF;TRA:CAVRVTNAGKSTF	B01	CD4_CTL	centenarian	CASSFQETQYF	CAVRVTNAGKSTF	10	1367	0.0073152889539136795	CASSFQETQYF+TCRBV12-03/12-04+TCRBJ02-05	TCRBV12-03/12-04	TCRBJ02-05	DQA1*01:01+DQB1*05:01	cii	feature29890_DQA1_01_01+DQB1_05_01	DQA1	True											False	left_only	False	2024 only	cii	DQA1*01:01+DQB1*05:01	cii
Dataset1	CAGCATACACGGCGTT-10	TRB:CASSAGAREKLFF;TRA:CAVMTKGGATNKLIF	B03	CD4_Helper	centenarian	CASSAGAREKLFF	CAVMTKGGATNKLIF	1	1766	0.0005662514156285391	CASSAGAREKLFF+TCRBV10-02+TCRBJ01-04	TCRBV10-02	TCRBJ01-04					False	DRB1*01:01	cii	2.2201782e-10	-9.653612166012996	h-DRB1_01_01-298	6.0	4.0	1.0	0.4997158283603296	DRB1	True	right_only	False	2026 only	cii	DRB1*01:01	cii
Dataset1	CAGCATAGTCGCGGTT-10	TRB:CASSFGTGSNGYTF;TRA:CLVGDRAGGGADGLTF	B01	CD8_TEMRA	centenarian	CASSFGTGSNGYTF	CLVGDRAGGGADGLTF	12	1367	0.008778346744696415	CASSFGTGSNGYTF+TCRBV05-01+TCRBJ01-02	TCRBV05-01	TCRBJ01-02	B*52:01	ci	feature18241_B_52_01	B	True											False	left_only	False	2024 only	ci	B*52:01	ci
Dataset1	CAGCTAACAGCGATCC-10	TRB:CASSESGPNQPQHF	B01	CD4_CTL	centenarian	CASSESGPNQPQHF		8	1367	0.005852231163130944	CASSESGPNQPQHF+TCRBV10-02+TCRBJ01-05	TCRBV10-02	TCRBJ01-05	DRB5*02:02	cii	feature43549_DRB5_02_02	DRB5	True											False	left_only	False	2024 only	cii	DRB5*02:02	cii
Dataset1	CATCGGGCAGACGTAG-10	TRB:CASSLGQLNSPLHF	B07	CD4_CTL	centenarian	CASSLGQLNSPLHF		8	984	0.008130081300813009	CASSLGQLNSPLHF+TCRBV07-08+TCRBJ01-06	TCRBV07-08	TCRBJ01-06					False	DPA1*01:03+DPB1*04:02	cii	6.3527905e-10	-9.197035466433064	h-DPA1_01_03_DPB1_04_02-78	5.0	14.0	0.9571428571428572	0.6226200625177607	DPA1	True	right_only	False	2026 only	cii	DPA1*01:03+DPB1*04:02	cii
Dataset1	CCACGGACAGGAATCG-10	TRB:CASSVGRRLAGEGETQYF;TRA:CAVYTGRRALTF	B07	CD4_CTL	centenarian	CASSVGRRLAGEGETQYF	CAVYTGRRALTF	18	984	0.018292682926829267	CASSVGRRLAGEGETQYF+TCRBV09-01+TCRBJ02-05	TCRBV09-01	TCRBJ02-05	DPA1*01:03+DPB1*06:01	cii	feature25057_DPA1_01_03+DPB1_06_01	DPA1	True	DPA1*01:03+DPB1*06:01	cii	8.059795e-12	-11.093676004286847	h-DPA1_01_03_DPB1_06_01-157	0.0	0.0		0.4863597612958226	DPA1	True	both	True	shared	cii	DPA1*01:03+DPB1*06:01	cii
Dataset1	CCCAGTTGTCCGTCAG-10	TRB:CASSFGTGSNGYTF;TRA:CLVGDRAGGGADGLTF	B01	CD8_TEMRA	centenarian	CASSFGTGSNGYTF	CLVGDRAGGGADGLTF	12	1367	0.008778346744696415	CASSFGTGSNGYTF+TCRBV05-01+TCRBJ01-02	TCRBV05-01	TCRBJ01-02	B*52:01	ci	feature18241_B_52_01	B	True											False	left_only	False	2024 only	ci	B*52:01	ci
Dataset1	CCTAAAGTCCGCATCT-10	TRB:CASSFQETQYF;TRA:CAMKNSSASKIIF;TRA:CAVRVTNAGKSTF	B01	CD4_CTL	centenarian	CASSFQETQYF	CAVRVTNAGKSTF	10	1367	0.0073152889539136795	CASSFQETQYF+TCRBV12-03/12-04+TCRBJ02-05	TCRBV12-03/12-04	TCRBJ02-05	DQA1*01:01+DQB1*05:01	cii	feature29890_DQA1_01_01+DQB1_05_01	DQA1	True											False	left_only	False	2024 only	cii	DQA1*01:01+DQB1*05:01	cii
Dataset1	CCTAGCTAGAACTGTA-10	TRB:CASSLSRGGLNGYTF	B03	CD8_TEMRA	centenarian	CASSLSRGGLNGYTF		1	1766	0.0005662514156285391	CASSLSRGGLNGYTF+TCRBV27-01+TCRBJ01-02	TCRBV27-01	TCRBJ01-02	B*40:01	ci	feature14970_B_40_01	B	True	B*40:01	ci	1.6458064e-10	-9.783621253180085	h-B_40_01-223	5.0	11.0	1.0	0.6098323387325945	B	True	both	True	shared	ci	B*40:01	ci
Dataset1	CCTAGCTCAGTATAAG-10	TRB:CASSESGPNQPQHF;TRA:CVVIGWTSGGSYIPTF	B01	CD4_CTL	centenarian	CASSESGPNQPQHF	CVVIGWTSGGSYIPTF	45	1367	0.03291880029261156	CASSESGPNQPQHF+TCRBV10-02+TCRBJ01-05	TCRBV10-02	TCRBJ01-05	DRB5*02:02	cii	feature43549_DRB5_02_02	DRB5	True											False	left_only	False	2024 only	cii	DRB5*02:02	cii
Dataset1	CCTATTAAGGCTCATT-10	TRB:CASSLGQLNSPLHF	B07	CD4_CTL	centenarian	CASSLGQLNSPLHF		8	984	0.008130081300813009	CASSLGQLNSPLHF+TCRBV07-08+TCRBJ01-06	TCRBV07-08	TCRBJ01-06					False	DPA1*01:03+DPB1*04:02	cii	6.3527905e-10	-9.197035466433064	h-DPA1_01_03_DPB1_04_02-78	5.0	14.0	0.9571428571428572	0.6226200625177607	DPA1	True	right_only	False	2026 only	cii	DPA1*01:03+DPB1*04:02	cii
Dataset1	CCTTACGCAGCCTTTC-10	TRB:CASSLLAGGYNEQFF	B07	CD4_Helper	centenarian	CASSLLAGGYNEQFF		1	984	0.0010162601626016261	CASSLLAGGYNEQFF+TCRBV06-05+TCRBJ02-01	TCRBV06-05	TCRBJ02-01					False	DPA1*02:02+DPB1*05:01	cii	6.1846075e-09	-8.208687857230187	h-DPA1_02_02_DPB1_05_01-191	9.0	5.0	0.8888888888888888	0.5994600738846263	DPA1	True	right_only	False	2026 only	cii	DPA1*02:02+DPB1*05:01	cii
Dataset1	CCTTACGCAGGATCGA-10	TRB:CASSLGGRYEQYF;TRA:CALSAQGGSEKLVF	B01	CD4_Naive	centenarian	CASSLGGRYEQYF	CALSAQGGSEKLVF	1	1367	0.000731528895391368	CASSLGGRYEQYF+TCRBV11-03+TCRBJ02-07	TCRBV11-03	TCRBJ02-07					False	DRB1*04:01	cii	6.233155e-08	-7.205292073363461	h-DRB1_04_01-510	3.0	10.0	1.0	0.5666382495026998	DRB1	True	right_only	False	2026 only	cii	DRB1*04:01	cii
Dataset1	CCTTTCTAGCCTTGAT-10	TRB:CASSLGQLNSPLHF;TRA:CAVNAPNNARLMF	B07	CD4_CTL	centenarian	CASSLGQLNSPLHF	CAVNAPNNARLMF	18	984	0.018292682926829267	CASSLGQLNSPLHF+TCRBV07-08+TCRBJ01-06	TCRBV07-08	TCRBJ01-06					False	DPA1*01:03+DPB1*04:02	cii	6.3527905e-10	-9.197035466433064	h-DPA1_01_03_DPB1_04_02-78	5.0	14.0	0.9571428571428572	0.6226200625177607	DPA1	True	right_only	False	2026 only	cii	DPA1*01:03+DPB1*04:02	cii
Dataset1	CCTTTCTCAGTCGATT-10	TRB:CASSLGQLNSPLHF;TRA:CAVNAPNNARLMF	B07	CD4_CTL	centenarian	CASSLGQLNSPLHF	CAVNAPNNARLMF	18	984	0.018292682926829267	CASSLGQLNSPLHF+TCRBV07-08+TCRBJ01-06	TCRBV07-08	TCRBJ01-06					False	DPA1*01:03+DPB1*04:02	cii	6.3527905e-10	-9.197035466433064	h-DPA1_01_03_DPB1_04_02-78	5.0	14.0	0.9571428571428572	0.6226200625177607	DPA1	True	right_only	False	2026 only	cii	DPA1*01:03+DPB1*04:02	cii
Dataset1	CCTTTCTGTGTGCGTC-10	TRB:CASSFQETQYF;TRA:CAMKNSSASKIIF;TRA:CAVRVTNAGKSTF	B01	BC	centenarian	CASSFQETQYF	CAVRVTNAGKSTF	10	1367	0.0073152889539136795	CASSFQETQYF+TCRBV12-03/12-04+TCRBJ02-05	TCRBV12-03/12-04	TCRBJ02-05	DQA1*01:01+DQB1*05:01	cii	feature29890_DQA1_01_01+DQB1_05_01	DQA1	True											False	left_only	False	2024 only	cii	DQA1*01:01+DQB1*05:01	cii
Dataset1	CGAACATAGTACGCCC-10	TRB:CASSVGRRLAGEGETQYF;TRA:CAVYTGRRALTF	B07	CD4_CTL	centenarian	CASSVGRRLAGEGETQYF	CAVYTGRRALTF	18	984	0.018292682926829267	CASSVGRRLAGEGETQYF+TCRBV09-01+TCRBJ02-05	TCRBV09-01	TCRBJ02-05	DPA1*01:03+DPB1*06:01	cii	feature25057_DPA1_01_03+DPB1_06_01	DPA1	True	DPA1*01:03+DPB1*06:01	cii	8.059795e-12	-11.093676004286847	h-DPA1_01_03_DPB1_06_01-157	0.0	0.0		0.4863597612958226	DPA1	True	both	True	shared	cii	DPA1*01:03+DPB1*06:01	cii
Dataset1	CGAATGTGTATCAGTC-10	TRB:CASSESGPNQPQHF;TRA:CVVIGWTSGGSYIPTF	B01	CD4_CTL	centenarian	CASSESGPNQPQHF	CVVIGWTSGGSYIPTF	45	1367	0.03291880029261156	CASSESGPNQPQHF+TCRBV10-02+TCRBJ01-05	TCRBV10-02	TCRBJ01-05	DRB5*02:02	cii	feature43549_DRB5_02_02	DRB5	True											False	left_only	False	2024 only	cii	DRB5*02:02	cii
Dataset1	CGACCTTCATGAAGTA-10	TRB:CASSPQRAETQYF;TRA:CAVRVPSGNTGKLIF	B03	CD4_Helper	centenarian	CASSPQRAETQYF	CAVRVPSGNTGKLIF	1	1766	0.0005662514156285391	CASSPQRAETQYF+TCRBV05-06+TCRBJ02-05	TCRBV05-06	TCRBJ02-05					False	DRB5*01:01	cii	2.9466182e-10	-9.530676133025253	h-DRB5_01_01-883	0.0	1.0		0.6655299801079853	DRB5	True	right_only	False	2026 only	cii	DRB5*01:01	cii
Dataset1	CGACCTTGTGTTCGAT-10	TRB:CASSESGPNQPQHF;TRA:CVVIGWTSGGSYIPTF	B01	CD4_CTL	centenarian	CASSESGPNQPQHF	CVVIGWTSGGSYIPTF	45	1367	0.03291880029261156	CASSESGPNQPQHF+TCRBV10-02+TCRBJ01-05	TCRBV10-02	TCRBJ01-05	DRB5*02:02	cii	feature43549_DRB5_02_02	DRB5	True											False	left_only	False	2024 only	cii	DRB5*02:02	cii
Dataset1	CGAGCACCACCTGGTG-10	TRB:CASSFQETQYF;TRA:CAMKNSSASKIIF;TRA:CAVRVTNAGKSTF	B01	CD4_CTL	centenarian	CASSFQETQYF	CAVRVTNAGKSTF	10	1367	0.0073152889539136795	CASSFQETQYF+TCRBV12-03/12-04+TCRBJ02-05	TCRBV12-03/12-04	TCRBJ02-05	DQA1*01:01+DQB1*05:01	cii	feature29890_DQA1_01_01+DQB1_05_01	DQA1	True											False	left_only	False	2024 only	cii	DQA1*01:01+DQB1*05:01	cii
Dataset1	CGATCGGTCTGCTTGC-10	TRB:CASSFQETQYF;TRA:CAMKNSSASKIIF;TRA:CAVRVTNAGKSTF	B01	CD4_CTL	centenarian	CASSFQETQYF	CAVRVTNAGKSTF	10	1367	0.0073152889539136795	CASSFQETQYF+TCRBV12-03/12-04+TCRBJ02-05	TCRBV12-03/12-04	TCRBJ02-05	DQA1*01:01+DQB1*05:01	cii	feature29890_DQA1_01_01+DQB1_05_01	DQA1	True											False	left_only	False	2024 only	cii	DQA1*01:01+DQB1*05:01	cii
Dataset1	CGCGGTACACTGTTAG-10	TRB:CASSQRSQETQYF;TRA:CALSEHTGRRALTF	B03	CD4_Helper	centenarian	CASSQRSQETQYF	CALSEHTGRRALTF	1	1766	0.0005662514156285391	CASSQRSQETQYF+TCRBV12-03/12-04+TCRBJ02-05	TCRBV12-03/12-04	TCRBJ02-05					False	DQA1*05:01+DQB1*02:01	cii	8.473345e-10	-9.071945110535646	h-DQA1_05_01_DQB1_02_01-630	12.0	12.0	0.9583333333333331	0.6351236146632567	DQA1	True	right_only	False	2026 only	cii	DQA1*05:01+DQB1*02:01	cii
Dataset1	CGGACACGTTCTCATT-10	TRB:CASSPGDTQYF;TRA:CAERGSTLGRLYF	B03	CD4_Helper	centenarian	CASSPGDTQYF	CAERGSTLGRLYF	1	1766	0.0005662514156285391	CASSPGDTQYF+TCRBV16-01+TCRBJ02-03	TCRBV16-01	TCRBJ02-03	DQA1*01:04+DQB1*05:03	cii	feature31659_DQA1_01_04+DQB1_05_03	DQA1	True											False	left_only	False	2024 only	cii	DQA1*01:04+DQB1*05:03	cii
Dataset1	CGGACACGTTCTCATT-10	TRB:CASSPGDTQYF;TRA:CAERGSTLGRLYF	B03	CD4_Helper	centenarian	CASSPGDTQYF	CAERGSTLGRLYF	1	1766	0.0005662514156285391	CASSPGDTQYF+TCRBV25-01+TCRBJ02-03	TCRBV25-01	TCRBJ02-03	C*07:02	ci	feature20419_C_07_02	C	True	C*07:02	ci	7.584325e-09	-8.120083065084229	h-C_07_02-300	6.0	7.0	0.9166666666666669	0.5562659846547314	C	True	both	True	shared	ci	C*07:02	ci
Dataset1	CGGAGCTAGCCGTCGT-10	TRB:CASSESGPNQPQHF;TRA:CVVIGWTSGGSYIPTF	B01	CD4_CTL	centenarian	CASSESGPNQPQHF	CVVIGWTSGGSYIPTF	45	1367	0.03291880029261156	CASSESGPNQPQHF+TCRBV10-02+TCRBJ01-05	TCRBV10-02	TCRBJ01-05	DRB5*02:02	cii	feature43549_DRB5_02_02	DRB5	True											False	left_only	False	2024 only	cii	DRB5*02:02	cii
Dataset1	CGGAGCTTCTTGCATT-10	TRB:CASSESGPNQPQHF;TRA:CVVIGWTSGGSYIPTF	B01	CD4_CTL	centenarian	CASSESGPNQPQHF	CVVIGWTSGGSYIPTF	45	1367	0.03291880029261156	CASSESGPNQPQHF+TCRBV10-02+TCRBJ01-05	TCRBV10-02	TCRBJ01-05	DRB5*02:02	cii	feature43549_DRB5_02_02	DRB5	True											False	left_only	False	2024 only	cii	DRB5*02:02	cii
Dataset1	CGGGTCATCTCGGACG-10	TRB:CASSVGRRLAGEGETQYF;TRA:CAVYTGRRALTF	B07	CD4_CTL	centenarian	CASSVGRRLAGEGETQYF	CAVYTGRRALTF	18	984	0.018292682926829267	CASSVGRRLAGEGETQYF+TCRBV09-01+TCRBJ02-05	TCRBV09-01	TCRBJ02-05	DPA1*01:03+DPB1*06:01	cii	feature25057_DPA1_01_03+DPB1_06_01	DPA1	True	DPA1*01:03+DPB1*06:01	cii	8.059795e-12	-11.093676004286847	h-DPA1_01_03_DPB1_06_01-157	0.0	0.0		0.4863597612958226	DPA1	True	both	True	shared	cii	DPA1*01:03+DPB1*06:01	cii
Dataset1	CGTGTAACAATGCCAT-10	TRB:CASTFGDTQYF;TRA:CAMKTSYDKVIF	B07	CD8_TEMRA	centenarian	CASTFGDTQYF	CAMKTSYDKVIF	5	984	0.00508130081300813	CASTFGDTQYF+TCRBV25-01+TCRBJ02-03	TCRBV25-01	TCRBJ02-03					False	C*07:02	ci	2.8855435e-10	-9.539772374251674	h-C_07_02-300	6.0	7.0	0.9166666666666669	0.5562659846547314	C	True	right_only	False	2026 only	ci	C*07:02	ci
Dataset1	CGTGTAAGTAAGTGTA-10	TRB:CASSFGTGSNGYTF;TRA:CLVGDRAGGGADGLTF	B01	CD8_TEMRA	centenarian	CASSFGTGSNGYTF	CLVGDRAGGGADGLTF	12	1367	0.008778346744696415	CASSFGTGSNGYTF+TCRBV05-01+TCRBJ01-02	TCRBV05-01	TCRBJ01-02	B*52:01	ci	feature18241_B_52_01	B	True											False	left_only	False	2024 only	ci	B*52:01	ci
Dataset1	CGTGTCTGTCATTAGC-10	TRB:CASSESGPNQPQHF;TRA:CVVIGWTSGGSYIPTF	B01	CD4_CTL	centenarian	CASSESGPNQPQHF	CVVIGWTSGGSYIPTF	45	1367	0.03291880029261156	CASSESGPNQPQHF+TCRBV10-02+TCRBJ01-05	TCRBV10-02	TCRBJ01-05	DRB5*02:02	cii	feature43549_DRB5_02_02	DRB5	True											False	left_only	False	2024 only	cii	DRB5*02:02	cii
Dataset1	CTACACCCATCAGTCA-10	TRB:CASTFGDTQYF;TRA:CAMKTSYDKVIF	B07	CD8_TEMRA	centenarian	CASTFGDTQYF	CAMKTSYDKVIF	5	984	0.00508130081300813	CASTFGDTQYF+TCRBV25-01+TCRBJ02-03	TCRBV25-01	TCRBJ02-03					False	C*07:02	ci	2.8855435e-10	-9.539772374251674	h-C_07_02-300	6.0	7.0	0.9166666666666669	0.5562659846547314	C	True	right_only	False	2026 only	ci	C*07:02	ci
Dataset1	CTACATTAGCGTCTAT-10	TRB:CASSLGQLNSPLHF;TRA:CAVNAPNNARLMF	B07	CD4_CTL	centenarian	CASSLGQLNSPLHF	CAVNAPNNARLMF	18	984	0.018292682926829267	CASSLGQLNSPLHF+TCRBV07-08+TCRBJ01-06	TCRBV07-08	TCRBJ01-06					False	DPA1*01:03+DPB1*04:02	cii	6.3527905e-10	-9.197035466433064	h-DPA1_01_03_DPB1_04_02-78	5.0	14.0	0.9571428571428572	0.6226200625177607	DPA1	True	right_only	False	2026 only	cii	DPA1*01:03+DPB1*04:02	cii
Dataset1	CTACCCACATACTACG-10	TRB:CASTFGDTQYF	B07	CD8_TEMRA	centenarian	CASTFGDTQYF		1	984	0.0010162601626016261	CASTFGDTQYF+TCRBV25-01+TCRBJ02-03	TCRBV25-01	TCRBJ02-03					False	C*07:02	ci	2.8855435e-10	-9.539772374251674	h-C_07_02-300	6.0	7.0	0.9166666666666669	0.5562659846547314	C	True	right_only	False	2026 only	ci	C*07:02	ci
Dataset1	CTACGTCTCTTTACAC-10	TRB:CASSESGPNQPQHF;TRA:CVVIGWTSGGSYIPTF	B01	CD4_CTL	centenarian	CASSESGPNQPQHF	CVVIGWTSGGSYIPTF	45	1367	0.03291880029261156	CASSESGPNQPQHF+TCRBV10-02+TCRBJ01-05	TCRBV10-02	TCRBJ01-05	DRB5*02:02	cii	feature43549_DRB5_02_02	DRB5	True											False	left_only	False	2024 only	cii	DRB5*02:02	cii
Dataset1	CTCACACAGGGAGTAA-10	TRB:CASSVGRRLAGEGETQYF;TRA:CAVYTGRRALTF	B07	CD4_CTL	centenarian	CASSVGRRLAGEGETQYF	CAVYTGRRALTF	18	984	0.018292682926829267	CASSVGRRLAGEGETQYF+TCRBV09-01+TCRBJ02-05	TCRBV09-01	TCRBJ02-05	DPA1*01:03+DPB1*06:01	cii	feature25057_DPA1_01_03+DPB1_06_01	DPA1	True	DPA1*01:03+DPB1*06:01	cii	8.059795e-12	-11.093676004286847	h-DPA1_01_03_DPB1_06_01-157	0.0	0.0		0.4863597612958226	DPA1	True	both	True	shared	cii	DPA1*01:03+DPB1*06:01	cii
Dataset1	CTCATTAAGCGTTGCC-10	TRB:CASSLGQLNSPLHF	B07	CD4_CTL	centenarian	CASSLGQLNSPLHF		8	984	0.008130081300813009	CASSLGQLNSPLHF+TCRBV07-08+TCRBJ01-06	TCRBV07-08	TCRBJ01-06					False	DPA1*01:03+DPB1*04:02	cii	6.3527905e-10	-9.197035466433064	h-DPA1_01_03_DPB1_04_02-78	5.0	14.0	0.9571428571428572	0.6226200625177607	DPA1	True	right_only	False	2026 only	cii	DPA1*01:03+DPB1*04:02	cii
Dataset1	CTCGGAGGTATAAACG-10	TRB:CASSESGPNQPQHF;TRA:CVVIGWTSGGSYIPTF	B01	CD4_CTL	centenarian	CASSESGPNQPQHF	CVVIGWTSGGSYIPTF	45	1367	0.03291880029261156	CASSESGPNQPQHF+TCRBV10-02+TCRBJ01-05	TCRBV10-02	TCRBJ01-05	DRB5*02:02	cii	feature43549_DRB5_02_02	DRB5	True											False	left_only	False	2024 only	cii	DRB5*02:02	cii
Dataset1	CTCTAATAGTTACCCA-10	TRB:CATSRVAGETQYF	B07	CD8_TEMRA	centenarian	CATSRVAGETQYF		1	984	0.0010162601626016261	CATSRVAGETQYF+TCRBV15-01+TCRBJ02-05	TCRBV15-01	TCRBJ02-05					False	C*07:02	ci	9.503298e-09	-8.022125652117346	h-C_07_02-298	6.0	7.0	0.5238095238095237	0.5475987496447854	C	True	right_only	False	2026 only	ci	C*07:02	ci
Dataset1	CTCTACGTCTTGAGGT-10	TRB:CASSFQETQYF;TRA:CAMKNSSASKIIF;TRA:CAVRVTNAGKSTF	B01	CD4_CTL	centenarian	CASSFQETQYF	CAVRVTNAGKSTF	10	1367	0.0073152889539136795	CASSFQETQYF+TCRBV12-03/12-04+TCRBJ02-05	TCRBV12-03/12-04	TCRBJ02-05	DQA1*01:01+DQB1*05:01	cii	feature29890_DQA1_01_01+DQB1_05_01	DQA1	True											False	left_only	False	2024 only	cii	DQA1*01:01+DQB1*05:01	cii
Dataset1	CTGATCCTCTCGAGTA-10	TRB:CASSFGTGSNGYTF;TRA:CLVGDRAGGGADGLTF	B01	CD8_TEMRA	centenarian	CASSFGTGSNGYTF	CLVGDRAGGGADGLTF	12	1367	0.008778346744696415	CASSFGTGSNGYTF+TCRBV05-01+TCRBJ01-02	TCRBV05-01	TCRBJ01-02	B*52:01	ci	feature18241_B_52_01	B	True											False	left_only	False	2024 only	ci	B*52:01	ci
Dataset1	CTGCCTACACCATCCT-10	TRB:CASSVFGGLETQYF;TRA:CIVRVGGSARQLTF	B07	CD4_Helper	centenarian	CASSVFGGLETQYF	CIVRVGGSARQLTF	1	984	0.0010162601626016261	CASSVFGGLETQYF+TCRBV09-01+TCRBJ02-05	TCRBV09-01	TCRBJ02-05					False	DQA1*04:01+DQB1*04:02	cii	7.9523055e-10	-9.09950694420233	h-DQA1_04_01_DQB1_04_02-203	1.0	6.0		0.5083830633702756	DQA1	True	right_only	False	2026 only	cii	DQA1*04:01+DQB1*04:02	cii
Dataset1	CTGCTGTGTCGCGTGT-10	TRB:CASSFQETQYF	B01	CD4_Helper	centenarian	CASSFQETQYF		2	1367	0.001463057790782736	CASSFQETQYF+TCRBV12-03/12-04+TCRBJ02-05	TCRBV12-03/12-04	TCRBJ02-05	DQA1*01:01+DQB1*05:01	cii	feature29890_DQA1_01_01+DQB1_05_01	DQA1	True											False	left_only	False	2024 only	cii	DQA1*01:01+DQB1*05:01	cii
Dataset1	CTGCTGTGTGCTAGCC-10	TRB:CASSESGPNQPQHF;TRA:CVVIGWTSGGSYIPTF	B01	CD4_CTL	centenarian	CASSESGPNQPQHF	CVVIGWTSGGSYIPTF	45	1367	0.03291880029261156	CASSESGPNQPQHF+TCRBV10-02+TCRBJ01-05	TCRBV10-02	TCRBJ01-05	DRB5*02:02	cii	feature43549_DRB5_02_02	DRB5	True											False	left_only	False	2024 only	cii	DRB5*02:02	cii
Dataset1	CTTAACTCACAACGTT-10	TRB:CASSESGPNQPQHF;TRA:CVVIGWTSGGSYIPTF	B01	CD4_CTL	centenarian	CASSESGPNQPQHF	CVVIGWTSGGSYIPTF	45	1367	0.03291880029261156	CASSESGPNQPQHF+TCRBV10-02+TCRBJ01-05	TCRBV10-02	TCRBJ01-05	DRB5*02:02	cii	feature43549_DRB5_02_02	DRB5	True											False	left_only	False	2024 only	cii	DRB5*02:02	cii
Dataset1	CTTGGCTCACAAGACG-10	TRB:CASSESGPNQPQHF;TRA:CVVIGWTSGGSYIPTF	B01	CD4_CTL	centenarian	CASSESGPNQPQHF	CVVIGWTSGGSYIPTF	45	1367	0.03291880029261156	CASSESGPNQPQHF+TCRBV10-02+TCRBJ01-05	TCRBV10-02	TCRBJ01-05	DRB5*02:02	cii	feature43549_DRB5_02_02	DRB5	True											False	left_only	False	2024 only	cii	DRB5*02:02	cii
Dataset1	GAAACTCCAGATCGGA-10	TRB:CASSESGPNQPQHF;TRA:CVVIGWTSGGSYIPTF	B01	CD4_CTL	centenarian	CASSESGPNQPQHF	CVVIGWTSGGSYIPTF	45	1367	0.03291880029261156	CASSESGPNQPQHF+TCRBV10-02+TCRBJ01-05	TCRBV10-02	TCRBJ01-05	DRB5*02:02	cii	feature43549_DRB5_02_02	DRB5	True											False	left_only	False	2024 only	cii	DRB5*02:02	cii
Dataset1	GAACCTACACTAGTAC-10	TRB:CASSPGLAGGPVNEQFF;TRA:CAVETYKYIF	B03	CD4_Helper	centenarian	CASSPGLAGGPVNEQFF	CAVETYKYIF	1	1766	0.0005662514156285391	CASSPGLAGGPVNEQFF+TCRBV07-09+TCRBJ02-01	TCRBV07-09	TCRBJ02-01					False	DPA1*01:03+DPB1*104:01	cii	5.7403894e-11	-10.241058646184747	h-DPA1_01_03_DPB1_104_01-411	6.0	9.0	1.0	0.5248650184711565	DPA1	True	right_only	False	2026 only	cii	DPA1*01:03+DPB1*104:01	cii
Dataset1	GAACCTATCATTGCGA-10	TRB:CASSLEAISYNEQFF;TRA:CALSGDSRPKLVF	B07	CD8_TEM	centenarian	CASSLEAISYNEQFF	CALSGDSRPKLVF	1	984	0.0010162601626016261	CASSLEAISYNEQFF+TCRBV07-06+TCRBJ02-01	TCRBV07-06	TCRBJ02-01	B*40:01	ci	feature14970_B_40_01	B	True											False	left_only	False	2024 only	ci	B*40:01	ci
Dataset1	GAATGAAAGTGGTAGC-10	TRB:CASSLGTGELFF;TRA:CALSVETGANNLFF	B03	CD8_TEM	centenarian	CASSLGTGELFF	CALSVETGANNLFF	1	1766	0.0005662514156285391	CASSLGTGELFF+TCRBV07-03+TCRBJ02-02	TCRBV07-03	TCRBJ02-02					False	B*44:03	ci	7.174079e-08	-7.144233845240877	h-B_44_03-229	1.0	2.0		0.5485933503836318	B	True	right_only	False	2026 only	ci	B*44:03	ci
Dataset1	GAATGAACAAATCCGT-10	TRB:CASSESGPNQPQHF;TRA:CVVIGWTSGGSYIPTF	B01	CD4_CTL	centenarian	CASSESGPNQPQHF	CVVIGWTSGGSYIPTF	45	1367	0.03291880029261156	CASSESGPNQPQHF+TCRBV10-02+TCRBJ01-05	TCRBV10-02	TCRBJ01-05	DRB5*02:02	cii	feature43549_DRB5_02_02	DRB5	True											False	left_only	False	2024 only	cii	DRB5*02:02	cii
Dataset1	GACCAATAGCGTTGCC-10	TRB:CASTGQGADTQYF;TRA:CAVSDHNNFNKFYF	B03	BC	centenarian	CASTGQGADTQYF	CAVSDHNNFNKFYF	1	1766	0.0005662514156285391	CASTGQGADTQYF+TCRBV19-01+TCRBJ02-03	TCRBV19-01	TCRBJ02-03	DRB3*02:02	cii	feature42584_DRB3_02_02	DRB3	True	DRB3*02:02	cii	3.2309053e-09	-8.490675771258175	h-DRB3_02_02-99	20.0	25.0	0.966	0.7067348678601876	DRB3	True	both	True	shared	cii	DRB3*02:02	cii
Dataset1	GACGCGTCATTTGCCC-10	TRB:CASSVGRRLAGEGETQYF;TRA:CAVYTGRRALTF	B07	CD4_CTL	centenarian	CASSVGRRLAGEGETQYF	CAVYTGRRALTF	18	984	0.018292682926829267	CASSVGRRLAGEGETQYF+TCRBV09-01+TCRBJ02-05	TCRBV09-01	TCRBJ02-05	DPA1*01:03+DPB1*06:01	cii	feature25057_DPA1_01_03+DPB1_06_01	DPA1	True	DPA1*01:03+DPB1*06:01	cii	8.059795e-12	-11.093676004286847	h-DPA1_01_03_DPB1_06_01-157	0.0	0.0		0.4863597612958226	DPA1	True	both	True	shared	cii	DPA1*01:03+DPB1*06:01	cii
Dataset1	GACGCGTGTCGCTTTC-10	TRB:CASSLGQLNSPLHF;TRA:CAVNAPNNARLMF	B07	CD4_CTL	centenarian	CASSLGQLNSPLHF	CAVNAPNNARLMF	18	984	0.018292682926829267	CASSLGQLNSPLHF+TCRBV07-08+TCRBJ01-06	TCRBV07-08	TCRBJ01-06					False	DPA1*01:03+DPB1*04:02	cii	6.3527905e-10	-9.197035466433064	h-DPA1_01_03_DPB1_04_02-78	5.0	14.0	0.9571428571428572	0.6226200625177607	DPA1	True	right_only	False	2026 only	cii	DPA1*01:03+DPB1*04:02	cii
Dataset1	GACGCGTGTGTGTGCC-10	TRB:CASSFGTGSNGYTF;TRA:CLVGDRAGGGADGLTF	B01	CD8_TEMRA	centenarian	CASSFGTGSNGYTF	CLVGDRAGGGADGLTF	12	1367	0.008778346744696415	CASSFGTGSNGYTF+TCRBV05-01+TCRBJ01-02	TCRBV05-01	TCRBJ01-02	B*52:01	ci	feature18241_B_52_01	B	True											False	left_only	False	2024 only	ci	B*52:01	ci
Dataset1	GACGTTAGTACGCTGC-10	TRB:CATSREGGETQYF;TRA:CATEEDFGNEKLTF	B07	CD8_TEMRA	centenarian	CATSREGGETQYF	CATEEDFGNEKLTF	5	984	0.00508130081300813	CATSREGGETQYF+TCRBV15-01+TCRBJ02-05	TCRBV15-01	TCRBJ02-05					False	C*07:02	ci	2.3451985e-08	-7.629820392263946	h-C_07_02-298	6.0	7.0	0.5238095238095237	0.5475987496447854	C	True	right_only	False	2026 only	ci	C*07:02	ci
Dataset1	GACTAACAGGTTACCT-10	TRB:CASSLGQLNSPLHF	B07	CD4_CTL	centenarian	CASSLGQLNSPLHF		8	984	0.008130081300813009	CASSLGQLNSPLHF+TCRBV07-08+TCRBJ01-06	TCRBV07-08	TCRBJ01-06					False	DPA1*01:03+DPB1*04:02	cii	6.3527905e-10	-9.197035466433064	h-DPA1_01_03_DPB1_04_02-78	5.0	14.0	0.9571428571428572	0.6226200625177607	DPA1	True	right_only	False	2026 only	cii	DPA1*01:03+DPB1*04:02	cii
Dataset1	GATCGCGTCCAGAAGG-10	TRB:CASSLGQLNSPLHF;TRA:CAVNAPNNARLMF	B07	CD4_Helper	centenarian	CASSLGQLNSPLHF	CAVNAPNNARLMF	18	984	0.018292682926829267	CASSLGQLNSPLHF+TCRBV07-08+TCRBJ01-06	TCRBV07-08	TCRBJ01-06					False	DPA1*01:03+DPB1*04:02	cii	6.3527905e-10	-9.197035466433064	h-DPA1_01_03_DPB1_04_02-78	5.0	14.0	0.9571428571428572	0.6226200625177607	DPA1	True	right_only	False	2026 only	cii	DPA1*01:03+DPB1*04:02	cii
Dataset1	GATCTAGAGAGTAATC-10	TRB:CASSLGQLNSPLHF;TRA:CAVNAPNNARLMF	B07	CD4_CTL	centenarian	CASSLGQLNSPLHF	CAVNAPNNARLMF	18	984	0.018292682926829267	CASSLGQLNSPLHF+TCRBV07-08+TCRBJ01-06	TCRBV07-08	TCRBJ01-06					False	DPA1*01:03+DPB1*04:02	cii	6.3527905e-10	-9.197035466433064	h-DPA1_01_03_DPB1_04_02-78	5.0	14.0	0.9571428571428572	0.6226200625177607	DPA1	True	right_only	False	2026 only	cii	DPA1*01:03+DPB1*04:02	cii
Dataset1	GATGAGGCAAACCCAT-10	TRB:CASSLGQLNSPLHF;TRA:CAVNAPNNARLMF	B07	CD4_CTL	centenarian	CASSLGQLNSPLHF	CAVNAPNNARLMF	18	984	0.018292682926829267	CASSLGQLNSPLHF+TCRBV07-08+TCRBJ01-06	TCRBV07-08	TCRBJ01-06					False	DPA1*01:03+DPB1*04:02	cii	6.3527905e-10	-9.197035466433064	h-DPA1_01_03_DPB1_04_02-78	5.0	14.0	0.9571428571428572	0.6226200625177607	DPA1	True	right_only	False	2026 only	cii	DPA1*01:03+DPB1*04:02	cii
Dataset1	GATGAGGTCGGCGCAT-10	TRB:CASSFQETQYF;TRA:CAMKNSSASKIIF;TRA:CAVRVTNAGKSTF	B01	CD4_CTL	centenarian	CASSFQETQYF	CAVRVTNAGKSTF	10	1367	0.0073152889539136795	CASSFQETQYF+TCRBV12-03/12-04+TCRBJ02-05	TCRBV12-03/12-04	TCRBJ02-05	DQA1*01:01+DQB1*05:01	cii	feature29890_DQA1_01_01+DQB1_05_01	DQA1	True											False	left_only	False	2024 only	cii	DQA1*01:01+DQB1*05:01	cii
Dataset1	GCAAACTCACAGACTT-10	TRB:CATSREGGETQYF;TRA:CATEEDFGNEKLTF	B07	CD8_TEMRA	centenarian	CATSREGGETQYF	CATEEDFGNEKLTF	5	984	0.00508130081300813	CATSREGGETQYF+TCRBV15-01+TCRBJ02-05	TCRBV15-01	TCRBJ02-05					False	C*07:02	ci	2.3451985e-08	-7.629820392263946	h-C_07_02-298	6.0	7.0	0.5238095238095237	0.5475987496447854	C	True	right_only	False	2026 only	ci	C*07:02	ci
Dataset1	GCATGCGAGACACTAA-10	TRB:CATSREGGETQYF	B07	CD8_TEMRA	centenarian	CATSREGGETQYF		4	984	0.0040650406504065045	CATSREGGETQYF+TCRBV15-01+TCRBJ02-05	TCRBV15-01	TCRBJ02-05					False	C*07:02	ci	2.3451985e-08	-7.629820392263946	h-C_07_02-298	6.0	7.0	0.5238095238095237	0.5475987496447854	C	True	right_only	False	2026 only	ci	C*07:02	ci
Dataset1	GCATGCGGTGTGAAAT-10	TRB:CASSRGRGNQPQHF;TRA:CIVRPLSGGGADGLTF	B03	CD4_Helper	centenarian	CASSRGRGNQPQHF	CIVRPLSGGGADGLTF	1	1766	0.0005662514156285391	CASSRGRGNQPQHF+TCRBV05-06+TCRBJ01-05	TCRBV05-06	TCRBJ01-05					False	DQA1*01:01+DQB1*05:01	cii	1.306664e-08	-7.883836074015379	h-DQA1_01_01_DQB1_05_01-323	9.0	8.0	1.0	0.6351236146632566	DQA1	True	right_only	False	2026 only	cii	DQA1*01:01+DQB1*05:01	cii
Dataset1	GCATGTAGTAGTGAAT-10	TRB:CASSFGTGSNGYTF;TRA:CLVGDRAGGGADGLTF	B01	CD8_TEMRA	centenarian	CASSFGTGSNGYTF	CLVGDRAGGGADGLTF	12	1367	0.008778346744696415	CASSFGTGSNGYTF+TCRBV05-01+TCRBJ01-02	TCRBV05-01	TCRBJ01-02	B*52:01	ci	feature18241_B_52_01	B	True											False	left_only	False	2024 only	ci	B*52:01	ci
Dataset1	GCCTCTATCATCGATG-10	TRB:CASSESGPNQPQHF;TRA:CVVIGWTSGGSYIPTF	B01	CD4_CTL	centenarian	CASSESGPNQPQHF	CVVIGWTSGGSYIPTF	45	1367	0.03291880029261156	CASSESGPNQPQHF+TCRBV10-02+TCRBJ01-05	TCRBV10-02	TCRBJ01-05	DRB5*02:02	cii	feature43549_DRB5_02_02	DRB5	True											False	left_only	False	2024 only	cii	DRB5*02:02	cii
Dataset1	GCGCAGTAGGCTAGAC-10	TRB:CASTFGDTQYF;TRA:CAMKTSYDKVIF	B07	CD8_TEMRA	centenarian	CASTFGDTQYF	CAMKTSYDKVIF	5	984	0.00508130081300813	CASTFGDTQYF+TCRBV25-01+TCRBJ02-03	TCRBV25-01	TCRBJ02-03					False	C*07:02	ci	2.8855435e-10	-9.539772374251674	h-C_07_02-300	6.0	7.0	0.9166666666666669	0.5562659846547314	C	True	right_only	False	2026 only	ci	C*07:02	ci
Dataset1	GCGCAGTCATTTGCCC-10	TRB:CASSESGPNQPQHF;TRA:CVVIGWTSGGSYIPTF	B01	CD4_CTL	centenarian	CASSESGPNQPQHF	CVVIGWTSGGSYIPTF	45	1367	0.03291880029261156	CASSESGPNQPQHF+TCRBV10-02+TCRBJ01-05	TCRBV10-02	TCRBJ01-05	DRB5*02:02	cii	feature43549_DRB5_02_02	DRB5	True											False	left_only	False	2024 only	cii	DRB5*02:02	cii
Dataset1	GCGCGATTCGTCCGTT-10	TRB:CASSLGQLNSPLHF;TRA:CAVNAPNNARLMF	B07	CD4_CTL	centenarian	CASSLGQLNSPLHF	CAVNAPNNARLMF	18	984	0.018292682926829267	CASSLGQLNSPLHF+TCRBV07-08+TCRBJ01-06	TCRBV07-08	TCRBJ01-06					False	DPA1*01:03+DPB1*04:02	cii	6.3527905e-10	-9.197035466433064	h-DPA1_01_03_DPB1_04_02-78	5.0	14.0	0.9571428571428572	0.6226200625177607	DPA1	True	right_only	False	2026 only	cii	DPA1*01:03+DPB1*04:02	cii
Dataset1	GCTGCAGAGAGGTTAT-10	TRB:CASSLGQLNSPLHF	B07	CD4_CTL	centenarian	CASSLGQLNSPLHF		8	984	0.008130081300813009	CASSLGQLNSPLHF+TCRBV07-08+TCRBJ01-06	TCRBV07-08	TCRBJ01-06					False	DPA1*01:03+DPB1*04:02	cii	6.3527905e-10	-9.197035466433064	h-DPA1_01_03_DPB1_04_02-78	5.0	14.0	0.9571428571428572	0.6226200625177607	DPA1	True	right_only	False	2026 only	cii	DPA1*01:03+DPB1*04:02	cii
Dataset1	GCTGCAGCATGTCTCC-10	TRB:CASSESGPNQPQHF;TRA:CVVIGWTSGGSYIPTF	B01	CD4_CTL	centenarian	CASSESGPNQPQHF	CVVIGWTSGGSYIPTF	45	1367	0.03291880029261156	CASSESGPNQPQHF+TCRBV10-02+TCRBJ01-05	TCRBV10-02	TCRBJ01-05	DRB5*02:02	cii	feature43549_DRB5_02_02	DRB5	True											False	left_only	False	2024 only	cii	DRB5*02:02	cii
Dataset1	GCTGCTTTCAAACGGG-10	TRB:CASSESGPNQPQHF;TRA:CVVIGWTSGGSYIPTF	B01	CD4_CTL	centenarian	CASSESGPNQPQHF	CVVIGWTSGGSYIPTF	45	1367	0.03291880029261156	CASSESGPNQPQHF+TCRBV10-02+TCRBJ01-05	TCRBV10-02	TCRBJ01-05	DRB5*02:02	cii	feature43549_DRB5_02_02	DRB5	True											False	left_only	False	2024 only	cii	DRB5*02:02	cii
Dataset1	GGAACTTCAGCTGCTG-10	TRB:CASSVGRRLAGEGETQYF;TRA:CAVYTGRRALTF	B07	CD4_CTL	centenarian	CASSVGRRLAGEGETQYF	CAVYTGRRALTF	18	984	0.018292682926829267	CASSVGRRLAGEGETQYF+TCRBV09-01+TCRBJ02-05	TCRBV09-01	TCRBJ02-05	DPA1*01:03+DPB1*06:01	cii	feature25057_DPA1_01_03+DPB1_06_01	DPA1	True	DPA1*01:03+DPB1*06:01	cii	8.059795e-12	-11.093676004286847	h-DPA1_01_03_DPB1_06_01-157	0.0	0.0		0.4863597612958226	DPA1	True	both	True	shared	cii	DPA1*01:03+DPB1*06:01	cii
Dataset1	GGAATAATCATTGCCC-10	TRB:CASSLGQLNSPLHF;TRA:CAVNAPNNARLMF	B07	CD4_CTL	centenarian	CASSLGQLNSPLHF	CAVNAPNNARLMF	18	984	0.018292682926829267	CASSLGQLNSPLHF+TCRBV07-08+TCRBJ01-06	TCRBV07-08	TCRBJ01-06					False	DPA1*01:03+DPB1*04:02	cii	6.3527905e-10	-9.197035466433064	h-DPA1_01_03_DPB1_04_02-78	5.0	14.0	0.9571428571428572	0.6226200625177607	DPA1	True	right_only	False	2026 only	cii	DPA1*01:03+DPB1*04:02	cii
Dataset1	GGACAAGAGACTTGAA-10	TRB:CASGGQGETQYF;TRA:CAVSRPGSARQLTF	B03	CD4_Helper	centenarian	CASGGQGETQYF	CAVSRPGSARQLTF	1	1766	0.0005662514156285391	CASGGQGETQYF+TCRBV09-01+TCRBJ02-05	TCRBV09-01	TCRBJ02-05	DQA1*05:05+DQB1*03:01	cii	feature33167_DQA1_05_05+DQB1_03_01	DQA1	True	DQA1*05:05+DQB1*03:01	cii	3.4216214e-09	-8.465768046515318	h-DQA1_05_05_DQB1_03_01-583	9.0	5.0	0.9111111111111112	0.711849957374254	DQA1	True	both	True	shared	cii	DQA1*05:05+DQB1*03:01	cii
Dataset1	GGACGTCTCTTGTACT-10	TRB:CASSESGPNQPQHF;TRA:CVVIGWTSGGSYIPTF	B01	CD4_CTL	centenarian	CASSESGPNQPQHF	CVVIGWTSGGSYIPTF	45	1367	0.03291880029261156	CASSESGPNQPQHF+TCRBV10-02+TCRBJ01-05	TCRBV10-02	TCRBJ01-05	DRB5*02:02	cii	feature43549_DRB5_02_02	DRB5	True											False	left_only	False	2024 only	cii	DRB5*02:02	cii
Dataset1	GGCAATTGTGAGGGTT-10	TRB:CASSESGPNQPQHF	B01	CD4_CTL	centenarian	CASSESGPNQPQHF		8	1367	0.005852231163130944	CASSESGPNQPQHF+TCRBV10-02+TCRBJ01-05	TCRBV10-02	TCRBJ01-05	DRB5*02:02	cii	feature43549_DRB5_02_02	DRB5	True											False	left_only	False	2024 only	cii	DRB5*02:02	cii
Dataset1	GGCCGATGTGCCTGCA-10	TRB:CASSESGPNQPQHF;TRA:CVVIGWTSGGSYIPTF	B01	CD4_CTL	centenarian	CASSESGPNQPQHF	CVVIGWTSGGSYIPTF	45	1367	0.03291880029261156	CASSESGPNQPQHF+TCRBV10-02+TCRBJ01-05	TCRBV10-02	TCRBJ01-05	DRB5*02:02	cii	feature43549_DRB5_02_02	DRB5	True											False	left_only	False	2024 only	cii	DRB5*02:02	cii
Dataset1	GGCTGGTTCTGCCAGG-10	TRB:CASSESGPNQPQHF	B01	CD4_CTL	centenarian	CASSESGPNQPQHF		8	1367	0.005852231163130944	CASSESGPNQPQHF+TCRBV10-02+TCRBJ01-05	TCRBV10-02	TCRBJ01-05	DRB5*02:02	cii	feature43549_DRB5_02_02	DRB5	True											False	left_only	False	2024 only	cii	DRB5*02:02	cii
Dataset1	GGGAATGGTTACGACT-10	TRB:CASSPAYSNQPQHF;TRA:CATDGGGSQGNLIF	B07	CD8_TEM	centenarian	CASSPAYSNQPQHF	CATDGGGSQGNLIF	1	984	0.0010162601626016261	CASSPAYSNQPQHF+TCRBV09-01+TCRBJ01-05	TCRBV09-01	TCRBJ01-05	DRB1*14:54	cii	feature41470_DRB1_14_54	DRB1	True	DRB1*14:01P	cii	6.4865335e-09	-8.187987334636583	h-DRB1_14_01P-354	1.0	4.0		0.5595339585109407	DRB1	True	both	True	shared	cii	DRB1*14:54	cii
Dataset1	GGGACCTAGGGTGTTG-10	TRB:CASSVGRRLAGEGETQYF;TRA:CAVYTGRRALTF	B07	CD4_CTL	centenarian	CASSVGRRLAGEGETQYF	CAVYTGRRALTF	18	984	0.018292682926829267	CASSVGRRLAGEGETQYF+TCRBV09-01+TCRBJ02-05	TCRBV09-01	TCRBJ02-05	DPA1*01:03+DPB1*06:01	cii	feature25057_DPA1_01_03+DPB1_06_01	DPA1	True	DPA1*01:03+DPB1*06:01	cii	8.059795e-12	-11.093676004286847	h-DPA1_01_03_DPB1_06_01-157	0.0	0.0		0.4863597612958226	DPA1	True	both	True	shared	cii	DPA1*01:03+DPB1*06:01	cii
Dataset1	GGTATTGCAGTATAAG-10	TRB:CASSLGSSSYNEQFF;TRA:CAVAGAQKLVF	B07	CD4_CTL	centenarian	CASSLGSSSYNEQFF	CAVAGAQKLVF	1	984	0.0010162601626016261	CASSLGSSSYNEQFF+TCRBV07-02+TCRBJ02-01	TCRBV07-02	TCRBJ02-01	DRB1*03:01	cii	feature34519_DRB1_03_01	DRB1	True	DRB3*01:01P	cii	3.768048e-09	-8.423883573500616	h-DRB3_01_01P-599	1.0	1.0		0.5562659846547315	DRB3	True	both	True	shared	cii	DRB1*03:01	cii
Dataset1	GGTATTGCAGTATAAG-10	TRB:CASSLGSSSYNEQFF;TRA:CAVAGAQKLVF	B07	CD4_CTL	centenarian	CASSLGSSSYNEQFF	CAVAGAQKLVF	1	984	0.0010162601626016261	CASSLGSSSYNEQFF+TCRBV07-03+TCRBJ02-01	TCRBV07-03	TCRBJ02-01	DRB1*03:01	cii	feature34519_DRB1_03_01	DRB1	True	DRB3*01:01P	cii	6.4722223e-09	-8.188946574522278	h-DRB3_01_01P-599	1.0	1.0		0.5562659846547315	DRB3	True	both	True	shared	cii	DRB1*03:01	cii
Dataset1	GGTATTGCAGTATAAG-10	TRB:CASSLGSSSYNEQFF;TRA:CAVAGAQKLVF	B07	CD4_CTL	centenarian	CASSLGSSSYNEQFF	CAVAGAQKLVF	1	984	0.0010162601626016261	CASSLGSSSYNEQFF+TCRBV07-07+TCRBJ02-01	TCRBV07-07	TCRBJ02-01					False	DRB3*01:01P	cii	1.0094472e-09	-8.995916392270951	h-DRB3_01_01P-599	1.0	1.0		0.5562659846547315	DRB3	True	right_only	False	2026 only	cii	DRB3*01:01P	cii
Dataset1	GGTATTGCAGTATAAG-10	TRB:CASSLGSSSYNEQFF;TRA:CAVAGAQKLVF	B07	CD4_CTL	centenarian	CASSLGSSSYNEQFF	CAVAGAQKLVF	1	984	0.0010162601626016261	CASSLGSSSYNEQFF+TCRBV14-01+TCRBJ02-01	TCRBV14-01	TCRBJ02-01					False	DRB3*01:01P	cii	1.5051015e-09	-8.822434211429918	h-DRB3_01_01P-599	1.0	1.0		0.5562659846547315	DRB3	True	right_only	False	2026 only	cii	DRB3*01:01P	cii
Dataset1	GGTATTGCAGTATAAG-10	TRB:CASSLGSSSYNEQFF;TRA:CAVAGAQKLVF	B07	CD4_CTL	centenarian	CASSLGSSSYNEQFF	CAVAGAQKLVF	1	984	0.0010162601626016261	CASSLGSSSYNEQFF+TCRBV19-01+TCRBJ02-01	TCRBV19-01	TCRBJ02-01					False	DRB3*01:01P	cii	1.5541932e-09	-8.80849499552315	h-DRB3_01_01P-599	1.0	1.0		0.5562659846547315	DRB3	True	right_only	False	2026 only	cii	DRB3*01:01P	cii
Dataset1	GTAACTGAGTGAATTG-10	TRB:CASSESGPNQPQHF;TRA:CVVIGWTSGGSYIPTF	B01	CD4_CTL	centenarian	CASSESGPNQPQHF	CVVIGWTSGGSYIPTF	45	1367	0.03291880029261156	CASSESGPNQPQHF+TCRBV10-02+TCRBJ01-05	TCRBV10-02	TCRBJ01-05	DRB5*02:02	cii	feature43549_DRB5_02_02	DRB5	True											False	left_only	False	2024 only	cii	DRB5*02:02	cii
Dataset1	GTAGGCCGTTGGTAAA-10	TRB:CASSLGQLNSPLHF	B07	CD4_CTL	centenarian	CASSLGQLNSPLHF		8	984	0.008130081300813009	CASSLGQLNSPLHF+TCRBV07-08+TCRBJ01-06	TCRBV07-08	TCRBJ01-06					False	DPA1*01:03+DPB1*04:02	cii	6.3527905e-10	-9.197035466433064	h-DPA1_01_03_DPB1_04_02-78	5.0	14.0	0.9571428571428572	0.6226200625177607	DPA1	True	right_only	False	2026 only	cii	DPA1*01:03+DPB1*04:02	cii
Dataset1	GTAGGCCTCAGGATCT-10	TRB:CASSESGPNQPQHF;TRA:CVVIGWTSGGSYIPTF	B01	CD4_CTL	centenarian	CASSESGPNQPQHF	CVVIGWTSGGSYIPTF	45	1367	0.03291880029261156	CASSESGPNQPQHF+TCRBV10-02+TCRBJ01-05	TCRBV10-02	TCRBJ01-05	DRB5*02:02	cii	feature43549_DRB5_02_02	DRB5	True											False	left_only	False	2024 only	cii	DRB5*02:02	cii
Dataset1	GTAGTCATCTCGATGA-10	TRB:CASSESGPNQPQHF;TRA:CVVIGWTSGGSYIPTF	B01	CD4_CTL	centenarian	CASSESGPNQPQHF	CVVIGWTSGGSYIPTF	45	1367	0.03291880029261156	CASSESGPNQPQHF+TCRBV10-02+TCRBJ01-05	TCRBV10-02	TCRBJ01-05	DRB5*02:02	cii	feature43549_DRB5_02_02	DRB5	True											False	left_only	False	2024 only	cii	DRB5*02:02	cii
Dataset1	GTATTCTTCTGGCGTG-10	TRB:CASSESGPNQPQHF;TRA:CVVIGWTSGGSYIPTF	B01	CD4_CTL	centenarian	CASSESGPNQPQHF	CVVIGWTSGGSYIPTF	45	1367	0.03291880029261156	CASSESGPNQPQHF+TCRBV10-02+TCRBJ01-05	TCRBV10-02	TCRBJ01-05	DRB5*02:02	cii	feature43549_DRB5_02_02	DRB5	True											False	left_only	False	2024 only	cii	DRB5*02:02	cii
Dataset1	GTCACAAAGCTAGTTC-10	TRB:CASSQGQDQETQYF;TRA:CLVGVGYGGATNKLIF	B01	CD8_TEM	centenarian	CASSQGQDQETQYF	CLVGVGYGGATNKLIF	2	1367	0.001463057790782736	CASSQGQDQETQYF+TCRBV18-01+TCRBJ02-05	TCRBV18-01	TCRBJ02-05					False	DRB1*11:01	cii	3.871905e-10	-9.412075306963315	h-DRB1_11_01-476	3.0	3.0	0.888888888888889	0.6450696220517191	DRB1	True	right_only	False	2026 only	cii	DRB1*11:01	cii
Dataset1	GTGAAGGTCTCTTGAT-10	TRB:CASSMGYNEQFF	B03	CD8_TEMRA	centenarian	CASSMGYNEQFF		4	1766	0.0022650056625141564	CASSMGYNEQFF+TCRBV19-01+TCRBJ02-01	TCRBV19-01	TCRBJ02-01					False	B*40:01	ci	2.9985905e-08	-7.52308283925325	h-B_40_01-223	5.0	11.0	1.0	0.6098323387325945	B	True	right_only	False	2026 only	ci	B*40:01	ci
Dataset1	GTGCGGTTCAAAGTAG-10	TRB:CASSESGPNQPQHF;TRA:CVVIGWTSGGSYIPTF	B01	CD4_CTL	centenarian	CASSESGPNQPQHF	CVVIGWTSGGSYIPTF	45	1367	0.03291880029261156	CASSESGPNQPQHF+TCRBV10-02+TCRBJ01-05	TCRBV10-02	TCRBJ01-05	DRB5*02:02	cii	feature43549_DRB5_02_02	DRB5	True											False	left_only	False	2024 only	cii	DRB5*02:02	cii
Dataset1	GTGTGCGAGACCTTTG-10	TRB:CASSESGPNQPQHF	B01	CD4_CTL	centenarian	CASSESGPNQPQHF		8	1367	0.005852231163130944	CASSESGPNQPQHF+TCRBV10-02+TCRBJ01-05	TCRBV10-02	TCRBJ01-05	DRB5*02:02	cii	feature43549_DRB5_02_02	DRB5	True											False	left_only	False	2024 only	cii	DRB5*02:02	cii
Dataset1	GTTACAGTCGTTTAGG-10	TRB:CASSLGQLNSPLHF;TRA:CAVNAPNNARLMF	B07	CD4_CTL	centenarian	CASSLGQLNSPLHF	CAVNAPNNARLMF	18	984	0.018292682926829267	CASSLGQLNSPLHF+TCRBV07-08+TCRBJ01-06	TCRBV07-08	TCRBJ01-06					False	DPA1*01:03+DPB1*04:02	cii	6.3527905e-10	-9.197035466433064	h-DPA1_01_03_DPB1_04_02-78	5.0	14.0	0.9571428571428572	0.6226200625177607	DPA1	True	right_only	False	2026 only	cii	DPA1*01:03+DPB1*04:02	cii
Dataset1	GTTTCTACAGACGCCT-10	TRB:CASSQDRGGPRTDTQYF;TRA:CAASKRVGGGSQGNLIF	B03	CD4_Helper	centenarian	CASSQDRGGPRTDTQYF	CAASKRVGGGSQGNLIF	1	1766	0.0005662514156285391	CASSQDRGGPRTDTQYF+TCRBV04-02+TCRBJ02-03	TCRBV04-02	TCRBJ02-03	DRB1*11:04	cii	feature39764_DRB1_11_04	DRB1	True	DRB1*11:04	cii	4.3875975e-10	-9.357773219644864	h-DRB1_11_04-484	0.0	1.0		0.4452969593634555	DRB1	True	both	True	shared	cii	DRB1*11:04	cii
Dataset1	GTTTCTATCGCCATAA-10	TRB:CASRSLYEQYF	B03	CD4_Helper	centenarian	CASRSLYEQYF		1	1766	0.0005662514156285391	CASRSLYEQYF+TCRBV03-01/03-02+TCRBJ02-07	TCRBV03-01/03-02	TCRBJ02-07					False	DRB1*11:01	cii	1.8610694e-09	-8.730237431557535	h-DRB1_11_01-476	3.0	3.0	0.888888888888889	0.6450696220517191	DRB1	True	right_only	False	2026 only	cii	DRB1*11:01	cii
Dataset1	TAAGAGACATACTCTT-10	TRB:CASSFGTGSNGYTF;TRA:CLVGDRAGGGADGLTF	B01	CD8_TEM	centenarian	CASSFGTGSNGYTF	CLVGDRAGGGADGLTF	12	1367	0.008778346744696415	CASSFGTGSNGYTF+TCRBV05-01+TCRBJ01-02	TCRBV05-01	TCRBJ01-02	B*52:01	ci	feature18241_B_52_01	B	True											False	left_only	False	2024 only	ci	B*52:01	ci
Dataset1	TAAGTGCGTCATCCCT-10	TRB:CASSESGPNQPQHF;TRA:CVVIGWTSGGSYIPTF	B01	CD4_CTL	centenarian	CASSESGPNQPQHF	CVVIGWTSGGSYIPTF	45	1367	0.03291880029261156	CASSESGPNQPQHF+TCRBV10-02+TCRBJ01-05	TCRBV10-02	TCRBJ01-05	DRB5*02:02	cii	feature43549_DRB5_02_02	DRB5	True											False	left_only	False	2024 only	cii	DRB5*02:02	cii
Dataset1	TACACGAAGTCATGCT-10	TRB:CASSVGRRLAGEGETQYF;TRA:CAVYTGRRALTF	B07	CD4_CTL	centenarian	CASSVGRRLAGEGETQYF	CAVYTGRRALTF	18	984	0.018292682926829267	CASSVGRRLAGEGETQYF+TCRBV09-01+TCRBJ02-05	TCRBV09-01	TCRBJ02-05	DPA1*01:03+DPB1*06:01	cii	feature25057_DPA1_01_03+DPB1_06_01	DPA1	True	DPA1*01:03+DPB1*06:01	cii	8.059795e-12	-11.093676004286847	h-DPA1_01_03_DPB1_06_01-157	0.0	0.0		0.4863597612958226	DPA1	True	both	True	shared	cii	DPA1*01:03+DPB1*06:01	cii
Dataset1	TACCTATGTCCGAAGA-10	TRB:CATSREGGETQYF;TRA:CATEEDFGNEKLTF	B07	CD8_TEMRA	centenarian	CATSREGGETQYF	CATEEDFGNEKLTF	5	984	0.00508130081300813	CATSREGGETQYF+TCRBV15-01+TCRBJ02-05	TCRBV15-01	TCRBJ02-05					False	C*07:02	ci	2.3451985e-08	-7.629820392263946	h-C_07_02-298	6.0	7.0	0.5238095238095237	0.5475987496447854	C	True	right_only	False	2026 only	ci	C*07:02	ci
Dataset1	TACGGATCAAGGACTG-10	TRB:CASSVGRRLAGEGETQYF	B07	CD4_CTL	centenarian	CASSVGRRLAGEGETQYF		1	984	0.0010162601626016261	CASSVGRRLAGEGETQYF+TCRBV09-01+TCRBJ02-05	TCRBV09-01	TCRBJ02-05	DPA1*01:03+DPB1*06:01	cii	feature25057_DPA1_01_03+DPB1_06_01	DPA1	True	DPA1*01:03+DPB1*06:01	cii	8.059795e-12	-11.093676004286847	h-DPA1_01_03_DPB1_06_01-157	0.0	0.0		0.4863597612958226	DPA1	True	both	True	shared	cii	DPA1*01:03+DPB1*06:01	cii
Dataset1	TACGGTATCTCTTGAT-10	TRB:CASSFGTGSNGYTF;TRA:CLVGDRAGGGADGLTF	B01	CD8_TEMRA	centenarian	CASSFGTGSNGYTF	CLVGDRAGGGADGLTF	12	1367	0.008778346744696415	CASSFGTGSNGYTF+TCRBV05-01+TCRBJ01-02	TCRBV05-01	TCRBJ01-02	B*52:01	ci	feature18241_B_52_01	B	True											False	left_only	False	2024 only	ci	B*52:01	ci
Dataset1	TACTCGCCAGTAAGCG-10	TRB:CASSLGQLNSPLHF;TRA:CAVNAPNNARLMF	B07	CD4_CTL	centenarian	CASSLGQLNSPLHF	CAVNAPNNARLMF	18	984	0.018292682926829267	CASSLGQLNSPLHF+TCRBV07-08+TCRBJ01-06	TCRBV07-08	TCRBJ01-06					False	DPA1*01:03+DPB1*04:02	cii	6.3527905e-10	-9.197035466433064	h-DPA1_01_03_DPB1_04_02-78	5.0	14.0	0.9571428571428572	0.6226200625177607	DPA1	True	right_only	False	2026 only	cii	DPA1*01:03+DPB1*04:02	cii
Dataset1	TAGAGCTTCACGACTA-10	TRB:CATSREGGETQYF	B07	CD8_TEMRA	centenarian	CATSREGGETQYF		4	984	0.0040650406504065045	CATSREGGETQYF+TCRBV15-01+TCRBJ02-05	TCRBV15-01	TCRBJ02-05					False	C*07:02	ci	2.3451985e-08	-7.629820392263946	h-C_07_02-298	6.0	7.0	0.5238095238095237	0.5475987496447854	C	True	right_only	False	2026 only	ci	C*07:02	ci
Dataset1	TAGCCGGGTCGATTGT-10	TRB:CASSLGQLNSPLHF;TRA:CAVNAPNNARLMF	B07	CD4_CTL	centenarian	CASSLGQLNSPLHF	CAVNAPNNARLMF	18	984	0.018292682926829267	CASSLGQLNSPLHF+TCRBV07-08+TCRBJ01-06	TCRBV07-08	TCRBJ01-06					False	DPA1*01:03+DPB1*04:02	cii	6.3527905e-10	-9.197035466433064	h-DPA1_01_03_DPB1_04_02-78	5.0	14.0	0.9571428571428572	0.6226200625177607	DPA1	True	right_only	False	2026 only	cii	DPA1*01:03+DPB1*04:02	cii
Dataset1	TAGGCATCAATAGCGG-10	TRB:CASSESGPNQPQHF;TRA:CVVIGWTSGGSYIPTF	B01	CD4_CTL	centenarian	CASSESGPNQPQHF	CVVIGWTSGGSYIPTF	45	1367	0.03291880029261156	CASSESGPNQPQHF+TCRBV10-02+TCRBJ01-05	TCRBV10-02	TCRBJ01-05	DRB5*02:02	cii	feature43549_DRB5_02_02	DRB5	True											False	left_only	False	2024 only	cii	DRB5*02:02	cii
Dataset1	TAGGCATTCGTCTGAA-10	TRB:CATSREGGETQYF;TRA:CATEEDFGNEKLTF	B07	CD8_TEMRA	centenarian	CATSREGGETQYF	CATEEDFGNEKLTF	5	984	0.00508130081300813	CATSREGGETQYF+TCRBV15-01+TCRBJ02-05	TCRBV15-01	TCRBJ02-05					False	C*07:02	ci	2.3451985e-08	-7.629820392263946	h-C_07_02-298	6.0	7.0	0.5238095238095237	0.5475987496447854	C	True	right_only	False	2026 only	ci	C*07:02	ci
Dataset1	TATCTCACATTGTGCA-10	TRB:CASSLGQLNSPLHF;TRA:CAVNAPNNARLMF	B07	CD4_CTL	centenarian	CASSLGQLNSPLHF	CAVNAPNNARLMF	18	984	0.018292682926829267	CASSLGQLNSPLHF+TCRBV07-08+TCRBJ01-06	TCRBV07-08	TCRBJ01-06					False	DPA1*01:03+DPB1*04:02	cii	6.3527905e-10	-9.197035466433064	h-DPA1_01_03_DPB1_04_02-78	5.0	14.0	0.9571428571428572	0.6226200625177607	DPA1	True	right_only	False	2026 only	cii	DPA1*01:03+DPB1*04:02	cii
Dataset1	TATCTCATCAAACGGG-10	TRB:CASSESGPNQPQHF;TRA:CVVIGWTSGGSYIPTF	B01	CD4_CTL	centenarian	CASSESGPNQPQHF	CVVIGWTSGGSYIPTF	45	1367	0.03291880029261156	CASSESGPNQPQHF+TCRBV10-02+TCRBJ01-05	TCRBV10-02	TCRBJ01-05	DRB5*02:02	cii	feature43549_DRB5_02_02	DRB5	True											False	left_only	False	2024 only	cii	DRB5*02:02	cii
Dataset1	TATGCCCGTGTGCGTC-10	TRB:CASSESGPNQPQHF;TRA:CVVIGWTSGGSYIPTF	B01	CD4_CTL	centenarian	CASSESGPNQPQHF	CVVIGWTSGGSYIPTF	45	1367	0.03291880029261156	CASSESGPNQPQHF+TCRBV10-02+TCRBJ01-05	TCRBV10-02	TCRBJ01-05	DRB5*02:02	cii	feature43549_DRB5_02_02	DRB5	True											False	left_only	False	2024 only	cii	DRB5*02:02	cii
Dataset1	TCACGAATCGGATGGA-10	TRB:CASSFGTGSNGYTF;TRA:CLVGDRAGGGADGLTF	B01	CD8_TEMRA	centenarian	CASSFGTGSNGYTF	CLVGDRAGGGADGLTF	12	1367	0.008778346744696415	CASSFGTGSNGYTF+TCRBV05-01+TCRBJ01-02	TCRBV05-01	TCRBJ01-02	B*52:01	ci	feature18241_B_52_01	B	True											False	left_only	False	2024 only	ci	B*52:01	ci
Dataset1	TCAGCTCAGTACTTGC-10	TRB:CASSESGPNQPQHF;TRA:CVVIGWTSGGSYIPTF	B01	CD4_CTL	centenarian	CASSESGPNQPQHF	CVVIGWTSGGSYIPTF	45	1367	0.03291880029261156	CASSESGPNQPQHF+TCRBV10-02+TCRBJ01-05	TCRBV10-02	TCRBJ01-05	DRB5*02:02	cii	feature43549_DRB5_02_02	DRB5	True											False	left_only	False	2024 only	cii	DRB5*02:02	cii
Dataset1	TCATTACGTACCAGTT-10	TRB:CASSESGPNQPQHF;TRA:CVVIGWTSGGSYIPTF	B01	CD4_CTL	centenarian	CASSESGPNQPQHF	CVVIGWTSGGSYIPTF	45	1367	0.03291880029261156	CASSESGPNQPQHF+TCRBV10-02+TCRBJ01-05	TCRBV10-02	TCRBJ01-05	DRB5*02:02	cii	feature43549_DRB5_02_02	DRB5	True											False	left_only	False	2024 only	cii	DRB5*02:02	cii
Dataset1	TCGCGTTCACATGGGA-10	TRB:CASSVGRRLAGEGETQYF;TRA:CAVYTGRRALTF	B07	CD4_CTL	centenarian	CASSVGRRLAGEGETQYF	CAVYTGRRALTF	18	984	0.018292682926829267	CASSVGRRLAGEGETQYF+TCRBV09-01+TCRBJ02-05	TCRBV09-01	TCRBJ02-05	DPA1*01:03+DPB1*06:01	cii	feature25057_DPA1_01_03+DPB1_06_01	DPA1	True	DPA1*01:03+DPB1*06:01	cii	8.059795e-12	-11.093676004286847	h-DPA1_01_03_DPB1_06_01-157	0.0	0.0		0.4863597612958226	DPA1	True	both	True	shared	cii	DPA1*01:03+DPB1*06:01	cii
Dataset1	TCGCGTTCAGGGTATG-10	TRB:CASSESGPNQPQHF;TRA:CVVIGWTSGGSYIPTF	B01	CD4_CTL	centenarian	CASSESGPNQPQHF	CVVIGWTSGGSYIPTF	45	1367	0.03291880029261156	CASSESGPNQPQHF+TCRBV10-02+TCRBJ01-05	TCRBV10-02	TCRBJ01-05	DRB5*02:02	cii	feature43549_DRB5_02_02	DRB5	True											False	left_only	False	2024 only	cii	DRB5*02:02	cii
Dataset1	TCGCGTTTCGCCATAA-10	TRB:CASSFQETQYF	B01	CD4_Helper	centenarian	CASSFQETQYF		2	1367	0.001463057790782736	CASSFQETQYF+TCRBV12-03/12-04+TCRBJ02-05	TCRBV12-03/12-04	TCRBJ02-05	DQA1*01:01+DQB1*05:01	cii	feature29890_DQA1_01_01+DQB1_05_01	DQA1	True											False	left_only	False	2024 only	cii	DQA1*01:01+DQB1*05:01	cii
Dataset1	TCGTACCCAATAGAGT-10	TRB:CASSLVLAGGPYEQYF	B03	CD8_TEMRA	centenarian	CASSLVLAGGPYEQYF		1	1766	0.0005662514156285391	CASSLVLAGGPYEQYF+TCRBV12-X+TCRBJ02-07	TCRBV12-X	TCRBJ02-07	A*01:01	ci	feature342_A_01_01	A	True	A*01:01	ci	7.854477e-10	-9.104882727692873	h-A_01_01-169	5.0	12.0	0.625	0.536231884057971	A	True	both	True	shared	ci	A*01:01	ci
Dataset1	TCTATTGTCGTGGACC-10	TRB:CASSESGPNQPQHF;TRA:CVVIGWTSGGSYIPTF	B01	CD4_CTL	centenarian	CASSESGPNQPQHF	CVVIGWTSGGSYIPTF	45	1367	0.03291880029261156	CASSESGPNQPQHF+TCRBV10-02+TCRBJ01-05	TCRBV10-02	TCRBJ01-05	DRB5*02:02	cii	feature43549_DRB5_02_02	DRB5	True											False	left_only	False	2024 only	cii	DRB5*02:02	cii
Dataset1	TCTTCGGTCAAAGTAG-10	TRB:CASSFQETQYF;TRA:CAMKNSSASKIIF;TRA:CAVRVTNAGKSTF	B01	CD4_CTL	centenarian	CASSFQETQYF	CAVRVTNAGKSTF	10	1367	0.0073152889539136795	CASSFQETQYF+TCRBV12-03/12-04+TCRBJ02-05	TCRBV12-03/12-04	TCRBJ02-05	DQA1*01:01+DQB1*05:01	cii	feature29890_DQA1_01_01+DQB1_05_01	DQA1	True											False	left_only	False	2024 only	cii	DQA1*01:01+DQB1*05:01	cii
Dataset1	TGAGCATGTGCAGACA-10	TRB:CASSFGTGSNGYTF;TRA:CLVGDRAGGGADGLTF	B01	CD8_TEMRA	centenarian	CASSFGTGSNGYTF	CLVGDRAGGGADGLTF	12	1367	0.008778346744696415	CASSFGTGSNGYTF+TCRBV05-01+TCRBJ01-02	TCRBV05-01	TCRBJ01-02	B*52:01	ci	feature18241_B_52_01	B	True											False	left_only	False	2024 only	ci	B*52:01	ci
Dataset1	TGATTTCCATCCAACA-10	TRB:CASSLGQLNSPLHF	B07	CD4_CTL	centenarian	CASSLGQLNSPLHF		8	984	0.008130081300813009	CASSLGQLNSPLHF+TCRBV07-08+TCRBJ01-06	TCRBV07-08	TCRBJ01-06					False	DPA1*01:03+DPB1*04:02	cii	6.3527905e-10	-9.197035466433064	h-DPA1_01_03_DPB1_04_02-78	5.0	14.0	0.9571428571428572	0.6226200625177607	DPA1	True	right_only	False	2026 only	cii	DPA1*01:03+DPB1*04:02	cii
Dataset1	TGCGCAGGTTGAACTC-10	TRB:CASASGSSYNEQFF	B07	CD8_TEM	centenarian	CASASGSSYNEQFF		1	984	0.0010162601626016261	CASASGSSYNEQFF+TCRBV04-02+TCRBJ02-01	TCRBV04-02	TCRBJ02-01					False	DQA1*05:01+DQB1*02:01	cii	1.4529655e-10	-9.837744697703016	h-DQA1_05_01_DQB1_02_01-630	12.0	12.0	0.9583333333333331	0.6351236146632567	DQA1	True	right_only	False	2026 only	cii	DQA1*05:01+DQB1*02:01	cii
Dataset1	TGCGGGTGTACAGACG-10	TRB:CASSLTGTGNQPQHF;TRA:CAVRLGQKLLF	B03	CD4_Treg	centenarian	CASSLTGTGNQPQHF	CAVRLGQKLLF	1	1766	0.0005662514156285391	CASSLTGTGNQPQHF+TCRBV19-01+TCRBJ01-05	TCRBV19-01	TCRBJ01-05	DQA1*01:04+DQB1*05:03	cii	feature31659_DQA1_01_04+DQB1_05_03	DQA1	True	DQA1*01:04+DQB1*05:03	cii	1.4900632e-09	-8.82679531089701	h-DQA1_01_04_DQB1_05_03-543	1.0	0.0		0.5376527422563229	DQA1	True	both	True	shared	cii	DQA1*01:04+DQB1*05:03	cii
Dataset1	TGCTACCTCTTGCAAG-10	TRB:CASSHGTGGSYEQYF;TRA:CALSRLHRGNEKLTF	B03	CD4_Helper	centenarian	CASSHGTGGSYEQYF	CALSRLHRGNEKLTF	1	1766	0.0005662514156285391	CASSHGTGGSYEQYF+TCRBV04-03+TCRBJ02-07	TCRBV04-03	TCRBJ02-07	DPA1*01:03+DPB1*03:01	cii	feature23572_DPA1_01_03+DPB1_03_01	DPA1	True	DPA1*01:03+DPB1*03:01	cii	2.0649717e-09	-8.68508589588073	h-DPA1_01_03_DPB1_03_01-38	6.0	13.0	0.8653846153846154	0.5004262574595055	DPA1	True	both	True	shared	cii	DPA1*01:03+DPB1*03:01	cii
Dataset1	TGTATTCTCTGCGGCA-10	TRB:CASSLSRGLLNGYTF	B07	CD8_TEM	centenarian	CASSLSRGLLNGYTF		1	984	0.0010162601626016261	CASSLSRGLLNGYTF+TCRBV27-01+TCRBJ01-02	TCRBV27-01	TCRBJ01-02	B*40:01	ci	feature14970_B_40_01	B	True	B*40:01	ci	5.997121e-11	-10.222057188597242	h-B_40_01-223	5.0	11.0	1.0	0.6098323387325945	B	True	both	True	shared	ci	B*40:01	ci
Dataset1	TGTGTTTAGGCAATTA-10	TRB:CASSESGPNQPQHF;TRA:CVVIGWTSGGSYIPTF	B01	CD4_CTL	centenarian	CASSESGPNQPQHF	CVVIGWTSGGSYIPTF	45	1367	0.03291880029261156	CASSESGPNQPQHF+TCRBV10-02+TCRBJ01-05	TCRBV10-02	TCRBJ01-05	DRB5*02:02	cii	feature43549_DRB5_02_02	DRB5	True											False	left_only	False	2024 only	cii	DRB5*02:02	cii
Dataset1	TGTGTTTGTGCTGTAT-10	TRB:CASSLGQLNSPLHF;TRA:CAVNAPNNARLMF	B07	CD4_CTL	centenarian	CASSLGQLNSPLHF	CAVNAPNNARLMF	18	984	0.018292682926829267	CASSLGQLNSPLHF+TCRBV07-08+TCRBJ01-06	TCRBV07-08	TCRBJ01-06					False	DPA1*01:03+DPB1*04:02	cii	6.3527905e-10	-9.197035466433064	h-DPA1_01_03_DPB1_04_02-78	5.0	14.0	0.9571428571428572	0.6226200625177607	DPA1	True	right_only	False	2026 only	cii	DPA1*01:03+DPB1*04:02	cii
Dataset1	TGTTCCGAGGTAGCTG-10	TRB:CASSMGYNEQFF	B03	CD8_TEMRA	centenarian	CASSMGYNEQFF		4	1766	0.0022650056625141564	CASSMGYNEQFF+TCRBV19-01+TCRBJ02-01	TCRBV19-01	TCRBJ02-01					False	B*40:01	ci	2.9985905e-08	-7.52308283925325	h-B_40_01-223	5.0	11.0	1.0	0.6098323387325945	B	True	right_only	False	2026 only	ci	B*40:01	ci
Dataset1	TTAACTCAGGATATAC-10	TRB:CASSESGPNQPQHF;TRA:CVVIGWTSGGSYIPTF	B01	CD4_CTL	centenarian	CASSESGPNQPQHF	CVVIGWTSGGSYIPTF	45	1367	0.03291880029261156	CASSESGPNQPQHF+TCRBV10-02+TCRBJ01-05	TCRBV10-02	TCRBJ01-05	DRB5*02:02	cii	feature43549_DRB5_02_02	DRB5	True											False	left_only	False	2024 only	cii	DRB5*02:02	cii
Dataset1	TTAGTTCAGATGCCTT-10	TRB:CASSESGPNQPQHF;TRA:CVVIGWTSGGSYIPTF	B01	CD4_CTL	centenarian	CASSESGPNQPQHF	CVVIGWTSGGSYIPTF	45	1367	0.03291880029261156	CASSESGPNQPQHF+TCRBV10-02+TCRBJ01-05	TCRBV10-02	TCRBJ01-05	DRB5*02:02	cii	feature43549_DRB5_02_02	DRB5	True											False	left_only	False	2024 only	cii	DRB5*02:02	cii
Dataset1	TTCTACAAGCCACTAT-10	TRB:CASSVGRRLAGEGETQYF;TRA:CAVYTGRRALTF	B07	CD4_CTL	centenarian	CASSVGRRLAGEGETQYF	CAVYTGRRALTF	18	984	0.018292682926829267	CASSVGRRLAGEGETQYF+TCRBV09-01+TCRBJ02-05	TCRBV09-01	TCRBJ02-05	DPA1*01:03+DPB1*06:01	cii	feature25057_DPA1_01_03+DPB1_06_01	DPA1	True	DPA1*01:03+DPB1*06:01	cii	8.059795e-12	-11.093676004286847	h-DPA1_01_03_DPB1_06_01-157	0.0	0.0		0.4863597612958226	DPA1	True	both	True	shared	cii	DPA1*01:03+DPB1*06:01	cii
Dataset1	TTGAACGCAAGAGGCT-10	TRB:CASASGSSYNEQFF;TRA:CALSTDNYGQNFVF	B07	CD8_TEM	centenarian	CASASGSSYNEQFF	CALSTDNYGQNFVF	3	984	0.003048780487804878	CASASGSSYNEQFF+TCRBV04-02+TCRBJ02-01	TCRBV04-02	TCRBJ02-01					False	DQA1*05:01+DQB1*02:01	cii	1.4529655e-10	-9.837744697703016	h-DQA1_05_01_DQB1_02_01-630	12.0	12.0	0.9583333333333331	0.6351236146632567	DQA1	True	right_only	False	2026 only	cii	DQA1*05:01+DQB1*02:01	cii
Dataset1	TTGCCGTAGAGGACGG-10	TRB:CASSVGRRLAGEGETQYF;TRA:CAVYTGRRALTF	B07	CD4_CTL	centenarian	CASSVGRRLAGEGETQYF	CAVYTGRRALTF	18	984	0.018292682926829267	CASSVGRRLAGEGETQYF+TCRBV09-01+TCRBJ02-05	TCRBV09-01	TCRBJ02-05	DPA1*01:03+DPB1*06:01	cii	feature25057_DPA1_01_03+DPB1_06_01	DPA1	True	DPA1*01:03+DPB1*06:01	cii	8.059795e-12	-11.093676004286847	h-DPA1_01_03_DPB1_06_01-157	0.0	0.0		0.4863597612958226	DPA1	True	both	True	shared	cii	DPA1*01:03+DPB1*06:01	cii
Dataset1	TTGCGTCCATGCTAGT-10	TRB:CASSLGQLNSPLHF;TRA:CAVNAPNNARLMF	B07	CD4_CTL	centenarian	CASSLGQLNSPLHF	CAVNAPNNARLMF	18	984	0.018292682926829267	CASSLGQLNSPLHF+TCRBV07-08+TCRBJ01-06	TCRBV07-08	TCRBJ01-06					False	DPA1*01:03+DPB1*04:02	cii	6.3527905e-10	-9.197035466433064	h-DPA1_01_03_DPB1_04_02-78	5.0	14.0	0.9571428571428572	0.6226200625177607	DPA1	True	right_only	False	2026 only	cii	DPA1*01:03+DPB1*04:02	cii
Dataset1	TTGTAGGAGTCAATAG-10	TRB:CASSESGPNQPQHF;TRA:CVVIGWTSGGSYIPTF	B01	CD4_CTL	centenarian	CASSESGPNQPQHF	CVVIGWTSGGSYIPTF	45	1367	0.03291880029261156	CASSESGPNQPQHF+TCRBV10-02+TCRBJ01-05	TCRBV10-02	TCRBJ01-05	DRB5*02:02	cii	feature43549_DRB5_02_02	DRB5	True											False	left_only	False	2024 only	cii	DRB5*02:02	cii
Dataset1	TTTACTGAGATCCCGC-10	TRB:CASTFGDTQYF;TRA:CAMKTSYDKVIF	B07	CD8_TEMRA	centenarian	CASTFGDTQYF	CAMKTSYDKVIF	5	984	0.00508130081300813	CASTFGDTQYF+TCRBV25-01+TCRBJ02-03	TCRBV25-01	TCRBJ02-03					False	C*07:02	ci	2.8855435e-10	-9.539772374251674	h-C_07_02-300	6.0	7.0	0.9166666666666669	0.5562659846547314	C	True	right_only	False	2026 only	ci	C*07:02	ci
Dataset1	TTTATGCCACGTAAGG-10	TRB:CASSFQETQYF;TRA:CAMKNSSASKIIF;TRA:CAVRVTNAGKSTF	B01	CD4_CTL	centenarian	CASSFQETQYF	CAVRVTNAGKSTF	10	1367	0.0073152889539136795	CASSFQETQYF+TCRBV12-03/12-04+TCRBJ02-05	TCRBV12-03/12-04	TCRBJ02-05	DQA1*01:01+DQB1*05:01	cii	feature29890_DQA1_01_01+DQB1_05_01	DQA1	True											False	left_only	False	2024 only	cii	DQA1*01:01+DQB1*05:01	cii
Dataset1	TTTCCTCAGCCACTAT-10	TRB:CASASGSSYNEQFF;TRA:CALSTDNYGQNFVF	B07	CD8_TEM	centenarian	CASASGSSYNEQFF	CALSTDNYGQNFVF	3	984	0.003048780487804878	CASASGSSYNEQFF+TCRBV04-02+TCRBJ02-01	TCRBV04-02	TCRBJ02-01					False	DQA1*05:01+DQB1*02:01	cii	1.4529655e-10	-9.837744697703016	h-DQA1_05_01_DQB1_02_01-630	12.0	12.0	0.9583333333333331	0.6351236146632567	DQA1	True	right_only	False	2026 only	cii	DQA1*05:01+DQB1*02:01	cii
Dataset1	TTTGCGCCATCCCACT-10	TRB:CASSESGPNQPQHF;TRA:CVVIGWTSGGSYIPTF	B01	CD4_CTL	centenarian	CASSESGPNQPQHF	CVVIGWTSGGSYIPTF	45	1367	0.03291880029261156	CASSESGPNQPQHF+TCRBV10-02+TCRBJ01-05	TCRBV10-02	TCRBJ01-05	DRB5*02:02	cii	feature43549_DRB5_02_02	DRB5	True											False	left_only	False	2024 only	cii	DRB5*02:02	cii
Dataset1	TTTGGTTAGGCCCTTG-10	TRB:CASSLGQLNSPLHF;TRA:CAVNAPNNARLMF	B07	CD4_CTL	centenarian	CASSLGQLNSPLHF	CAVNAPNNARLMF	18	984	0.018292682926829267	CASSLGQLNSPLHF+TCRBV07-08+TCRBJ01-06	TCRBV07-08	TCRBJ01-06					False	DPA1*01:03+DPB1*04:02	cii	6.3527905e-10	-9.197035466433064	h-DPA1_01_03_DPB1_04_02-78	5.0	14.0	0.9571428571428572	0.6226200625177607	DPA1	True	right_only	False	2026 only	cii	DPA1*01:03+DPB1*04:02	cii
Dataset1	AACCGCGCATTCGACA-11	TRB:CASSPRGSYEQYF	B08	CD4_Naive	centenarian	CASSPRGSYEQYF		1	992	0.0010080645161290322	CASSPRGSYEQYF+TCRBV07-08+TCRBJ02-07	TCRBV07-08	TCRBJ02-07					False	DRB1*11:01	cii	2.0586524e-08	-7.686416977085673	h-DRB1_11_01-476	3.0	3.0	0.888888888888889	0.6450696220517191	DRB1	True	right_only	False	2026 only	cii	DRB1*11:01	cii
Dataset1	AACCGCGCATTCGACA-11	TRB:CASSPRGSYEQYF	B08	CD4_Naive	centenarian	CASSPRGSYEQYF		1	992	0.0010080645161290322	CASSPRGSYEQYF+TCRBV11-02+TCRBJ02-07	TCRBV11-02	TCRBJ02-07					False	DRB1*11:01	cii	2.2685379e-08	-7.644253960668025	h-DRB1_11_01-476	3.0	3.0	0.888888888888889	0.6450696220517191	DRB1	True	right_only	False	2026 only	cii	DRB1*11:01	cii
Dataset1	AACTCCCTCGACGGAA-11	TRB:CASSLAARYEQYF;TRA:CAVNKGNTDKLIF	B08	CD4_Naive	centenarian	CASSLAARYEQYF	CAVNKGNTDKLIF	1	992	0.0010080645161290322	CASSLAARYEQYF+TCRBV14-01+TCRBJ02-07	TCRBV14-01	TCRBJ02-07					False	DRB1*07:01	cii	1.0290947e-09	-8.987544658478539	h-DRB1_07_01-718	11.0	19.0	0.9617224880382776	0.5242966751918158	DRB1	True	right_only	False	2026 only	cii	DRB1*07:01	cii
Dataset1	AAGACCTAGGCTACGA-11	TRB:CASSGQGSTEAFF;TRA:CAEAPLGQKLLF	B10	CD4_Helper	centenarian	CASSGQGSTEAFF	CAEAPLGQKLLF	1	1243	0.0008045052292839903	CASSGQGSTEAFF+TCRBV03-01/03-02+TCRBJ01-01	TCRBV03-01/03-02	TCRBJ01-01	DRB1*09:01	cii	feature38923_DRB1_09_01	DRB1	True											False	left_only	False	2024 only	cii	DRB1*09:01	cii
Dataset1	AAGGCAGTCTTATCTG-11	TRB:CASSLGSGGFGTEAFF;TRA:CALSFTGNQFYF	B10	CD8_TEMRA	centenarian	CASSLGSGGFGTEAFF	CALSFTGNQFYF	5	1243	0.004022526146419952	CASSLGSGGFGTEAFF+TCRBV05-01+TCRBJ01-01	TCRBV05-01	TCRBJ01-01	B*52:01	ci	feature18241_B_52_01	B	True											False	left_only	False	2024 only	ci	B*52:01	ci
Dataset1	AAGGCAGTCTTATCTG-11	TRB:CASSLGSGGFGTEAFF;TRA:CALSFTGNQFYF	B10	CD8_TEMRA	centenarian	CASSLGSGGFGTEAFF	CALSFTGNQFYF	5	1243	0.004022526146419952	CASSLGSGGFGTEAFF+TCRBV05-04+TCRBJ01-01	TCRBV05-04	TCRBJ01-01	B*52:01	ci	feature18241_B_52_01	B	True											False	left_only	False	2024 only	ci	B*52:01	ci
Dataset1	ACCGTAAGTCTTGTCC-11	TRB:CAWTENTEAFF;TRA:CAGALGNMLTF	B10	CD8_TEMRA	centenarian	CAWTENTEAFF	CAGALGNMLTF	6	1243	0.004827031375703942	CAWTENTEAFF+TCRBV30-01+TCRBJ01-01	TCRBV30-01	TCRBJ01-01	A*24:02	ci	feature3296_A_24_02	A	True	A*24:02	ci	1.09163265e-08	-7.961923483351373	h-A_24_02-95	13.0	9.0	0.7606837606837608	0.5382210855356635	A	True	both	True	shared	ci	A*24:02	ci
Dataset1	ACCGTAAGTTCCACAA-11	TRB:CSARTSGNSYEQYF;TRA:CGGQNFVF	B08	CD8_TEM	centenarian	CSARTSGNSYEQYF	CGGQNFVF	1	992	0.0010080645161290322	CSARTSGNSYEQYF+TCRBV20-X+TCRBJ02-07	TCRBV20-X	TCRBJ02-07	A*26:01	ci	feature4514_A_26_01	A	True											False	left_only	False	2024 only	ci	A*26:01	ci
Dataset1	ACGGCCAGTGTTAAGA-11	TRB:CASSFRTDTQYF;TRA:CAAAGGTSYGKLTF	B08	CD8_TEM	centenarian	CASSFRTDTQYF	CAAAGGTSYGKLTF	1	992	0.0010080645161290322	CASSFRTDTQYF+TCRBV11-01+TCRBJ02-03	TCRBV11-01	TCRBJ02-03	A*32:01	ci	feature6445_A_32_01	A	True											False	left_only	False	2024 only	ci	A*32:01	ci
Dataset1	ACGGCCAGTGTTAAGA-11	TRB:CASSFRTDTQYF;TRA:CAAAGGTSYGKLTF	B08	CD8_TEM	centenarian	CASSFRTDTQYF	CAAAGGTSYGKLTF	1	992	0.0010080645161290322	CASSFRTDTQYF+TCRBV11-02+TCRBJ02-03	TCRBV11-02	TCRBJ02-03	A*32:01	ci	feature6445_A_32_01	A	True											False	left_only	False	2024 only	ci	A*32:01	ci
Dataset1	ACTATCTAGGCATTGG-11	TRB:CARSSGGITDTQYF;TRB:CASSHKDRNYEQYF;TRA:CAPSSGGYNKLIF;TRA:CAVNIDTDKLIF	B04	CD8_TEMRA	centenarian	CASSHKDRNYEQYF	CAVNIDTDKLIF	1	1178	0.0008488964346349745	CASSHKDRNYEQYF+TCRBV07-09+TCRBJ02-07	TCRBV07-09	TCRBJ02-07	A*24:02	ci	feature3297_A_24_02	A	True											False	left_only	False	2024 only	ci	A*24:02	ci
Dataset1	ACTGATGCACAGACTT-11	TRB:CASSLNSNQPQHF;TRA:CALRVGSQGNLIF	B08	CD8_TEMRA	centenarian	CASSLNSNQPQHF	CALRVGSQGNLIF	1	992	0.0010080645161290322	CASSLNSNQPQHF+TCRBV19-01+TCRBJ01-05	TCRBV19-01	TCRBJ01-05	A*26:01	ci	feature4514_A_26_01	A	True											False	left_only	False	2024 only	ci	A*26:01	ci
Dataset1	AGCAGCCTCGGCCGAT-11	TRB:CASSLGSGGFGTEAFF;TRA:CALSFTGNQFYF	B10	CD8_TEMRA	centenarian	CASSLGSGGFGTEAFF	CALSFTGNQFYF	5	1243	0.004022526146419952	CASSLGSGGFGTEAFF+TCRBV05-01+TCRBJ01-01	TCRBV05-01	TCRBJ01-01	B*52:01	ci	feature18241_B_52_01	B	True											False	left_only	False	2024 only	ci	B*52:01	ci
Dataset1	AGCAGCCTCGGCCGAT-11	TRB:CASSLGSGGFGTEAFF;TRA:CALSFTGNQFYF	B10	CD8_TEMRA	centenarian	CASSLGSGGFGTEAFF	CALSFTGNQFYF	5	1243	0.004022526146419952	CASSLGSGGFGTEAFF+TCRBV05-04+TCRBJ01-01	TCRBV05-04	TCRBJ01-01	B*52:01	ci	feature18241_B_52_01	B	True											False	left_only	False	2024 only	ci	B*52:01	ci
Dataset1	AGCGTATAGAAACGAG-11	TRB:CASSLVGPYNEQFF;TRA:CAVGASSNDYKLSF	B08	CD4_Naive	centenarian	CASSLVGPYNEQFF	CAVGASSNDYKLSF	1	992	0.0010080645161290322	CASSLVGPYNEQFF+TCRBV06-05+TCRBJ02-01	TCRBV06-05	TCRBJ02-01	DRB1*13:01	cii	feature40548_DRB1_13_01	DRB1	True	DRB1*13:01	cii	8.890899e-10	-9.051054323281818	h-DRB1_13_01-221	2.0	5.0		0.6243250923557829	DRB1	True	both	True	shared	cii	DRB1*13:01	cii
Dataset1	AGGGTGAAGAATCTCC-11	TRB:CAWTENTEAFF;TRA:CAGALGNMLTF	B10	CD8_TEMRA	centenarian	CAWTENTEAFF	CAGALGNMLTF	6	1243	0.004827031375703942	CAWTENTEAFF+TCRBV30-01+TCRBJ01-01	TCRBV30-01	TCRBJ01-01	A*24:02	ci	feature3296_A_24_02	A	True	A*24:02	ci	1.09163265e-08	-7.961923483351373	h-A_24_02-95	13.0	9.0	0.7606837606837608	0.5382210855356635	A	True	both	True	shared	ci	A*24:02	ci
Dataset1	ATCCGAATCCGAAGAG-11	TRB:CASSLGGNTEAFF;TRA:CALGKRYSGGGADGLTF	B08	CD4_Naive	centenarian	CASSLGGNTEAFF	CALGKRYSGGGADGLTF	1	992	0.0010080645161290322	CASSLGGNTEAFF+TCRBV05-08+TCRBJ01-01	TCRBV05-08	TCRBJ01-01					False	DRB1*08:03	cii	2.5635822e-08	-7.591152752561764	h-DRB1_08_03-234	0.0	0.0		0.4671781756180734	DRB1	True	right_only	False	2026 only	cii	DRB1*08:03	cii
Dataset1	CAACTAGGTCGAAAGC-11	TRB:CASSRPGQGGTEAFF	B08	CD4_Helper	centenarian	CASSRPGQGGTEAFF		1	992	0.0010080645161290322	CASSRPGQGGTEAFF+TCRBV12-X+TCRBJ01-01	TCRBV12-X	TCRBJ01-01	DRB3*02:02	cii	feature42584_DRB3_02_02	DRB3	True	DRB3*02:02	cii	8.6168794e-10	-9.064649985304518	h-DRB3_02_02-99	20.0	25.0	0.966	0.7067348678601876	DRB3	True	both	True	shared	cii	DRB3*02:02	cii
Dataset1	CAAGATCGTGCGAAAC-11	TRB:CASSLGGYGYTF;TRA:CAGGVGGGFKTIF	B10	CD4_Helper	centenarian	CASSLGGYGYTF	CAGGVGGGFKTIF	1	1243	0.0008045052292839903	CASSLGGYGYTF+TCRBV27-01+TCRBJ01-02	TCRBV27-01	TCRBJ01-02	DPA1*01:03+DPB1*02:01	cii	feature22887_DPA1_01_03+DPB1_02_01	DPA1	True	DPA1*01:03+DPB1*02:01	cii	1.6236288e-07	-6.789513253751557	h-DPA1_01_03_DPB1_02_01-66	15.0	14.0	0.9523809523809524	0.6676612674055129	DPA1	True	both	True	shared	cii	DPA1*01:03+DPB1*02:01	cii
Dataset1	CAGCAGCAGCTAGTTC-11	TRB:CASSVTGIGTEAFF;TRA:CAMSPGGSYIPTF	B08	CD4_Helper	centenarian	CASSVTGIGTEAFF	CAMSPGGSYIPTF	1	992	0.0010080645161290322	CASSVTGIGTEAFF+TCRBV07-02+TCRBJ01-01	TCRBV07-02	TCRBJ01-01	DRB1*03:01	cii	feature34519_DRB1_03_01	DRB1	True											False	left_only	False	2024 only	cii	DRB1*03:01	cii
Dataset1	CAGCTAAGTAGAAGGA-11	TRB:CASSLGADEAFF;TRB:CASSLREVDNEQFF;TRA:CVVNEGSNYQLIW	B08	CD8_TEMRA	centenarian	CASSLREVDNEQFF	CVVNEGSNYQLIW	5	992	0.005040322580645161	CASSLREVDNEQFF+TCRBV27-01+TCRBJ02-01	TCRBV27-01	TCRBJ02-01	B*39:01	ci	feature14002_B_39_01	B	True											False	left_only	False	2024 only	ci	B*39:01	ci
Dataset1	CCACGGACAATGGATA-11	TRB:CASSPSRNTEAFF;TRA:CAASIGNFGNEKLTF;TRA:CILPPTQTGANNLFF	B04	CD8_TEMRA	centenarian	CASSPSRNTEAFF	CILPPTQTGANNLFF	1	1178	0.0008488964346349745	CASSPSRNTEAFF+TCRBV04-03+TCRBJ01-01	TCRBV04-03	TCRBJ01-01					False	B*07:02	ci	3.6551124e-09	-8.437099263316464	h-B_07_02-535	6.0	8.0	1.0	0.6116794543904518	B	True	right_only	False	2026 only	ci	B*07:02	ci
Dataset1	CGAATGTTCTATCCCG-11	TRB:CASSLGADEAFF;TRB:CASSLREVDNEQFF;TRA:CVVNEGSNYQLIW	B08	CD8_TEMRA	centenarian	CASSLREVDNEQFF	CVVNEGSNYQLIW	5	992	0.005040322580645161	CASSLREVDNEQFF+TCRBV27-01+TCRBJ02-01	TCRBV27-01	TCRBJ02-01	B*39:01	ci	feature14002_B_39_01	B	True											False	left_only	False	2024 only	ci	B*39:01	ci
Dataset1	CGCCAAGAGTATGACA-11	TRB:CASSPQGNNQPQHF;TRA:CAGQLGDDKIIF	B10	CD4_Helper	centenarian	CASSPQGNNQPQHF	CAGQLGDDKIIF	1	1243	0.0008045052292839903	CASSPQGNNQPQHF+TCRBV07-09+TCRBJ01-05	TCRBV07-09	TCRBJ01-05	DRB1*13:02	cii	feature40811_DRB1_13_02	DRB1	True	DRB1*13:02	cii	1.2412288e-09	-8.906148156117222	h-DRB1_13_02-563	1.0	3.0		0.5451832907075873	DRB1	True	both	True	shared	cii	DRB1*13:02	cii
Dataset1	CGTGTAATCCTCATTA-11	TRB:CASSLGSGGFGTEAFF	B10	CD8_TEMRA	centenarian	CASSLGSGGFGTEAFF		1	1243	0.0008045052292839903	CASSLGSGGFGTEAFF+TCRBV05-01+TCRBJ01-01	TCRBV05-01	TCRBJ01-01	B*52:01	ci	feature18241_B_52_01	B	True											False	left_only	False	2024 only	ci	B*52:01	ci
Dataset1	CGTGTAATCCTCATTA-11	TRB:CASSLGSGGFGTEAFF	B10	CD8_TEMRA	centenarian	CASSLGSGGFGTEAFF		1	1243	0.0008045052292839903	CASSLGSGGFGTEAFF+TCRBV05-04+TCRBJ01-01	TCRBV05-04	TCRBJ01-01	B*52:01	ci	feature18241_B_52_01	B	True											False	left_only	False	2024 only	ci	B*52:01	ci
Dataset1	CTACGTCTCCCTAACC-11	TRB:CASSRTSGPYNEQFF;TRA:CAYRSASLGSSGDKLTF	B08	CD4_Helper	centenarian	CASSRTSGPYNEQFF	CAYRSASLGSSGDKLTF	1	992	0.0010080645161290322	CASSRTSGPYNEQFF+TCRBV19-01+TCRBJ02-01	TCRBV19-01	TCRBJ02-01	B*44:03	ci	feature16424_B_44_03	B	True	B*44:03	ci	4.2968824e-09	-8.366846532220208	h-B_44_03-230	1.0	2.0		0.5287013356067065	B	True	both	True	shared	ci	B*44:03	ci
Dataset1	GAACGGAGTACAGCAG-11	TRB:CASSGTTNTGELFF;TRA:CAYRSPTSGTYKYIF	B04	CD4_Naive	centenarian	CASSGTTNTGELFF	CAYRSPTSGTYKYIF	1	1178	0.0008488964346349745	CASSGTTNTGELFF+TCRBV06-06+TCRBJ02-02	TCRBV06-06	TCRBJ02-02					False	DRB3*03:01	cii	4.739886e-10	-9.324232103508681	h-DRB3_03_01-433	1.0	3.0		0.6328502415458936	DRB3	True	right_only	False	2026 only	cii	DRB3*03:01	cii
Dataset1	GAACGGATCACTATTC-11	TRB:CAWTENTEAFF;TRA:CAGALGNMLTF	B10	CD8_TEMRA	centenarian	CAWTENTEAFF	CAGALGNMLTF	6	1243	0.004827031375703942	CAWTENTEAFF+TCRBV30-01+TCRBJ01-01	TCRBV30-01	TCRBJ01-01	A*24:02	ci	feature3296_A_24_02	A	True	A*24:02	ci	1.09163265e-08	-7.961923483351373	h-A_24_02-95	13.0	9.0	0.7606837606837608	0.5382210855356635	A	True	both	True	shared	ci	A*24:02	ci
Dataset1	GAAGCAGAGATCGATA-11	TRB:CASSLGADEAFF;TRB:CASSLREVDNEQFF;TRA:CVVNEGSNYQLIW	B08	CD8_TEMRA	centenarian	CASSLREVDNEQFF	CVVNEGSNYQLIW	5	992	0.005040322580645161	CASSLREVDNEQFF+TCRBV27-01+TCRBJ02-01	TCRBV27-01	TCRBJ02-01	B*39:01	ci	feature14002_B_39_01	B	True											False	left_only	False	2024 only	ci	B*39:01	ci
Dataset1	GATCGCGAGATGTGGC-11	TRB:CASSFRTDTQYF;TRA:CAASMLAGANNLFF;TRA:CAGEGWVKAAGGLVNTGTASKLTF	B08	CD4_Helper	centenarian	CASSFRTDTQYF	CAGEGWVKAAGGLVNTGTASKLTF	1	992	0.0010080645161290322	CASSFRTDTQYF+TCRBV11-01+TCRBJ02-03	TCRBV11-01	TCRBJ02-03	A*32:01	ci	feature6445_A_32_01	A	True											False	left_only	False	2024 only	ci	A*32:01	ci
Dataset1	GATCGCGAGATGTGGC-11	TRB:CASSFRTDTQYF;TRA:CAASMLAGANNLFF;TRA:CAGEGWVKAAGGLVNTGTASKLTF	B08	CD4_Helper	centenarian	CASSFRTDTQYF	CAGEGWVKAAGGLVNTGTASKLTF	1	992	0.0010080645161290322	CASSFRTDTQYF+TCRBV11-02+TCRBJ02-03	TCRBV11-02	TCRBJ02-03	A*32:01	ci	feature6445_A_32_01	A	True											False	left_only	False	2024 only	ci	A*32:01	ci
Dataset1	GATGAGGGTTTGACTG-11	TRB:CASSSGGAYEQYF	B10	CD4_Naive	centenarian	CASSSGGAYEQYF		1	1243	0.0008045052292839903	CASSSGGAYEQYF+TCRBV09-01+TCRBJ02-07	TCRBV09-01	TCRBJ02-07	DRB1*01:01	cii	feature33517_DRB1_01_01	DRB1	True	DRB1*01:01	cii	5.010134e-08	-7.300150658427699	h-DRB1_01_01-298	6.0	4.0	1.0	0.4997158283603296	DRB1	True	both	True	shared	cii	DRB1*01:01	cii
Dataset1	GCGACCAAGTGGACGT-11	TRB:CASSLLGFQETQYF;TRA:CALSGPTGANSKLTF	B10	CD4_Naive	centenarian	CASSLLGFQETQYF	CALSGPTGANSKLTF	1	1243	0.0008045052292839903	CASSLLGFQETQYF+TCRBV07-09+TCRBJ02-05	TCRBV07-09	TCRBJ02-05	B*44:02	ci	feature16055_B_44_02	B	True	B*44:02	ci	5.383672e-10	-9.26892140735193	h-B_44_02-121	6.0	8.0	0.8333333333333333	0.5998863313441318	B	True	both	True	shared	ci	B*44:02	ci
Dataset1	GGAGCAATCTGTTGAG-11	TRB:CASSPRGDSYNEQFF;TRA:CAFRRGGADGLTF	B08	CD4_Helper	centenarian	CASSPRGDSYNEQFF	CAFRRGGADGLTF	1	992	0.0010080645161290322	CASSPRGDSYNEQFF+TCRBV19-01+TCRBJ02-01	TCRBV19-01	TCRBJ02-01					False	DRB1*11:01	cii	1.4491656e-09	-8.838881983709744	h-DRB1_11_01-476	3.0	3.0	0.888888888888889	0.6450696220517191	DRB1	True	right_only	False	2026 only	cii	DRB1*11:01	cii
Dataset1	GGGCATCAGCCTCGTG-11	TRB:CAWTENTEAFF;TRA:CAGALGNMLTF	B10	CD8_TEMRA	centenarian	CAWTENTEAFF	CAGALGNMLTF	6	1243	0.004827031375703942	CAWTENTEAFF+TCRBV30-01+TCRBJ01-01	TCRBV30-01	TCRBJ01-01	A*24:02	ci	feature3296_A_24_02	A	True	A*24:02	ci	1.09163265e-08	-7.961923483351373	h-A_24_02-95	13.0	9.0	0.7606837606837608	0.5382210855356635	A	True	both	True	shared	ci	A*24:02	ci
Dataset1	GGGTTGCGTGTGACCC-11	TRB:CASSLGSGGFGTEAFF;TRA:CALSFTGNQFYF	B10	CD8_TEMRA	centenarian	CASSLGSGGFGTEAFF	CALSFTGNQFYF	5	1243	0.004022526146419952	CASSLGSGGFGTEAFF+TCRBV05-01+TCRBJ01-01	TCRBV05-01	TCRBJ01-01	B*52:01	ci	feature18241_B_52_01	B	True											False	left_only	False	2024 only	ci	B*52:01	ci
Dataset1	GGGTTGCGTGTGACCC-11	TRB:CASSLGSGGFGTEAFF;TRA:CALSFTGNQFYF	B10	CD8_TEMRA	centenarian	CASSLGSGGFGTEAFF	CALSFTGNQFYF	5	1243	0.004022526146419952	CASSLGSGGFGTEAFF+TCRBV05-04+TCRBJ01-01	TCRBV05-04	TCRBJ01-01	B*52:01	ci	feature18241_B_52_01	B	True											False	left_only	False	2024 only	ci	B*52:01	ci
Dataset1	GGTATTGGTACAGTTC-11	TRB:CASSLTGDLYEQYF;TRA:CAVNIGISNFGNEKLTF	B08	CD8_TEMRA	centenarian	CASSLTGDLYEQYF	CAVNIGISNFGNEKLTF	2	992	0.0020161290322580645	CASSLTGDLYEQYF+TCRBV19-01+TCRBJ02-07	TCRBV19-01	TCRBJ02-07	A*11:01	ci	feature2347_A_11_01	A	True	A*11:01	ci	2.475847e-10	-9.606276196933344	h-A_11_01-135	13.0	9.0	0.8632478632478631	0.5717533390167662	A	True	both	True	shared	ci	A*11:01	ci
Dataset1	GGTGCGTGTTAAGGGC-11	TRB:CASSLEQGGTEAFF	B10	CD4_Naive	centenarian	CASSLEQGGTEAFF		1	1243	0.0008045052292839903	CASSLEQGGTEAFF+TCRBV05-04+TCRBJ01-01	TCRBV05-04	TCRBJ01-01					False	DRB1*01:01	cii	1.6051893e-09	-8.794473743883653	h-DRB1_01_01-298	6.0	4.0	1.0	0.4997158283603296	DRB1	True	right_only	False	2026 only	cii	DRB1*01:01	cii
Dataset1	GTACTCCAGACGCACA-11	TRB:CASSGSTEAFF;TRA:CAVSDTLGGYQKVTF	B10	CD4_Helper	centenarian	CASSGSTEAFF	CAVSDTLGGYQKVTF	1	1243	0.0008045052292839903	CASSGSTEAFF+TCRBV03-01/03-02+TCRBJ01-01	TCRBV03-01/03-02	TCRBJ01-01					False	DRB1*13:03	cii	4.955605e-09	-8.304903317541525	h-DRB1_13_03-448	0.0	0.0		0.5601023017902813	DRB1	True	right_only	False	2026 only	cii	DRB1*13:03	cii
Dataset1	GTACTCCAGACGCACA-11	TRB:CASSGSTEAFF;TRA:CAVSDTLGGYQKVTF	B10	CD4_Helper	centenarian	CASSGSTEAFF	CAVSDTLGGYQKVTF	1	1243	0.0008045052292839903	CASSGSTEAFF+TCRBV19-01+TCRBJ01-01	TCRBV19-01	TCRBJ01-01	DRB1*13:03	cii	feature41340_DRB1_13_03	DRB1	True	DRB1*13:03	cii	2.5643795e-08	-7.591017703583839	h-DRB1_13_03-448	0.0	0.0		0.5601023017902813	DRB1	True	both	True	shared	cii	DRB1*13:03	cii
Dataset1	GTACTCCAGACGCACA-11	TRB:CASSGSTEAFF;TRA:CAVSDTLGGYQKVTF	B10	CD4_Helper	centenarian	CASSGSTEAFF	CAVSDTLGGYQKVTF	1	1243	0.0008045052292839903	CASSGSTEAFF+TCRBV27-01+TCRBJ01-01	TCRBV27-01	TCRBJ01-01					False	DRB1*13:03	cii	4.0206732e-08	-7.395701224883773	h-DRB1_13_03-448	0.0	0.0		0.5601023017902813	DRB1	True	right_only	False	2026 only	cii	DRB1*13:03	cii
Dataset1	GTAGTCAGTAGCGCTC-11	TRB:CASSLGADEAFF;TRB:CASSLREVDNEQFF;TRA:CVVNEGSNYQLIW	B08	CD8_TEMRA	centenarian	CASSLREVDNEQFF	CVVNEGSNYQLIW	5	992	0.005040322580645161	CASSLREVDNEQFF+TCRBV27-01+TCRBJ02-01	TCRBV27-01	TCRBJ02-01	B*39:01	ci	feature14002_B_39_01	B	True											False	left_only	False	2024 only	ci	B*39:01	ci
Dataset1	GTTCGGGCAGGAATCG-11	TRB:CASSLAGYNSPLHF;TRA:CVVNGGGTSYGKLTF	B04	CD4_Naive	centenarian	CASSLAGYNSPLHF	CVVNGGGTSYGKLTF	1	1178	0.0008488964346349745	CASSLAGYNSPLHF+TCRBV05-06+TCRBJ01-06	TCRBV05-06	TCRBJ01-06	A*68:01	ci	feature7372_A_68_01	A	True											False	left_only	False	2024 only	ci	A*68:01	ci
Dataset1	GTTTCTAAGCCTATGT-11	TRB:CASSLSGARDTQYF;TRA:CAAKGSGGGADGLTF;TRA:CAPTVGSSNTGKLIF	B08	CD4_CTL	centenarian	CASSLSGARDTQYF	CAPTVGSSNTGKLIF	1	992	0.0010080645161290322	CASSLSGARDTQYF+TCRBV07-06+TCRBJ02-03	TCRBV07-06	TCRBJ02-03					False	DQA1*04:01+DQB1*04:02	cii	2.2491792e-10	-9.647975941420412	h-DQA1_04_01_DQB1_04_02-203	1.0	6.0		0.5083830633702756	DQA1	True	right_only	False	2026 only	cii	DQA1*04:01+DQB1*04:02	cii
Dataset1	GTTTCTAAGCCTATGT-11	TRB:CASSLSGARDTQYF;TRA:CAAKGSGGGADGLTF;TRA:CAPTVGSSNTGKLIF	B08	CD4_CTL	centenarian	CASSLSGARDTQYF	CAPTVGSSNTGKLIF	1	992	0.0010080645161290322	CASSLSGARDTQYF+TCRBV07-X+TCRBJ02-03	TCRBV07-X	TCRBJ02-03					False	DQA1*04:01+DQB1*04:02	cii	7.3604517e-10	-9.133095532836686	h-DQA1_04_01_DQB1_04_02-203	1.0	6.0		0.5083830633702756	DQA1	True	right_only	False	2026 only	cii	DQA1*04:01+DQB1*04:02	cii
Dataset1	TACCTTACAAACCTAC-11	TRB:CASSLDGTGELFF;TRA:CAASIPGGYNKLIF	B08	CD4_Helper	centenarian	CASSLDGTGELFF	CAASIPGGYNKLIF	1	992	0.0010080645161290322	CASSLDGTGELFF+TCRBV07-09+TCRBJ02-02	TCRBV07-09	TCRBJ02-02					False	DPA1*01:03+DPB1*04:02	cii	3.8987853e-09	-8.409070680070437	h-DPA1_01_03_DPB1_04_02-78	5.0	14.0	0.9571428571428572	0.6226200625177607	DPA1	True	right_only	False	2026 only	cii	DPA1*01:03+DPB1*04:02	cii
Dataset1	TACCTTAGTGACCAAG-11	TRB:CASSSDTSSGNTIYF;TRA:CALSGSTGGYQKVTF	B04	CD4_Helper	centenarian	CASSSDTSSGNTIYF	CALSGSTGGYQKVTF	1	1178	0.0008488964346349745	CASSSDTSSGNTIYF+TCRBV02-01+TCRBJ01-03	TCRBV02-01	TCRBJ01-03	DRB1*01:02	cii	feature33868_DRB1_01_02	DRB1	True											False	left_only	False	2024 only	cii	DRB1*01:02	cii
Dataset1	TACTCATTCGCACTCT-11	TRB:CAWTENTEAFF;TRA:CAGALGNMLTF	B10	CD8_TEM	centenarian	CAWTENTEAFF	CAGALGNMLTF	6	1243	0.004827031375703942	CAWTENTEAFF+TCRBV30-01+TCRBJ01-01	TCRBV30-01	TCRBJ01-01	A*24:02	ci	feature3296_A_24_02	A	True	A*24:02	ci	1.09163265e-08	-7.961923483351373	h-A_24_02-95	13.0	9.0	0.7606837606837608	0.5382210855356635	A	True	both	True	shared	ci	A*24:02	ci
Dataset1	TACTCATTCGTTTAGG-11	TRB:CASSLGSGGFGTEAFF;TRA:CALSFTGNQFYF	B10	CD8_TEM	centenarian	CASSLGSGGFGTEAFF	CALSFTGNQFYF	5	1243	0.004022526146419952	CASSLGSGGFGTEAFF+TCRBV05-01+TCRBJ01-01	TCRBV05-01	TCRBJ01-01	B*52:01	ci	feature18241_B_52_01	B	True											False	left_only	False	2024 only	ci	B*52:01	ci
Dataset1	TACTCATTCGTTTAGG-11	TRB:CASSLGSGGFGTEAFF;TRA:CALSFTGNQFYF	B10	CD8_TEM	centenarian	CASSLGSGGFGTEAFF	CALSFTGNQFYF	5	1243	0.004022526146419952	CASSLGSGGFGTEAFF+TCRBV05-04+TCRBJ01-01	TCRBV05-04	TCRBJ01-01	B*52:01	ci	feature18241_B_52_01	B	True											False	left_only	False	2024 only	ci	B*52:01	ci
Dataset1	TCAGATGCACAGCCCA-11	TRB:CASSLGADEAFF;TRB:CASSLREVDNEQFF;TRA:CVVNEGSNYQLIW	B08	CD8_TEMRA	centenarian	CASSLREVDNEQFF	CVVNEGSNYQLIW	5	992	0.005040322580645161	CASSLREVDNEQFF+TCRBV27-01+TCRBJ02-01	TCRBV27-01	TCRBJ02-01	B*39:01	ci	feature14002_B_39_01	B	True											False	left_only	False	2024 only	ci	B*39:01	ci
Dataset1	TCAGATGGTGGCTCCA-11	TRB:CASSLETEYGYTF;TRA:CALSEASSASKIIF	B08	CD4_Treg	centenarian	CASSLETEYGYTF	CALSEASSASKIIF	1	992	0.0010080645161290322	CASSLETEYGYTF+TCRBV05-06+TCRBJ01-02	TCRBV05-06	TCRBJ01-02					False	A*01:01	ci	7.035121e-10	-9.152728428551852	h-A_01_01-169	5.0	12.0	0.625	0.536231884057971	A	True	right_only	False	2026 only	ci	A*01:01	ci
Dataset1	TCATTACAGAAACCGC-11	TRB:CASSLDGDTQYF;TRA:CAENRAVDGNNRLAF	B08	CD4_Naive	centenarian	CASSLDGDTQYF	CAENRAVDGNNRLAF	1	992	0.0010080645161290322	CASSLDGDTQYF+TCRBV05-05+TCRBJ02-03	TCRBV05-05	TCRBJ02-03	DQA1*01:04+DQB1*05:03	cii	feature31659_DQA1_01_04+DQB1_05_03	DQA1	True	DRB1*14:01P	cii	2.4655973e-09	-8.608077854207966	h-DRB1_14_01P-354	1.0	4.0		0.5595339585109407	DRB1	True	both	True	shared	cii	DQA1*01:04+DQB1*05:03	cii
Dataset1	TCGTAGATCACCTTAT-11	TRB:CASSEAYSNQPQHF;TRA:CASQTSGSRLTF	B04	CD8_TEM	centenarian	CASSEAYSNQPQHF	CASQTSGSRLTF	1	1178	0.0008488964346349745	CASSEAYSNQPQHF+TCRBV02-01+TCRBJ01-05	TCRBV02-01	TCRBJ01-05					False	C*07:02	ci	3.2196705e-09	-8.49218857158179	h-C_07_02-298	6.0	7.0	0.5238095238095237	0.5475987496447854	C	True	right_only	False	2026 only	ci	C*07:02	ci
Dataset1	TCTATTGTCAACTCTT-11	TRB:CAWTENTEAFF;TRA:CAGALGNMLTF	B10	CD8_TEM	centenarian	CAWTENTEAFF	CAGALGNMLTF	6	1243	0.004827031375703942	CAWTENTEAFF+TCRBV30-01+TCRBJ01-01	TCRBV30-01	TCRBJ01-01	A*24:02	ci	feature3296_A_24_02	A	True	A*24:02	ci	1.09163265e-08	-7.961923483351373	h-A_24_02-95	13.0	9.0	0.7606837606837608	0.5382210855356635	A	True	both	True	shared	ci	A*24:02	ci
Dataset1	TCTCTAAAGAGTGAGA-11	TRB:CASSQSREETQYF;TRA:CALNPKTSYDKVIF	B10	CD4_Helper	centenarian	CASSQSREETQYF	CALNPKTSYDKVIF	1	1243	0.0008045052292839903	CASSQSREETQYF+TCRBV09-01+TCRBJ02-05	TCRBV09-01	TCRBJ02-05					False	DRB1*01:03	cii	9.435492e-10	-9.025235449254835	h-DRB1_01_03-344	3.0	1.0		0.5453253765274226	DRB1	True	right_only	False	2026 only	cii	DRB1*01:03	cii
Dataset1	TGAGAGGCATCACAAC-11	TRB:CASSPGTGFSYEQYF	B10	CD4_Helper	centenarian	CASSPGTGFSYEQYF		1	1243	0.0008045052292839903	CASSPGTGFSYEQYF+TCRBV06-05+TCRBJ02-07	TCRBV06-05	TCRBJ02-07					False	DPA1*02:01+DPB1*17:01	cii	1.593441e-09	-8.79766401242169	h-DPA1_02_01_DPB1_17_01-256	3.0	5.0	0.7333333333333333	0.5380789997158283	DPA1	True	right_only	False	2026 only	cii	DPA1*02:01+DPB1*17:01	cii
Dataset1	TGAGAGGCATCACAAC-11	TRB:CASSPGTGFSYEQYF	B10	CD4_Helper	centenarian	CASSPGTGFSYEQYF		1	1243	0.0008045052292839903	CASSPGTGFSYEQYF+TCRBV06-06+TCRBJ02-07	TCRBV06-06	TCRBJ02-07	DPA1*02:01+DPB1*17:01	cii	feature28590_DPA1_02_01+DPB1_17_01	DPA1	True	DPA1*02:01+DPB1*17:01	cii	2.1489963e-10	-9.66776433224749	h-DPA1_02_01_DPB1_17_01-256	3.0	5.0	0.7333333333333333	0.5380789997158283	DPA1	True	both	True	shared	cii	DPA1*02:01+DPB1*17:01	cii
Dataset1	TGAGAGGCATCACAAC-11	TRB:CASSPGTGFSYEQYF	B10	CD4_Helper	centenarian	CASSPGTGFSYEQYF		1	1243	0.0008045052292839903	CASSPGTGFSYEQYF+TCRBV06-X+TCRBJ02-07	TCRBV06-X	TCRBJ02-07					False	DPA1*02:01+DPB1*17:01	cii	1.593441e-09	-8.79766401242169	h-DPA1_02_01_DPB1_17_01-256	3.0	5.0	0.7333333333333333	0.5380789997158283	DPA1	True	right_only	False	2026 only	cii	DPA1*02:01+DPB1*17:01	cii
Dataset1	TGATTTCAGTGTGAAT-11	TRB:CARSSGGITDTQYF;TRB:CASSHKDRNYEQYF;TRA:CAVNIDTDKLIF	B04	CD8_TEMRA	centenarian	CASSHKDRNYEQYF	CAVNIDTDKLIF	1	1178	0.0008488964346349745	CASSHKDRNYEQYF+TCRBV07-09+TCRBJ02-07	TCRBV07-09	TCRBJ02-07	A*24:02	ci	feature3297_A_24_02	A	True											False	left_only	False	2024 only	ci	A*24:02	ci
Dataset1	TGGACGCCACATTCGA-11	TRB:CASSLGSGGFGTEAFF;TRA:CALSFTGNQFYF	B10	CD8_TEMRA	centenarian	CASSLGSGGFGTEAFF	CALSFTGNQFYF	5	1243	0.004022526146419952	CASSLGSGGFGTEAFF+TCRBV05-01+TCRBJ01-01	TCRBV05-01	TCRBJ01-01	B*52:01	ci	feature18241_B_52_01	B	True											False	left_only	False	2024 only	ci	B*52:01	ci
Dataset1	TGGACGCCACATTCGA-11	TRB:CASSLGSGGFGTEAFF;TRA:CALSFTGNQFYF	B10	CD8_TEMRA	centenarian	CASSLGSGGFGTEAFF	CALSFTGNQFYF	5	1243	0.004022526146419952	CASSLGSGGFGTEAFF+TCRBV05-04+TCRBJ01-01	TCRBV05-04	TCRBJ01-01	B*52:01	ci	feature18241_B_52_01	B	True											False	left_only	False	2024 only	ci	B*52:01	ci
Dataset1	TGGCGCATCCGTTGCT-11	TRB:CASSIPGAETQYF;TRA:CATDGGSNYKLTF	B08	CD4_Naive	centenarian	CASSIPGAETQYF	CATDGGSNYKLTF	1	992	0.0010080645161290322	CASSIPGAETQYF+TCRBV19-01+TCRBJ02-05	TCRBV19-01	TCRBJ02-05	DRB1*04:04	cii	feature36338_DRB1_04_04	DRB1	True											False	left_only	False	2024 only	cii	DRB1*04:04	cii
Dataset1	TGGGCGTTCCTCCTAG-11	TRB:CASSGRGTEAFF	B08	CD4_Treg	centenarian	CASSGRGTEAFF		1	992	0.0010080645161290322	CASSGRGTEAFF+TCRBV05-04+TCRBJ01-01	TCRBV05-04	TCRBJ01-01	DRB1*03:01	cii	feature34519_DRB1_03_01	DRB1	True	DQA1*05:01+DQB1*02:01	cii	1.3400338e-08	-7.872884247181193	h-DQA1_05_01_DQB1_02_01-630	12.0	12.0	0.9583333333333331	0.6351236146632567	DQA1	True	both	True	shared	cii	DRB1*03:01	cii
Dataset1	TTGACTTTCTCTGCTG-11	TRB:CASSLTGDLYEQYF;TRA:CAVNIGISNFGNEKLTF	B08	CD8_TEM	centenarian	CASSLTGDLYEQYF	CAVNIGISNFGNEKLTF	2	992	0.0020161290322580645	CASSLTGDLYEQYF+TCRBV19-01+TCRBJ02-07	TCRBV19-01	TCRBJ02-07	A*11:01	ci	feature2347_A_11_01	A	True	A*11:01	ci	2.475847e-10	-9.606276196933344	h-A_11_01-135	13.0	9.0	0.8632478632478631	0.5717533390167662	A	True	both	True	shared	ci	A*11:01	ci
