dataset	barcode	cdr3s_aa	sample_id	cluster	donor_group	cdr3	cdr3a	clone_n_cells	sample_n_cells_with_tcr	clone_proportion	tcr	vgene	jgene	hla_2024	hla_class_2024	hla_cocluster_2024	hla_gene_2024	source_2024	hla_2026	hla_class_2026	tcr_pgen	log10_tcr_pgen_eps	hla_cocluster_2026	hla_cocluster_npos_hlamatch	hla_cocluster_nneg_hlamatch	hla_cocluster_auroc_hlaaware	hla_cocluster_auroc_hlaunaware	hla_gene_2026	source_2026	_merge	hla_class_agree	source	hla_class_sourced	hla	hla_class
Dataset2	AAAGTAGCACGTCAGC-1	TRB:CSVEGDRGRSETQYF;TRA:CALETDSWGKLQF	A02	Quiescent_CD4_CTL	control	CSVEGDRGRSETQYF	CALETDSWGKLQF	74	799	0.09261576971214018	CSVEGDRGRSETQYF+TCRBV29-01+TCRBJ02-05	TCRBV29-01	TCRBJ02-05	DRB1*15:01	cii	feature41633_DRB1_15_01	DRB1	True	DRB1*15:01	cii	8.389768e-11	-10.07625004843386	h-DRB1_15_01-992	4.0	14.0	0.9821428571428572	0.5981813015061097	DRB1	True	both	True	shared	cii	DRB1*15:01	cii
Dataset2	AAATGCCCAGGTCGTC-1	TRB:CASSSPTGGNEQFF;TRA:CAASYFGNEKLTF	C04	Activated_CD8	supercentenarian	CASSSPTGGNEQFF	CAASYFGNEKLTF	83	1382	0.060057887120115776	CASSSPTGGNEQFF+TCRBV07-09+TCRBJ02-01	TCRBV07-09	TCRBJ02-01	B*15:01	ci	feature9526_B_15_01	B	True	B*15:01	ci	4.8668347e-10	-9.312753404135984	h-B_15_01-190	10.0	8.0	0.8875	0.5583972719522592	B	True	both	True	shared	ci	B*15:01	ci
Dataset2	AACTCTTTCTGGGCCA-1	TRB:CATSRVAGETQYF;TRA:CATEGNFGNEKLTF	A06	Activated_CD8	control	CATSRVAGETQYF	CATEGNFGNEKLTF	9	1026	0.008771929824561403	CATSRVAGETQYF+TCRBV15-01+TCRBJ02-05	TCRBV15-01	TCRBJ02-05					False	C*07:02	ci	9.503298e-09	-8.022125652117346	h-C_07_02-298	6.0	7.0	0.5238095238095237	0.5475987496447854	C	True	right_only	False	2026 only	ci	C*07:02	ci
Dataset2	AACTGGTCAGTCACTA-1	TRB:CASSSPTGGNEQFF;TRA:CAASYFGNEKLTF	C04	Quiescent_CD8	supercentenarian	CASSSPTGGNEQFF	CAASYFGNEKLTF	83	1382	0.060057887120115776	CASSSPTGGNEQFF+TCRBV07-09+TCRBJ02-01	TCRBV07-09	TCRBJ02-01	B*15:01	ci	feature9526_B_15_01	B	True	B*15:01	ci	4.8668347e-10	-9.312753404135984	h-B_15_01-190	10.0	8.0	0.8875	0.5583972719522592	B	True	both	True	shared	ci	B*15:01	ci
Dataset2	AAGGTTCCAAAGAATC-1	TRB:CASSSPTGGNEQFF;TRA:CAASYFGNEKLTF	C04	Quiescent_CD8	supercentenarian	CASSSPTGGNEQFF	CAASYFGNEKLTF	83	1382	0.060057887120115776	CASSSPTGGNEQFF+TCRBV07-09+TCRBJ02-01	TCRBV07-09	TCRBJ02-01	B*15:01	ci	feature9526_B_15_01	B	True	B*15:01	ci	4.8668347e-10	-9.312753404135984	h-B_15_01-190	10.0	8.0	0.8875	0.5583972719522592	B	True	both	True	shared	ci	B*15:01	ci
Dataset2	ACATACGGTATCACCA-1	TRB:CATSRVAGETQYF;TRA:CATEGNFGNEKLTF	A06	Activated_CD8	control	CATSRVAGETQYF	CATEGNFGNEKLTF	9	1026	0.008771929824561403	CATSRVAGETQYF+TCRBV15-01+TCRBJ02-05	TCRBV15-01	TCRBJ02-05					False	C*07:02	ci	9.503298e-09	-8.022125652117346	h-C_07_02-298	6.0	7.0	0.5238095238095237	0.5475987496447854	C	True	right_only	False	2026 only	ci	C*07:02	ci
Dataset2	ACGCAGCGTGGCAAAC-1	TRB:CSVEGDRGRSETQYF;TRA:CALETDSWGKLQF	A02	Quiescent_CD4_CTL	control	CSVEGDRGRSETQYF	CALETDSWGKLQF	74	799	0.09261576971214018	CSVEGDRGRSETQYF+TCRBV29-01+TCRBJ02-05	TCRBV29-01	TCRBJ02-05	DRB1*15:01	cii	feature41633_DRB1_15_01	DRB1	True	DRB1*15:01	cii	8.389768e-11	-10.07625004843386	h-DRB1_15_01-992	4.0	14.0	0.9821428571428572	0.5981813015061097	DRB1	True	both	True	shared	cii	DRB1*15:01	cii
Dataset2	ACGCCGAAGAATTCCC-1	TRB:CASSSPTGGNEQFF;TRA:CAASYFGNEKLTF	C04	Quiescent_CD8	supercentenarian	CASSSPTGGNEQFF	CAASYFGNEKLTF	83	1382	0.060057887120115776	CASSSPTGGNEQFF+TCRBV07-09+TCRBJ02-01	TCRBV07-09	TCRBJ02-01	B*15:01	ci	feature9526_B_15_01	B	True	B*15:01	ci	4.8668347e-10	-9.312753404135984	h-B_15_01-190	10.0	8.0	0.8875	0.5583972719522592	B	True	both	True	shared	ci	B*15:01	ci
Dataset2	ACGGAGATCTGGTATG-1	TRB:CASSSPTGGNEQFF;TRA:CAASYFGNEKLTF	C04	Quiescent_CD8	supercentenarian	CASSSPTGGNEQFF	CAASYFGNEKLTF	83	1382	0.060057887120115776	CASSSPTGGNEQFF+TCRBV07-09+TCRBJ02-01	TCRBV07-09	TCRBJ02-01	B*15:01	ci	feature9526_B_15_01	B	True	B*15:01	ci	4.8668347e-10	-9.312753404135984	h-B_15_01-190	10.0	8.0	0.8875	0.5583972719522592	B	True	both	True	shared	ci	B*15:01	ci
Dataset2	ACGTCAAGTCTAGTGT-1	TRB:CASSSPTGGNEQFF;TRA:CAASYFGNEKLTF	C04	Activated_CD8	supercentenarian	CASSSPTGGNEQFF	CAASYFGNEKLTF	83	1382	0.060057887120115776	CASSSPTGGNEQFF+TCRBV07-09+TCRBJ02-01	TCRBV07-09	TCRBJ02-01	B*15:01	ci	feature9526_B_15_01	B	True	B*15:01	ci	4.8668347e-10	-9.312753404135984	h-B_15_01-190	10.0	8.0	0.8875	0.5583972719522592	B	True	both	True	shared	ci	B*15:01	ci
Dataset2	ACTATCTCATCCCACT-1	TRB:CSVEGDRGRSETQYF;TRA:CALETDSWGKLQF	A02	Quiescent_CD4_CTL	control	CSVEGDRGRSETQYF	CALETDSWGKLQF	74	799	0.09261576971214018	CSVEGDRGRSETQYF+TCRBV29-01+TCRBJ02-05	TCRBV29-01	TCRBJ02-05	DRB1*15:01	cii	feature41633_DRB1_15_01	DRB1	True	DRB1*15:01	cii	8.389768e-11	-10.07625004843386	h-DRB1_15_01-992	4.0	14.0	0.9821428571428572	0.5981813015061097	DRB1	True	both	True	shared	cii	DRB1*15:01	cii
Dataset2	ACTGAGTAGCGATTCT-1	TRB:CASSSPTGGNEQFF;TRA:CAASYFGNEKLTF	C04	Quiescent_CD8	supercentenarian	CASSSPTGGNEQFF	CAASYFGNEKLTF	83	1382	0.060057887120115776	CASSSPTGGNEQFF+TCRBV07-09+TCRBJ02-01	TCRBV07-09	TCRBJ02-01	B*15:01	ci	feature9526_B_15_01	B	True	B*15:01	ci	4.8668347e-10	-9.312753404135984	h-B_15_01-190	10.0	8.0	0.8875	0.5583972719522592	B	True	both	True	shared	ci	B*15:01	ci
Dataset2	ACTGCTCCACACCGCA-1	TRB:CSVEGDRGRSETQYF;TRA:CALETDSWGKLQF	A02	Quiescent_CD4_CTL	control	CSVEGDRGRSETQYF	CALETDSWGKLQF	74	799	0.09261576971214018	CSVEGDRGRSETQYF+TCRBV29-01+TCRBJ02-05	TCRBV29-01	TCRBJ02-05	DRB1*15:01	cii	feature41633_DRB1_15_01	DRB1	True	DRB1*15:01	cii	8.389768e-11	-10.07625004843386	h-DRB1_15_01-992	4.0	14.0	0.9821428571428572	0.5981813015061097	DRB1	True	both	True	shared	cii	DRB1*15:01	cii
Dataset2	ACTGTCCGTCGAGTTT-1	TRB:CASSSPTGGNEQFF;TRA:CAASYFGNEKLTF	C04	Quiescent_CD8	supercentenarian	CASSSPTGGNEQFF	CAASYFGNEKLTF	83	1382	0.060057887120115776	CASSSPTGGNEQFF+TCRBV07-09+TCRBJ02-01	TCRBV07-09	TCRBJ02-01	B*15:01	ci	feature9526_B_15_01	B	True	B*15:01	ci	4.8668347e-10	-9.312753404135984	h-B_15_01-190	10.0	8.0	0.8875	0.5583972719522592	B	True	both	True	shared	ci	B*15:01	ci
Dataset2	ACTTTCACACCTATCC-1	TRB:CASSSPTGGNEQFF;TRA:CAASYFGNEKLTF	C04	Activated_CD8	supercentenarian	CASSSPTGGNEQFF	CAASYFGNEKLTF	83	1382	0.060057887120115776	CASSSPTGGNEQFF+TCRBV07-09+TCRBJ02-01	TCRBV07-09	TCRBJ02-01	B*15:01	ci	feature9526_B_15_01	B	True	B*15:01	ci	4.8668347e-10	-9.312753404135984	h-B_15_01-190	10.0	8.0	0.8875	0.5583972719522592	B	True	both	True	shared	ci	B*15:01	ci
Dataset2	AGAGCTTGTGCCTGCA-1	TRB:CASSRRTGTNTEAFF;TRA:CALDDKIIF;TRA:CAVSGNNRLAF	B01	Quiescent_CD4_Helper	centenarian	CASSRRTGTNTEAFF	CAVSGNNRLAF	1	416	0.002403846153846154	CASSRRTGTNTEAFF+TCRBV05-06+TCRBJ01-01	TCRBV05-06	TCRBJ01-01	DRB5*02:02	cii	feature43549_DRB5_02_02	DRB5	True											False	left_only	False	2024 only	cii	DRB5*02:02	cii
Dataset2	AGATTGCGTACAGTGG-1	TRB:CASSYSGGDEQFF	C04	Quiescent_CD8	supercentenarian	CASSYSGGDEQFF		2	1382	0.001447178002894356	CASSYSGGDEQFF+TCRBV06-05+TCRBJ02-01	TCRBV06-05	TCRBJ02-01	B*15:01	ci	feature9526_B_15_01	B	True	B*15:01	ci	2.7962761e-08	-7.5534199492402125	h-B_15_01-190	10.0	8.0	0.8875	0.5583972719522592	B	True	both	True	shared	ci	B*15:01	ci
Dataset2	AGCGGTCCATGAAGTA-1	TRB:CASSSASGGNEQFF;TRA:CAASYFGNEKLTF	A02	Activated_CD8	control	CASSSASGGNEQFF	CAASYFGNEKLTF	10	799	0.012515644555694618	CASSSASGGNEQFF+TCRBV07-09+TCRBJ02-01	TCRBV07-09	TCRBJ02-01	B*15:01	ci	feature9526_B_15_01	B	True	B*15:01	ci	7.5402223e-10	-9.122615850119594	h-B_15_01-190	10.0	8.0	0.8875	0.5583972719522592	B	True	both	True	shared	ci	B*15:01	ci
Dataset2	AGCGGTCGTCCAGTAT-1	TRB:CASSSPTGGNEQFF;TRA:CAASYFGNEKLTF	C04	Quiescent_CD8	supercentenarian	CASSSPTGGNEQFF	CAASYFGNEKLTF	83	1382	0.060057887120115776	CASSSPTGGNEQFF+TCRBV07-09+TCRBJ02-01	TCRBV07-09	TCRBJ02-01	B*15:01	ci	feature9526_B_15_01	B	True	B*15:01	ci	4.8668347e-10	-9.312753404135984	h-B_15_01-190	10.0	8.0	0.8875	0.5583972719522592	B	True	both	True	shared	ci	B*15:01	ci
Dataset2	AGGCCACAGTGGTAGC-1	TRB:CASSFAGGSDTQYF;TRA:CAGGGVNRGSTLGRLYF	C03	Quiescent_CD8	supercentenarian	CASSFAGGSDTQYF	CAGGGVNRGSTLGRLYF	37	1606	0.02303860523038605	CASSFAGGSDTQYF+TCRBV27-01+TCRBJ02-03	TCRBV27-01	TCRBJ02-03					False	DRB1*04:05	cii	1.6474279e-09	-8.783193583299862	h-DRB1_04_05-234	1.0	0.0		0.5487354362034669	DRB1	True	right_only	False	2026 only	cii	DRB1*04:05	cii
Dataset2	AGGCCACCAAGAAGAG-1	TRB:CASSLAGRGYGYTF;TRA:CAPPPSGTYKYIF	B04	Quiescent_CD4_Naive	centenarian	CASSLAGRGYGYTF	CAPPPSGTYKYIF	1	1171	0.0008539709649871904	CASSLAGRGYGYTF+TCRBV27-01+TCRBJ01-02	TCRBV27-01	TCRBJ01-02					False	DRB1*07:01	cii	4.0064223e-09	-8.397243275488393	h-DRB1_07_01-718	11.0	19.0	0.9617224880382776	0.5242966751918158	DRB1	True	right_only	False	2026 only	cii	DRB1*07:01	cii
Dataset2	AGGGAGTTCGGAAATA-1	TRB:CSVEGDRGRSETQYF;TRA:CALETDSWGKLQF	A02	Quiescent_CD4_CTL	control	CSVEGDRGRSETQYF	CALETDSWGKLQF	74	799	0.09261576971214018	CSVEGDRGRSETQYF+TCRBV29-01+TCRBJ02-05	TCRBV29-01	TCRBJ02-05	DRB1*15:01	cii	feature41633_DRB1_15_01	DRB1	True	DRB1*15:01	cii	8.389768e-11	-10.07625004843386	h-DRB1_15_01-992	4.0	14.0	0.9821428571428572	0.5981813015061097	DRB1	True	both	True	shared	cii	DRB1*15:01	cii
Dataset2	AGTCTTTTCGGCGCAT-1	TRB:CASSESGPNQPQHF;TRA:CVVIGWTSGGSYIPTF	B01	Activated_CD4_CTL	centenarian	CASSESGPNQPQHF	CVVIGWTSGGSYIPTF	17	416	0.040865384615384616	CASSESGPNQPQHF+TCRBV10-02+TCRBJ01-05	TCRBV10-02	TCRBJ01-05	DRB5*02:02	cii	feature43549_DRB5_02_02	DRB5	True											False	left_only	False	2024 only	cii	DRB5*02:02	cii
Dataset2	AGTGAGGTCTACCTGC-1	TRB:CASSASGEETQYF;TRA:CALAMDGGGGGNKLTF	A06	Activated_CD4_Helper	control	CASSASGEETQYF	CALAMDGGGGGNKLTF	1	1026	0.0009746588693957114	CASSASGEETQYF+TCRBV10-01+TCRBJ02-05	TCRBV10-01	TCRBJ02-05	DRB1*04:04	cii	feature36338_DRB1_04_04	DRB1	True											False	left_only	False	2024 only	cii	DRB1*04:04	cii
Dataset2	AGTGTCATCGGCATCG-1	TRB:CASSSGQVYGYTF;TRA:CAVGGGSNYKLTF	C04	Quiescent_CD4_CTL	supercentenarian	CASSSGQVYGYTF	CAVGGGSNYKLTF	18	1382	0.013024602026049204	CASSSGQVYGYTF+TCRBV05-06+TCRBJ01-02	TCRBV05-06	TCRBJ01-02	A*01:01	ci	feature339_A_01_01	A	True	A*01:01	ci	3.5673313e-09	-8.44765655562367	h-A_01_01-169	5.0	12.0	0.625	0.536231884057971	A	True	both	True	shared	ci	A*01:01	ci
Dataset2	AGTTGGTGTATCAGTC-1	TRB:CSVEGDRGRSETQYF;TRA:CALETDSWGKLQF	A02	Quiescent_CD4_CTL	control	CSVEGDRGRSETQYF	CALETDSWGKLQF	74	799	0.09261576971214018	CSVEGDRGRSETQYF+TCRBV29-01+TCRBJ02-05	TCRBV29-01	TCRBJ02-05	DRB1*15:01	cii	feature41633_DRB1_15_01	DRB1	True	DRB1*15:01	cii	8.389768e-11	-10.07625004843386	h-DRB1_15_01-992	4.0	14.0	0.9821428571428572	0.5981813015061097	DRB1	True	both	True	shared	cii	DRB1*15:01	cii
Dataset2	ATAACGCAGATATACG-1	TRB:CASSSPTGGNEQFF;TRA:CAASYFGNEKLTF	C04	Quiescent_CD8	supercentenarian	CASSSPTGGNEQFF	CAASYFGNEKLTF	83	1382	0.060057887120115776	CASSSPTGGNEQFF+TCRBV07-09+TCRBJ02-01	TCRBV07-09	TCRBJ02-01	B*15:01	ci	feature9526_B_15_01	B	True	B*15:01	ci	4.8668347e-10	-9.312753404135984	h-B_15_01-190	10.0	8.0	0.8875	0.5583972719522592	B	True	both	True	shared	ci	B*15:01	ci
Dataset2	ATCCACCTCGTCTGAA-1	TRB:CSVEGDRGRSETQYF;TRA:CALETDSWGKLQF	A02	Quiescent_CD4_CTL	control	CSVEGDRGRSETQYF	CALETDSWGKLQF	74	799	0.09261576971214018	CSVEGDRGRSETQYF+TCRBV29-01+TCRBJ02-05	TCRBV29-01	TCRBJ02-05	DRB1*15:01	cii	feature41633_DRB1_15_01	DRB1	True	DRB1*15:01	cii	8.389768e-11	-10.07625004843386	h-DRB1_15_01-992	4.0	14.0	0.9821428571428572	0.5981813015061097	DRB1	True	both	True	shared	cii	DRB1*15:01	cii
Dataset2	ATCCGAAGTTCGCTAA-1	TRB:CASGRQGAGEQYF;TRA:CAASPYTGANSKLTF;TRA:CAMNRQGAQKLVF	A06	Quiescent_CD4_Naive	control	CASGRQGAGEQYF	CAMNRQGAQKLVF	1	1026	0.0009746588693957114	CASGRQGAGEQYF+TCRBV02-01+TCRBJ02-07	TCRBV02-01	TCRBJ02-07					False	DQA1*05:01+DQB1*02:01	cii	4.29079e-11	-10.367462740203512	h-DQA1_05_01_DQB1_02_01-630	12.0	12.0	0.9583333333333331	0.6351236146632567	DQA1	True	right_only	False	2026 only	cii	DQA1*05:01+DQB1*02:01	cii
Dataset2	ATCTACTTCTCCAACC-1	TRB:CASSSPTGGNEQFF;TRA:CAASYFGNEKLTF	C04	Activated_CD8	supercentenarian	CASSSPTGGNEQFF	CAASYFGNEKLTF	83	1382	0.060057887120115776	CASSSPTGGNEQFF+TCRBV07-09+TCRBJ02-01	TCRBV07-09	TCRBJ02-01	B*15:01	ci	feature9526_B_15_01	B	True	B*15:01	ci	4.8668347e-10	-9.312753404135984	h-B_15_01-190	10.0	8.0	0.8875	0.5583972719522592	B	True	both	True	shared	ci	B*15:01	ci
Dataset2	ATCTGCCGTAACGACG-1	TRB:CSVEGDRGRSETQYF;TRA:CALETDSWGKLQF	A02	Activated_CD4_CTL	control	CSVEGDRGRSETQYF	CALETDSWGKLQF	74	799	0.09261576971214018	CSVEGDRGRSETQYF+TCRBV29-01+TCRBJ02-05	TCRBV29-01	TCRBJ02-05	DRB1*15:01	cii	feature41633_DRB1_15_01	DRB1	True	DRB1*15:01	cii	8.389768e-11	-10.07625004843386	h-DRB1_15_01-992	4.0	14.0	0.9821428571428572	0.5981813015061097	DRB1	True	both	True	shared	cii	DRB1*15:01	cii
Dataset2	CAAGTTGAGGGATCTG-1	TRB:CASSSASGGNEQFF;TRA:CAASYFGNEKLTF	A02	Quiescent_CD8	control	CASSSASGGNEQFF	CAASYFGNEKLTF	10	799	0.012515644555694618	CASSSASGGNEQFF+TCRBV07-09+TCRBJ02-01	TCRBV07-09	TCRBJ02-01	B*15:01	ci	feature9526_B_15_01	B	True	B*15:01	ci	7.5402223e-10	-9.122615850119594	h-B_15_01-190	10.0	8.0	0.8875	0.5583972719522592	B	True	both	True	shared	ci	B*15:01	ci
Dataset2	CACAGGCTCCACGACG-1	TRB:CSVEGDRGRSETQYF;TRA:CALETDSWGKLQF	A02	Quiescent_CD4_CTL	control	CSVEGDRGRSETQYF	CALETDSWGKLQF	74	799	0.09261576971214018	CSVEGDRGRSETQYF+TCRBV29-01+TCRBJ02-05	TCRBV29-01	TCRBJ02-05	DRB1*15:01	cii	feature41633_DRB1_15_01	DRB1	True	DRB1*15:01	cii	8.389768e-11	-10.07625004843386	h-DRB1_15_01-992	4.0	14.0	0.9821428571428572	0.5981813015061097	DRB1	True	both	True	shared	cii	DRB1*15:01	cii
Dataset2	CACATAGCAGACGCAA-1	TRB:CASSSPTGGNEQFF;TRA:CAASYFGNEKLTF	C04	Quiescent_CD8	supercentenarian	CASSSPTGGNEQFF	CAASYFGNEKLTF	83	1382	0.060057887120115776	CASSSPTGGNEQFF+TCRBV07-09+TCRBJ02-01	TCRBV07-09	TCRBJ02-01	B*15:01	ci	feature9526_B_15_01	B	True	B*15:01	ci	4.8668347e-10	-9.312753404135984	h-B_15_01-190	10.0	8.0	0.8875	0.5583972719522592	B	True	both	True	shared	ci	B*15:01	ci
Dataset2	CACATTTAGGAATTAC-1	TRB:CASTGGYSNQPQHF;TRA:CAAASMANNLFF	A02	Quiescent_CD4_Helper	control	CASTGGYSNQPQHF	CAAASMANNLFF	1	799	0.0012515644555694619	CASTGGYSNQPQHF+TCRBV12-X+TCRBJ01-05	TCRBV12-X	TCRBJ01-05					False	DRB1*07:01	cii	8.064425e-09	-8.093426592717607	h-DRB1_07_01-718	11.0	19.0	0.9617224880382776	0.5242966751918158	DRB1	True	right_only	False	2026 only	cii	DRB1*07:01	cii
Dataset2	CACCACTCATCGGTTA-1	TRB:CASSALGGAGTGELFF;TRA:CAASMYGQKLLF	B04	Quiescent_CD4_Naive	centenarian	CASSALGGAGTGELFF	CAASMYGQKLLF	1	1171	0.0008539709649871904	CASSALGGAGTGELFF+TCRBV09-01+TCRBJ02-02	TCRBV09-01	TCRBJ02-02	A*02:01	ci	feature689_A_02_01	A	True	A*02:01	ci	1.7571569e-10	-9.755189457763722	h-A_02_01-15	23.0	32.0	0.9429347826086956	0.7256322818982666	A	True	both	True	shared	ci	A*02:01	ci
Dataset2	CAGCTGGGTGTTAAGA-1	TRB:CASSSPTGGNEQFF;TRA:CAASYFGNEKLTF	C04	Activated_CD8	supercentenarian	CASSSPTGGNEQFF	CAASYFGNEKLTF	83	1382	0.060057887120115776	CASSSPTGGNEQFF+TCRBV07-09+TCRBJ02-01	TCRBV07-09	TCRBJ02-01	B*15:01	ci	feature9526_B_15_01	B	True	B*15:01	ci	4.8668347e-10	-9.312753404135984	h-B_15_01-190	10.0	8.0	0.8875	0.5583972719522592	B	True	both	True	shared	ci	B*15:01	ci
Dataset2	CATCAGATCTCGTTTA-1	TRB:CASSLTRGETQYF;TRA:CAVNTGFQKLVF	B04	Quiescent_CD4_Helper	centenarian	CASSLTRGETQYF	CAVNTGFQKLVF	1	1171	0.0008539709649871904	CASSLTRGETQYF+TCRBV09-01+TCRBJ02-05	TCRBV09-01	TCRBJ02-05					False	DRB1*01:03	cii	3.7155836e-09	-8.429972962696462	h-DRB1_01_03-344	3.0	1.0		0.5453253765274226	DRB1	True	right_only	False	2026 only	cii	DRB1*01:03	cii
Dataset2	CATGCCTTCACAAACC-1	TRB:CASSSPTGGNEQFF;TRA:CAASYFGNEKLTF	C04	Quiescent_CD8	supercentenarian	CASSSPTGGNEQFF	CAASYFGNEKLTF	83	1382	0.060057887120115776	CASSSPTGGNEQFF+TCRBV07-09+TCRBJ02-01	TCRBV07-09	TCRBJ02-01	B*15:01	ci	feature9526_B_15_01	B	True	B*15:01	ci	4.8668347e-10	-9.312753404135984	h-B_15_01-190	10.0	8.0	0.8875	0.5583972719522592	B	True	both	True	shared	ci	B*15:01	ci
Dataset2	CCGGTAGCAGACGCTC-1	TRB:CASSFNRGINEKLFF;TRA:CAVQISGGGADGLTF	B04	Quiescent_CD4_Helper	centenarian	CASSFNRGINEKLFF	CAVQISGGGADGLTF	1	1171	0.0008539709649871904	CASSFNRGINEKLFF+TCRBV05-04+TCRBJ01-04	TCRBV05-04	TCRBJ01-04	DRB4*01:03	cii	feature43038_DRB4_01_03	DRB4	True	DRB4*01:01P	cii	3.7836657e-11	-10.422087242000396	h-DRB4_01_01P-47	3.0	4.0	1.0	0.7092924126172209	DRB4	True	both	True	shared	cii	DRB4*01:03	cii
Dataset2	CCGTACTAGGTGATAT-1	TRB:CASSLQAGANEQFF;TRA:CALRLTQGGSEKLVF	A02	Quiescent_CD4_Helper	control	CASSLQAGANEQFF	CALRLTQGGSEKLVF	1	799	0.0012515644555694619	CASSLQAGANEQFF+TCRBV07-02+TCRBJ02-01	TCRBV07-02	TCRBJ02-01	DRB1*15:01	cii	feature41633_DRB1_15_01	DRB1	True	DRB1*15:01	cii	1.1116297e-10	-9.954039858463753	h-DRB1_15_01-992	4.0	14.0	0.9821428571428572	0.5981813015061097	DRB1	True	both	True	shared	cii	DRB1*15:01	cii
Dataset2	CCTAGCTGTGCCTGGT-1	TRB:CASSSASGGNEQFF;TRA:CAASYFGNEKLTF	A02	Activated_CD8	control	CASSSASGGNEQFF	CAASYFGNEKLTF	10	799	0.012515644555694618	CASSSASGGNEQFF+TCRBV07-09+TCRBJ02-01	TCRBV07-09	TCRBJ02-01	B*15:01	ci	feature9526_B_15_01	B	True	B*15:01	ci	7.5402223e-10	-9.122615850119594	h-B_15_01-190	10.0	8.0	0.8875	0.5583972719522592	B	True	both	True	shared	ci	B*15:01	ci
Dataset2	CGACCTTGTGGTCCGT-1	TRB:CASSSPTGGNEQFF;TRA:CAASYFGNEKLTF	C04	Activated_CD8	supercentenarian	CASSSPTGGNEQFF	CAASYFGNEKLTF	83	1382	0.060057887120115776	CASSSPTGGNEQFF+TCRBV07-09+TCRBJ02-01	TCRBV07-09	TCRBJ02-01	B*15:01	ci	feature9526_B_15_01	B	True	B*15:01	ci	4.8668347e-10	-9.312753404135984	h-B_15_01-190	10.0	8.0	0.8875	0.5583972719522592	B	True	both	True	shared	ci	B*15:01	ci
Dataset2	CGATGGCAGGCCATAG-1	TRB:CASGRTEQYF;TRA:CAMRGLRDDKIIF;TRA:CATPYGQNFVF	C03	Quiescent_CD8	supercentenarian	CASGRTEQYF	CATPYGQNFVF	1	1606	0.0006226650062266501	CASGRTEQYF+TCRBV06-05+TCRBJ02-07	TCRBV06-05	TCRBJ02-07	DQA1*02:01+DQB1*02:02	cii	feature31978_DQA1_02_01+DQB1_02_02	DQA1	True	DRB1*07:01	cii	2.5322706e-09	-8.596489887198345	h-DRB1_07_01-718	11.0	19.0	0.9617224880382776	0.5242966751918158	DRB1	True	both	True	shared	cii	DQA1*02:01+DQB1*02:02	cii
Dataset2	CGATGGCTCTGGTGTA-1	TRB:CASSESGPNQPQHF;TRA:CVVIGWTSGGSYIPTF	B01	Quiescent_CD4_CTL	centenarian	CASSESGPNQPQHF	CVVIGWTSGGSYIPTF	17	416	0.040865384615384616	CASSESGPNQPQHF+TCRBV10-02+TCRBJ01-05	TCRBV10-02	TCRBJ01-05	DRB5*02:02	cii	feature43549_DRB5_02_02	DRB5	True											False	left_only	False	2024 only	cii	DRB5*02:02	cii
Dataset2	CGCCAAGTCAACGCTA-1	TRB:CASSSPTGGNEQFF;TRA:CAASYFGNEKLTF	C04	Quiescent_CD8	supercentenarian	CASSSPTGGNEQFF	CAASYFGNEKLTF	83	1382	0.060057887120115776	CASSSPTGGNEQFF+TCRBV07-09+TCRBJ02-01	TCRBV07-09	TCRBJ02-01	B*15:01	ci	feature9526_B_15_01	B	True	B*15:01	ci	4.8668347e-10	-9.312753404135984	h-B_15_01-190	10.0	8.0	0.8875	0.5583972719522592	B	True	both	True	shared	ci	B*15:01	ci
Dataset2	CGGAGTCAGAATGTTG-1	TRB:CASSSGQVYGYTF;TRA:CAVGGGSNYKLTF	C04	Quiescent_CD4_CTL	supercentenarian	CASSSGQVYGYTF	CAVGGGSNYKLTF	18	1382	0.013024602026049204	CASSSGQVYGYTF+TCRBV05-06+TCRBJ01-02	TCRBV05-06	TCRBJ01-02	A*01:01	ci	feature339_A_01_01	A	True	A*01:01	ci	3.5673313e-09	-8.44765655562367	h-A_01_01-169	5.0	12.0	0.625	0.536231884057971	A	True	both	True	shared	ci	A*01:01	ci
Dataset2	CGGCTAGCACTTAACG-1	TRB:CASSSPTGGNEQFF;TRA:CAASYFGNEKLTF	C04	Quiescent_CD8	supercentenarian	CASSSPTGGNEQFF	CAASYFGNEKLTF	83	1382	0.060057887120115776	CASSSPTGGNEQFF+TCRBV07-09+TCRBJ02-01	TCRBV07-09	TCRBJ02-01	B*15:01	ci	feature9526_B_15_01	B	True	B*15:01	ci	4.8668347e-10	-9.312753404135984	h-B_15_01-190	10.0	8.0	0.8875	0.5583972719522592	B	True	both	True	shared	ci	B*15:01	ci
Dataset2	CGTAGCGGTGGTGTAG-1	TRB:CASSSPTGGNEQFF;TRA:CAASYFGNEKLTF	C04	Activated_CD8	supercentenarian	CASSSPTGGNEQFF	CAASYFGNEKLTF	83	1382	0.060057887120115776	CASSSPTGGNEQFF+TCRBV07-09+TCRBJ02-01	TCRBV07-09	TCRBJ02-01	B*15:01	ci	feature9526_B_15_01	B	True	B*15:01	ci	4.8668347e-10	-9.312753404135984	h-B_15_01-190	10.0	8.0	0.8875	0.5583972719522592	B	True	both	True	shared	ci	B*15:01	ci
Dataset2	CGTCACTTCAAACGGG-1	TRB:CSVEGDRGRSETQYF;TRA:CALETDSWGKLQF	A02	Quiescent_CD4_CTL	control	CSVEGDRGRSETQYF	CALETDSWGKLQF	74	799	0.09261576971214018	CSVEGDRGRSETQYF+TCRBV29-01+TCRBJ02-05	TCRBV29-01	TCRBJ02-05	DRB1*15:01	cii	feature41633_DRB1_15_01	DRB1	True	DRB1*15:01	cii	8.389768e-11	-10.07625004843386	h-DRB1_15_01-992	4.0	14.0	0.9821428571428572	0.5981813015061097	DRB1	True	both	True	shared	cii	DRB1*15:01	cii
Dataset2	CGTGTAAGTGCGAAAC-1	TRB:CASSSPTGGNEQFF;TRA:CAASYFGNEKLTF	C04	Activated_CD8	supercentenarian	CASSSPTGGNEQFF	CAASYFGNEKLTF	83	1382	0.060057887120115776	CASSSPTGGNEQFF+TCRBV07-09+TCRBJ02-01	TCRBV07-09	TCRBJ02-01	B*15:01	ci	feature9526_B_15_01	B	True	B*15:01	ci	4.8668347e-10	-9.312753404135984	h-B_15_01-190	10.0	8.0	0.8875	0.5583972719522592	B	True	both	True	shared	ci	B*15:01	ci
Dataset2	CGTGTCTTCCGAAGAG-1	TRB:CSVEGDRGRSETQYF;TRA:CALETDSWGKLQF	A02	Activated_CD4_CTL	control	CSVEGDRGRSETQYF	CALETDSWGKLQF	74	799	0.09261576971214018	CSVEGDRGRSETQYF+TCRBV29-01+TCRBJ02-05	TCRBV29-01	TCRBJ02-05	DRB1*15:01	cii	feature41633_DRB1_15_01	DRB1	True	DRB1*15:01	cii	8.389768e-11	-10.07625004843386	h-DRB1_15_01-992	4.0	14.0	0.9821428571428572	0.5981813015061097	DRB1	True	both	True	shared	cii	DRB1*15:01	cii
Dataset2	CGTTGGGCACTTACGA-1	TRB:CASSSPTGGNEQFF;TRA:CAASYFGNEKLTF	C04	Quiescent_CD8	supercentenarian	CASSSPTGGNEQFF	CAASYFGNEKLTF	83	1382	0.060057887120115776	CASSSPTGGNEQFF+TCRBV07-09+TCRBJ02-01	TCRBV07-09	TCRBJ02-01	B*15:01	ci	feature9526_B_15_01	B	True	B*15:01	ci	4.8668347e-10	-9.312753404135984	h-B_15_01-190	10.0	8.0	0.8875	0.5583972719522592	B	True	both	True	shared	ci	B*15:01	ci
Dataset2	CTAAGACCAGGGATTG-1	TRB:CSVEGDRGRSETQYF;TRA:CALETDSWGKLQF	A02	Quiescent_CD4_CTL	control	CSVEGDRGRSETQYF	CALETDSWGKLQF	74	799	0.09261576971214018	CSVEGDRGRSETQYF+TCRBV29-01+TCRBJ02-05	TCRBV29-01	TCRBJ02-05	DRB1*15:01	cii	feature41633_DRB1_15_01	DRB1	True	DRB1*15:01	cii	8.389768e-11	-10.07625004843386	h-DRB1_15_01-992	4.0	14.0	0.9821428571428572	0.5981813015061097	DRB1	True	both	True	shared	cii	DRB1*15:01	cii
Dataset2	CTACATTAGCTAAGAT-1	TRB:CASSFAGGSDTQYF;TRA:CAGGGVNRGSTLGRLYF	C03	Activated_CD8	supercentenarian	CASSFAGGSDTQYF	CAGGGVNRGSTLGRLYF	37	1606	0.02303860523038605	CASSFAGGSDTQYF+TCRBV27-01+TCRBJ02-03	TCRBV27-01	TCRBJ02-03					False	DRB1*04:05	cii	1.6474279e-09	-8.783193583299862	h-DRB1_04_05-234	1.0	0.0		0.5487354362034669	DRB1	True	right_only	False	2026 only	cii	DRB1*04:05	cii
Dataset2	CTACCCATCTACCTGC-1	TRB:CASSSPTGGNEQFF;TRA:CAASYFGNEKLTF	C04	Quiescent_CD8	supercentenarian	CASSSPTGGNEQFF	CAASYFGNEKLTF	83	1382	0.060057887120115776	CASSSPTGGNEQFF+TCRBV07-09+TCRBJ02-01	TCRBV07-09	TCRBJ02-01	B*15:01	ci	feature9526_B_15_01	B	True	B*15:01	ci	4.8668347e-10	-9.312753404135984	h-B_15_01-190	10.0	8.0	0.8875	0.5583972719522592	B	True	both	True	shared	ci	B*15:01	ci
Dataset2	CTACGTCTCCGAGCCA-1	TRB:CASSSPTGGNEQFF;TRA:CAASYFGNEKLTF	C04	Quiescent_CD8	supercentenarian	CASSSPTGGNEQFF	CAASYFGNEKLTF	83	1382	0.060057887120115776	CASSSPTGGNEQFF+TCRBV07-09+TCRBJ02-01	TCRBV07-09	TCRBJ02-01	B*15:01	ci	feature9526_B_15_01	B	True	B*15:01	ci	4.8668347e-10	-9.312753404135984	h-B_15_01-190	10.0	8.0	0.8875	0.5583972719522592	B	True	both	True	shared	ci	B*15:01	ci
Dataset2	CTAGTGACAGACTCGC-1	TRB:CSVEGDRGRSETQYF;TRA:CALETDSWGKLQF	A02	Quiescent_CD4_CTL	control	CSVEGDRGRSETQYF	CALETDSWGKLQF	74	799	0.09261576971214018	CSVEGDRGRSETQYF+TCRBV29-01+TCRBJ02-05	TCRBV29-01	TCRBJ02-05	DRB1*15:01	cii	feature41633_DRB1_15_01	DRB1	True	DRB1*15:01	cii	8.389768e-11	-10.07625004843386	h-DRB1_15_01-992	4.0	14.0	0.9821428571428572	0.5981813015061097	DRB1	True	both	True	shared	cii	DRB1*15:01	cii
Dataset2	CTCGAAAAGGCTACGA-1	TRB:CASSSPTGGNEQFF;TRA:CAASYFGNEKLTF	C04	Quiescent_CD8	supercentenarian	CASSSPTGGNEQFF	CAASYFGNEKLTF	83	1382	0.060057887120115776	CASSSPTGGNEQFF+TCRBV07-09+TCRBJ02-01	TCRBV07-09	TCRBJ02-01	B*15:01	ci	feature9526_B_15_01	B	True	B*15:01	ci	4.8668347e-10	-9.312753404135984	h-B_15_01-190	10.0	8.0	0.8875	0.5583972719522592	B	True	both	True	shared	ci	B*15:01	ci
Dataset2	CTCGAAACAAGCCCAC-1	TRB:CASSLGPWQPQHF;TRA:CAMREGSNFGNEKLTF	C04	Activated_CD4_CTL	supercentenarian	CASSLGPWQPQHF	CAMREGSNFGNEKLTF	1	1382	0.000723589001447178	CASSLGPWQPQHF+TCRBV07-02+TCRBJ01-05	TCRBV07-02	TCRBJ01-05	DRB1*09:01	cii	feature38923_DRB1_09_01	DRB1	True											False	left_only	False	2024 only	cii	DRB1*09:01	cii
Dataset2	CTGATCCTCACCGTAA-1	TRB:CSVEGDRGRSETQYF;TRA:CALETDSWGKLQF	A02	Quiescent_CD4_CTL	control	CSVEGDRGRSETQYF	CALETDSWGKLQF	74	799	0.09261576971214018	CSVEGDRGRSETQYF+TCRBV29-01+TCRBJ02-05	TCRBV29-01	TCRBJ02-05	DRB1*15:01	cii	feature41633_DRB1_15_01	DRB1	True	DRB1*15:01	cii	8.389768e-11	-10.07625004843386	h-DRB1_15_01-992	4.0	14.0	0.9821428571428572	0.5981813015061097	DRB1	True	both	True	shared	cii	DRB1*15:01	cii
Dataset2	CTGCTGTCACCGAATT-1	TRB:CSVEGDRGRSETQYF;TRA:CALETDSWGKLQF	A02	Quiescent_CD4_CTL	control	CSVEGDRGRSETQYF	CALETDSWGKLQF	74	799	0.09261576971214018	CSVEGDRGRSETQYF+TCRBV29-01+TCRBJ02-05	TCRBV29-01	TCRBJ02-05	DRB1*15:01	cii	feature41633_DRB1_15_01	DRB1	True	DRB1*15:01	cii	8.389768e-11	-10.07625004843386	h-DRB1_15_01-992	4.0	14.0	0.9821428571428572	0.5981813015061097	DRB1	True	both	True	shared	cii	DRB1*15:01	cii
Dataset2	CTGGTCTAGTAGATGT-1	TRB:CASSESGPNQPQHF;TRA:CVVIGWTSGGSYIPTF	B01	Activated_CD4_CTL	centenarian	CASSESGPNQPQHF	CVVIGWTSGGSYIPTF	17	416	0.040865384615384616	CASSESGPNQPQHF+TCRBV10-02+TCRBJ01-05	TCRBV10-02	TCRBJ01-05	DRB5*02:02	cii	feature43549_DRB5_02_02	DRB5	True											False	left_only	False	2024 only	cii	DRB5*02:02	cii
Dataset2	CTTACCGAGATATGCA-1	TRB:CASSSPTGGNEQFF;TRA:CAASYFGNEKLTF	C04	Quiescent_CD8	supercentenarian	CASSSPTGGNEQFF	CAASYFGNEKLTF	83	1382	0.060057887120115776	CASSSPTGGNEQFF+TCRBV07-09+TCRBJ02-01	TCRBV07-09	TCRBJ02-01	B*15:01	ci	feature9526_B_15_01	B	True	B*15:01	ci	4.8668347e-10	-9.312753404135984	h-B_15_01-190	10.0	8.0	0.8875	0.5583972719522592	B	True	both	True	shared	ci	B*15:01	ci
Dataset2	CTTCTCTAGGAGCGAG-1	TRB:CSVEGDRGRSETQYF;TRA:CALETDSWGKLQF	A02	Quiescent_CD4_CTL	control	CSVEGDRGRSETQYF	CALETDSWGKLQF	74	799	0.09261576971214018	CSVEGDRGRSETQYF+TCRBV29-01+TCRBJ02-05	TCRBV29-01	TCRBJ02-05	DRB1*15:01	cii	feature41633_DRB1_15_01	DRB1	True	DRB1*15:01	cii	8.389768e-11	-10.07625004843386	h-DRB1_15_01-992	4.0	14.0	0.9821428571428572	0.5981813015061097	DRB1	True	both	True	shared	cii	DRB1*15:01	cii
Dataset2	GAAACTCGTCCATCCT-1	TRB:CASSQTRGSGYEQYF;TRA:CAFSYDKVIF	C04	Quiescent_CD4_CTL	supercentenarian	CASSQTRGSGYEQYF	CAFSYDKVIF	3	1382	0.002170767004341534	CASSQTRGSGYEQYF+TCRBV05-04+TCRBJ02-07	TCRBV05-04	TCRBJ02-07					False	DQA1*05:01+DQB1*02:01	cii	8.146424e-12	-11.089032989773196	h-DQA1_05_01_DQB1_02_01-630	12.0	12.0	0.9583333333333331	0.6351236146632567	DQA1	True	right_only	False	2026 only	cii	DQA1*05:01+DQB1*02:01	cii
Dataset2	GAACGGAAGTTTCCTT-1	TRB:CASSLVAGGRETQYF;TRA:CAVSSTGFQKLVF	C03	Quiescent_CD4_Helper	supercentenarian	CASSLVAGGRETQYF	CAVSSTGFQKLVF	1	1606	0.0006226650062266501	CASSLVAGGRETQYF+TCRBV05-06+TCRBJ02-05	TCRBV05-06	TCRBJ02-05	DQA1*05:01+DQB1*02:01	cii	feature33069_DQA1_05_01+DQB1_02_01	DQA1	True	DRB1*03:01	cii	9.478409e-10	-9.023264555120614	h-DRB1_03_01-20	13.0	12.0	0.9615384615384616	0.6383915885194658	DRB1	True	both	True	shared	cii	DQA1*05:01+DQB1*02:01	cii
Dataset2	GAAGCAGGTCAACATC-1	TRB:CASSFAGGSDTQYF;TRA:CAGGGVNRGSTLGRLYF	C03	Quiescent_CD8	supercentenarian	CASSFAGGSDTQYF	CAGGGVNRGSTLGRLYF	37	1606	0.02303860523038605	CASSFAGGSDTQYF+TCRBV27-01+TCRBJ02-03	TCRBV27-01	TCRBJ02-03					False	DRB1*04:05	cii	1.6474279e-09	-8.783193583299862	h-DRB1_04_05-234	1.0	0.0		0.5487354362034669	DRB1	True	right_only	False	2026 only	cii	DRB1*04:05	cii
Dataset2	GACGTTAGTTATGCGT-1	TRB:CATSRVAGETQYF;TRA:CATEGNFGNEKLTF	A06	Activated_CD8	control	CATSRVAGETQYF	CATEGNFGNEKLTF	9	1026	0.008771929824561403	CATSRVAGETQYF+TCRBV15-01+TCRBJ02-05	TCRBV15-01	TCRBJ02-05					False	C*07:02	ci	9.503298e-09	-8.022125652117346	h-C_07_02-298	6.0	7.0	0.5238095238095237	0.5475987496447854	C	True	right_only	False	2026 only	ci	C*07:02	ci
Dataset2	GACTAACTCCATTCTA-1	TRB:CASSSGQVYGYTF;TRA:CAVGGGSNYKLTF	C04	Quiescent_CD4_CTL	supercentenarian	CASSSGQVYGYTF	CAVGGGSNYKLTF	18	1382	0.013024602026049204	CASSSGQVYGYTF+TCRBV05-06+TCRBJ01-02	TCRBV05-06	TCRBJ01-02	A*01:01	ci	feature339_A_01_01	A	True	A*01:01	ci	3.5673313e-09	-8.44765655562367	h-A_01_01-169	5.0	12.0	0.625	0.536231884057971	A	True	both	True	shared	ci	A*01:01	ci
Dataset2	GAGTCCGTCTCTTATG-1	TRB:CATSRVAGETQYF;TRA:CATEGNFGNEKLTF	A06	Activated_CD8	control	CATSRVAGETQYF	CATEGNFGNEKLTF	9	1026	0.008771929824561403	CATSRVAGETQYF+TCRBV15-01+TCRBJ02-05	TCRBV15-01	TCRBJ02-05					False	C*07:02	ci	9.503298e-09	-8.022125652117346	h-C_07_02-298	6.0	7.0	0.5238095238095237	0.5475987496447854	C	True	right_only	False	2026 only	ci	C*07:02	ci
Dataset2	GATCAGTAGCACCGCT-1	TRB:CASSSPTGGNEQFF;TRA:CAASYFGNEKLTF	C04	Activated_CD8	supercentenarian	CASSSPTGGNEQFF	CAASYFGNEKLTF	83	1382	0.060057887120115776	CASSSPTGGNEQFF+TCRBV07-09+TCRBJ02-01	TCRBV07-09	TCRBJ02-01	B*15:01	ci	feature9526_B_15_01	B	True	B*15:01	ci	4.8668347e-10	-9.312753404135984	h-B_15_01-190	10.0	8.0	0.8875	0.5583972719522592	B	True	both	True	shared	ci	B*15:01	ci
Dataset2	GATCGATTCAGTTTGG-1	TRB:CASSVALRSTDTQYF;TRA:CAASSGGGADGLTF	B04	Quiescent_CD4_Helper	centenarian	CASSVALRSTDTQYF	CAASSGGGADGLTF	1	1171	0.0008539709649871904	CASSVALRSTDTQYF+TCRBV09-01+TCRBJ02-03	TCRBV09-01	TCRBJ02-03	DRB1*01:01	cii	feature33517_DRB1_01_01	DRB1	True	DRB1*01:01	cii	4.2458654e-09	-8.372033777707426	h-DRB1_01_01-298	6.0	4.0	1.0	0.4997158283603296	DRB1	True	both	True	shared	cii	DRB1*01:01	cii
Dataset2	GATCTAGGTTAGATGA-1	TRB:CASSLWTGGGNEQFF;TRA:CAVQETSGSRLTF	C04	Quiescent_CD8	supercentenarian	CASSLWTGGGNEQFF	CAVQETSGSRLTF	9	1382	0.006512301013024602	CASSLWTGGGNEQFF+TCRBV27-01+TCRBJ02-01	TCRBV27-01	TCRBJ02-01	A*11:01	ci	feature2347_A_11_01	A	True	A*11:01	ci	1.1517185e-09	-8.938653657055104	h-A_11_01-135	13.0	9.0	0.8632478632478631	0.5717533390167662	A	True	both	True	shared	ci	A*11:01	ci
Dataset2	GATTCAGTCACATACG-1	TRB:CASSSRRAYEQYF;TRA:CAPNNAGNMLTF	C04	Quiescent_CD4_Helper	supercentenarian	CASSSRRAYEQYF	CAPNNAGNMLTF	1	1382	0.000723589001447178	CASSSRRAYEQYF+TCRBV28-01+TCRBJ02-07	TCRBV28-01	TCRBJ02-07					False	DRB1*01:01	cii	1.36377105e-08	-7.865258532954809	h-DRB1_01_01-298	6.0	4.0	1.0	0.4997158283603296	DRB1	True	right_only	False	2026 only	cii	DRB1*01:01	cii
Dataset2	GCAATCATCTCGCTTG-1	TRB:CSVEGDRGRSETQYF;TRA:CALETDSWGKLQF	A02	Quiescent_CD4_CTL	control	CSVEGDRGRSETQYF	CALETDSWGKLQF	74	799	0.09261576971214018	CSVEGDRGRSETQYF+TCRBV29-01+TCRBJ02-05	TCRBV29-01	TCRBJ02-05	DRB1*15:01	cii	feature41633_DRB1_15_01	DRB1	True	DRB1*15:01	cii	8.389768e-11	-10.07625004843386	h-DRB1_15_01-992	4.0	14.0	0.9821428571428572	0.5981813015061097	DRB1	True	both	True	shared	cii	DRB1*15:01	cii
Dataset2	GCAGTTACAGGCTCAC-1	TRB:CASSFAGGSDTQYF	C03	Activated_CD8	supercentenarian	CASSFAGGSDTQYF		4	1606	0.0024906600249066002	CASSFAGGSDTQYF+TCRBV27-01+TCRBJ02-03	TCRBV27-01	TCRBJ02-03					False	DRB1*04:05	cii	1.6474279e-09	-8.783193583299862	h-DRB1_04_05-234	1.0	0.0		0.5487354362034669	DRB1	True	right_only	False	2026 only	cii	DRB1*04:05	cii
Dataset2	GCAGTTAGTGACTCAT-1	TRB:CASSESGPNQPQHF;TRA:CVVIGWTSGGSYIPTF	B01	Activated_CD4_CTL	centenarian	CASSESGPNQPQHF	CVVIGWTSGGSYIPTF	17	416	0.040865384615384616	CASSESGPNQPQHF+TCRBV10-02+TCRBJ01-05	TCRBV10-02	TCRBJ01-05	DRB5*02:02	cii	feature43549_DRB5_02_02	DRB5	True											False	left_only	False	2024 only	cii	DRB5*02:02	cii
Dataset2	GCATGATTCCCTTGTG-1	TRB:CASSSPTGGNEQFF;TRA:CAASYFGNEKLTF	C04	Quiescent_CD8	supercentenarian	CASSSPTGGNEQFF	CAASYFGNEKLTF	83	1382	0.060057887120115776	CASSSPTGGNEQFF+TCRBV07-09+TCRBJ02-01	TCRBV07-09	TCRBJ02-01	B*15:01	ci	feature9526_B_15_01	B	True	B*15:01	ci	4.8668347e-10	-9.312753404135984	h-B_15_01-190	10.0	8.0	0.8875	0.5583972719522592	B	True	both	True	shared	ci	B*15:01	ci
Dataset2	GCATGCGAGCCACGCT-1	TRB:CASSSASGGNEQFF	A02	Activated_CD8	control	CASSSASGGNEQFF		2	799	0.0025031289111389237	CASSSASGGNEQFF+TCRBV07-09+TCRBJ02-01	TCRBV07-09	TCRBJ02-01	B*15:01	ci	feature9526_B_15_01	B	True	B*15:01	ci	7.5402223e-10	-9.122615850119594	h-B_15_01-190	10.0	8.0	0.8875	0.5583972719522592	B	True	both	True	shared	ci	B*15:01	ci
Dataset2	GCATGCGAGGAATCGC-1	TRB:CASSFAGGSDTQYF;TRA:CAGGGVNRGSTLGRLYF	C03	Quiescent_CD8	supercentenarian	CASSFAGGSDTQYF	CAGGGVNRGSTLGRLYF	37	1606	0.02303860523038605	CASSFAGGSDTQYF+TCRBV27-01+TCRBJ02-03	TCRBV27-01	TCRBJ02-03					False	DRB1*04:05	cii	1.6474279e-09	-8.783193583299862	h-DRB1_04_05-234	1.0	0.0		0.5487354362034669	DRB1	True	right_only	False	2026 only	cii	DRB1*04:05	cii
Dataset2	GCGACCAGTAAATGAC-1	TRB:CASSSPTGGNEQFF;TRA:CAASYFGNEKLTF	C04	Quiescent_CD8	supercentenarian	CASSSPTGGNEQFF	CAASYFGNEKLTF	83	1382	0.060057887120115776	CASSSPTGGNEQFF+TCRBV07-09+TCRBJ02-01	TCRBV07-09	TCRBJ02-01	B*15:01	ci	feature9526_B_15_01	B	True	B*15:01	ci	4.8668347e-10	-9.312753404135984	h-B_15_01-190	10.0	8.0	0.8875	0.5583972719522592	B	True	both	True	shared	ci	B*15:01	ci
Dataset2	GCGCAGTGTTACGTCA-1	TRB:CASSSASGGNEQFF;TRA:CAASYFGNEKLTF	A02	Quiescent_CD8	control	CASSSASGGNEQFF	CAASYFGNEKLTF	10	799	0.012515644555694618	CASSSASGGNEQFF+TCRBV07-09+TCRBJ02-01	TCRBV07-09	TCRBJ02-01	B*15:01	ci	feature9526_B_15_01	B	True	B*15:01	ci	7.5402223e-10	-9.122615850119594	h-B_15_01-190	10.0	8.0	0.8875	0.5583972719522592	B	True	both	True	shared	ci	B*15:01	ci
Dataset2	GCTGCAGGTTCAACCA-1	TRB:CASSSPTGGNEQFF;TRA:CAASYFGNEKLTF	C04	Quiescent_CD8	supercentenarian	CASSSPTGGNEQFF	CAASYFGNEKLTF	83	1382	0.060057887120115776	CASSSPTGGNEQFF+TCRBV07-09+TCRBJ02-01	TCRBV07-09	TCRBJ02-01	B*15:01	ci	feature9526_B_15_01	B	True	B*15:01	ci	4.8668347e-10	-9.312753404135984	h-B_15_01-190	10.0	8.0	0.8875	0.5583972719522592	B	True	both	True	shared	ci	B*15:01	ci
Dataset2	GCTGCGAAGAGCTATA-1	TRB:CASSPPVGTGELFF;TRA:CAASKSNTGKLIF	B04	Quiescent_CD4_Helper	centenarian	CASSPPVGTGELFF	CAASKSNTGKLIF	1	1171	0.0008539709649871904	CASSPPVGTGELFF+TCRBV05-06+TCRBJ02-02	TCRBV05-06	TCRBJ02-02	DPA1*01:03+DPB1*03:01	cii	feature23572_DPA1_01_03+DPB1_03_01	DPA1	True	DPA1*01:03+DPB1*03:01	cii	3.1535122e-10	-9.501205484511337	h-DPA1_01_03_DPB1_03_01-38	6.0	13.0	0.8653846153846154	0.5004262574595055	DPA1	True	both	True	shared	cii	DPA1*01:03+DPB1*03:01	cii
Dataset2	GGAACTTCATCGGAAG-1	TRB:CATSRVAGETQYF;TRA:CATEGNFGNEKLTF	A06	Activated_CD8	control	CATSRVAGETQYF	CATEGNFGNEKLTF	9	1026	0.008771929824561403	CATSRVAGETQYF+TCRBV15-01+TCRBJ02-05	TCRBV15-01	TCRBJ02-05					False	C*07:02	ci	9.503298e-09	-8.022125652117346	h-C_07_02-298	6.0	7.0	0.5238095238095237	0.5475987496447854	C	True	right_only	False	2026 only	ci	C*07:02	ci
Dataset2	GGATTACTCTCCGGTT-1	TRB:CASSSPTGGNEQFF;TRA:CAASYFGNEKLTF	C04	Activated_CD8	supercentenarian	CASSSPTGGNEQFF	CAASYFGNEKLTF	83	1382	0.060057887120115776	CASSSPTGGNEQFF+TCRBV07-09+TCRBJ02-01	TCRBV07-09	TCRBJ02-01	B*15:01	ci	feature9526_B_15_01	B	True	B*15:01	ci	4.8668347e-10	-9.312753404135984	h-B_15_01-190	10.0	8.0	0.8875	0.5583972719522592	B	True	both	True	shared	ci	B*15:01	ci
Dataset2	GGCTCGAGTTGTGGCC-1	TRB:CASSLESSYEQYF;TRA:CAPRRPGTASKLTF	C03	Activated_CD4_Naive	supercentenarian	CASSLESSYEQYF	CAPRRPGTASKLTF	1	1606	0.0006226650062266501	CASSLESSYEQYF+TCRBV19-01+TCRBJ02-07	TCRBV19-01	TCRBJ02-07					False	DRB1*13:01	cii	4.950544e-09	-8.305347075164018	h-DRB1_13_01-221	2.0	5.0		0.6243250923557829	DRB1	True	right_only	False	2026 only	cii	DRB1*13:01	cii
Dataset2	GGGAATGTCCGAACGC-1	TRB:CASSFQETQYF;TRA:CAMKNSSASKIIF;TRA:CAVRVTNAGKSTF	B01	Activated_CD4_CTL	centenarian	CASSFQETQYF	CAVRVTNAGKSTF	4	416	0.009615384615384616	CASSFQETQYF+TCRBV12-03/12-04+TCRBJ02-05	TCRBV12-03/12-04	TCRBJ02-05	DQA1*01:01+DQB1*05:01	cii	feature29890_DQA1_01_01+DQB1_05_01	DQA1	True											False	left_only	False	2024 only	cii	DQA1*01:01+DQB1*05:01	cii
Dataset2	GGGAGATGTATCGCAT-1	TRB:CASSSPTGGNEQFF;TRA:CAASYFGNEKLTF	C04	Quiescent_CD8	supercentenarian	CASSSPTGGNEQFF	CAASYFGNEKLTF	83	1382	0.060057887120115776	CASSSPTGGNEQFF+TCRBV07-09+TCRBJ02-01	TCRBV07-09	TCRBJ02-01	B*15:01	ci	feature9526_B_15_01	B	True	B*15:01	ci	4.8668347e-10	-9.312753404135984	h-B_15_01-190	10.0	8.0	0.8875	0.5583972719522592	B	True	both	True	shared	ci	B*15:01	ci
Dataset2	GGGATGACATGTAAGA-1	TRB:CASSYSGSDEQFF;TRA:CVVRASGYALNF	A02	Activated_CD8	control	CASSYSGSDEQFF	CVVRASGYALNF	1	799	0.0012515644555694619	CASSYSGSDEQFF+TCRBV06-05+TCRBJ02-01	TCRBV06-05	TCRBJ02-01	B*15:01	ci	feature9526_B_15_01	B	True											False	left_only	False	2024 only	ci	B*15:01	ci
Dataset2	GGGCATCCAATGAAAC-1	TRB:CASRDRGAKNIQYF	B04	Quiescent_CD4_Helper	centenarian	CASRDRGAKNIQYF		1	1171	0.0008539709649871904	CASRDRGAKNIQYF+TCRBV10-02+TCRBJ02-04	TCRBV10-02	TCRBJ02-04					False	DRB1*04:01	cii	1.2377087e-09	-8.907381556340733	h-DRB1_04_01-510	3.0	10.0	1.0	0.5666382495026998	DRB1	True	right_only	False	2026 only	cii	DRB1*04:01	cii
Dataset2	GGGCATCTCCTCTAGC-1	TRB:CASSQTRGSGYEQYF;TRA:CAFSYDKVIF	C04	Quiescent_CD4_Helper	supercentenarian	CASSQTRGSGYEQYF	CAFSYDKVIF	3	1382	0.002170767004341534	CASSQTRGSGYEQYF+TCRBV05-04+TCRBJ02-07	TCRBV05-04	TCRBJ02-07					False	DQA1*05:01+DQB1*02:01	cii	8.146424e-12	-11.089032989773196	h-DQA1_05_01_DQB1_02_01-630	12.0	12.0	0.9583333333333331	0.6351236146632567	DQA1	True	right_only	False	2026 only	cii	DQA1*05:01+DQB1*02:01	cii
Dataset2	GGGTCTGAGACCCACC-1	TRB:CASSSGQVYGYTF;TRA:CAVGGGSNYKLTF	C04	Quiescent_CD4_CTL	supercentenarian	CASSSGQVYGYTF	CAVGGGSNYKLTF	18	1382	0.013024602026049204	CASSSGQVYGYTF+TCRBV05-06+TCRBJ01-02	TCRBV05-06	TCRBJ01-02	A*01:01	ci	feature339_A_01_01	A	True	A*01:01	ci	3.5673313e-09	-8.44765655562367	h-A_01_01-169	5.0	12.0	0.625	0.536231884057971	A	True	both	True	shared	ci	A*01:01	ci
Dataset2	GGTGCGTAGTGGTAAT-1	TRB:CASSSASGGNEQFF;TRA:CAASYFGNEKLTF	A02	Quiescent_CD8	control	CASSSASGGNEQFF	CAASYFGNEKLTF	10	799	0.012515644555694618	CASSSASGGNEQFF+TCRBV07-09+TCRBJ02-01	TCRBV07-09	TCRBJ02-01	B*15:01	ci	feature9526_B_15_01	B	True	B*15:01	ci	7.5402223e-10	-9.122615850119594	h-B_15_01-190	10.0	8.0	0.8875	0.5583972719522592	B	True	both	True	shared	ci	B*15:01	ci
Dataset2	GTAACGTAGATGGCGT-1	TRB:CSVEGDRGRSETQYF;TRA:CALETDSWGKLQF	A02	Quiescent_CD4_CTL	control	CSVEGDRGRSETQYF	CALETDSWGKLQF	74	799	0.09261576971214018	CSVEGDRGRSETQYF+TCRBV29-01+TCRBJ02-05	TCRBV29-01	TCRBJ02-05	DRB1*15:01	cii	feature41633_DRB1_15_01	DRB1	True	DRB1*15:01	cii	8.389768e-11	-10.07625004843386	h-DRB1_15_01-992	4.0	14.0	0.9821428571428572	0.5981813015061097	DRB1	True	both	True	shared	cii	DRB1*15:01	cii
Dataset2	GTAACGTGTATAATGG-1	TRB:CASSSPTGGNEQFF;TRA:CAASYFGNEKLTF	C04	Quiescent_CD8	supercentenarian	CASSSPTGGNEQFF	CAASYFGNEKLTF	83	1382	0.060057887120115776	CASSSPTGGNEQFF+TCRBV07-09+TCRBJ02-01	TCRBV07-09	TCRBJ02-01	B*15:01	ci	feature9526_B_15_01	B	True	B*15:01	ci	4.8668347e-10	-9.312753404135984	h-B_15_01-190	10.0	8.0	0.8875	0.5583972719522592	B	True	both	True	shared	ci	B*15:01	ci
Dataset2	GTAACTGTCTGGTTCC-1	TRB:CASSSPTGGNEQFF;TRA:CAASYFGNEKLTF	C04	Quiescent_CD8	supercentenarian	CASSSPTGGNEQFF	CAASYFGNEKLTF	83	1382	0.060057887120115776	CASSSPTGGNEQFF+TCRBV07-09+TCRBJ02-01	TCRBV07-09	TCRBJ02-01	B*15:01	ci	feature9526_B_15_01	B	True	B*15:01	ci	4.8668347e-10	-9.312753404135984	h-B_15_01-190	10.0	8.0	0.8875	0.5583972719522592	B	True	both	True	shared	ci	B*15:01	ci
Dataset2	GTAGGCCGTGAGGGTT-1	TRB:CASSSSRSGNTIYF;TRA:CVVTENRDDKIIF	A06	Quiescent_CD4_Naive	control	CASSSSRSGNTIYF	CVVTENRDDKIIF	1	1026	0.0009746588693957114	CASSSSRSGNTIYF+TCRBV27-01+TCRBJ01-03	TCRBV27-01	TCRBJ01-03					False	DRB1*04:01	cii	3.4466918e-09	-8.462597549067683	h-DRB1_04_01-510	3.0	10.0	1.0	0.5666382495026998	DRB1	True	right_only	False	2026 only	cii	DRB1*04:01	cii
Dataset2	GTTACAGCAAACGCGA-1	TRB:CSVEGDRGRSETQYF;TRA:CALETDSWGKLQF	A02	Activated_CD8	control	CSVEGDRGRSETQYF	CALETDSWGKLQF	74	799	0.09261576971214018	CSVEGDRGRSETQYF+TCRBV29-01+TCRBJ02-05	TCRBV29-01	TCRBJ02-05	DRB1*15:01	cii	feature41633_DRB1_15_01	DRB1	True	DRB1*15:01	cii	8.389768e-11	-10.07625004843386	h-DRB1_15_01-992	4.0	14.0	0.9821428571428572	0.5981813015061097	DRB1	True	both	True	shared	cii	DRB1*15:01	cii
Dataset2	GTTCATTGTACTTCTT-1	TRB:CASSRGPYEQYF;TRA:CALGGSQGNLIF	A06	Quiescent_CD4_Naive	control	CASSRGPYEQYF	CALGGSQGNLIF	1	1026	0.0009746588693957114	CASSRGPYEQYF+TCRBV12-03/12-04+TCRBJ02-07	TCRBV12-03/12-04	TCRBJ02-07	DRB1*01:01	cii	feature33517_DRB1_01_01	DRB1	True	DRB1*01:01	cii	6.999435e-08	-7.154937015169386	h-DRB1_01_01-298	6.0	4.0	1.0	0.4997158283603296	DRB1	True	both	True	shared	cii	DRB1*01:01	cii
Dataset2	GTTCATTGTGTTAAGA-1	TRB:CASSSGQVYGYTF;TRA:CAVGGGSNYKLTF	C04	Quiescent_CD4_CTL	supercentenarian	CASSSGQVYGYTF	CAVGGGSNYKLTF	18	1382	0.013024602026049204	CASSSGQVYGYTF+TCRBV05-06+TCRBJ01-02	TCRBV05-06	TCRBJ01-02	A*01:01	ci	feature339_A_01_01	A	True	A*01:01	ci	3.5673313e-09	-8.44765655562367	h-A_01_01-169	5.0	12.0	0.625	0.536231884057971	A	True	both	True	shared	ci	A*01:01	ci
Dataset2	TAAGCGTAGTAACCCT-1	TRB:CASSLWTGGGNEQFF	C04	Quiescent_CD8	supercentenarian	CASSLWTGGGNEQFF		4	1382	0.002894356005788712	CASSLWTGGGNEQFF+TCRBV27-01+TCRBJ02-01	TCRBV27-01	TCRBJ02-01	A*11:01	ci	feature2347_A_11_01	A	True	A*11:01	ci	1.1517185e-09	-8.938653657055104	h-A_11_01-135	13.0	9.0	0.8632478632478631	0.5717533390167662	A	True	both	True	shared	ci	A*11:01	ci
Dataset2	TACCTTATCAATACCG-1	TRB:CASSFAGGSDTQYF;TRA:CAGGGVNRGSTLGRLYF	C03	Quiescent_CD8	supercentenarian	CASSFAGGSDTQYF	CAGGGVNRGSTLGRLYF	37	1606	0.02303860523038605	CASSFAGGSDTQYF+TCRBV27-01+TCRBJ02-03	TCRBV27-01	TCRBJ02-03					False	DRB1*04:05	cii	1.6474279e-09	-8.783193583299862	h-DRB1_04_05-234	1.0	0.0		0.5487354362034669	DRB1	True	right_only	False	2026 only	cii	DRB1*04:05	cii
Dataset2	TAGGCATGTGAGGCTA-1	TRB:CASSSPTGGNEQFF;TRA:CAASYFGNEKLTF	C04	Activated_CD8	supercentenarian	CASSSPTGGNEQFF	CAASYFGNEKLTF	83	1382	0.060057887120115776	CASSSPTGGNEQFF+TCRBV07-09+TCRBJ02-01	TCRBV07-09	TCRBJ02-01	B*15:01	ci	feature9526_B_15_01	B	True	B*15:01	ci	4.8668347e-10	-9.312753404135984	h-B_15_01-190	10.0	8.0	0.8875	0.5583972719522592	B	True	both	True	shared	ci	B*15:01	ci
Dataset2	TATCTCATCGAGAGCA-1	TRB:CSVEGDRGRSETQYF;TRA:CALETDSWGKLQF	A02	Activated_CD4_CTL	control	CSVEGDRGRSETQYF	CALETDSWGKLQF	74	799	0.09261576971214018	CSVEGDRGRSETQYF+TCRBV29-01+TCRBJ02-05	TCRBV29-01	TCRBJ02-05	DRB1*15:01	cii	feature41633_DRB1_15_01	DRB1	True	DRB1*15:01	cii	8.389768e-11	-10.07625004843386	h-DRB1_15_01-992	4.0	14.0	0.9821428571428572	0.5981813015061097	DRB1	True	both	True	shared	cii	DRB1*15:01	cii
Dataset2	TCAACGAAGATCCGAG-1	TRB:CSVEGDRGRSETQYF;TRA:CALETDSWGKLQF	A02	Quiescent_CD4_CTL	control	CSVEGDRGRSETQYF	CALETDSWGKLQF	74	799	0.09261576971214018	CSVEGDRGRSETQYF+TCRBV29-01+TCRBJ02-05	TCRBV29-01	TCRBJ02-05	DRB1*15:01	cii	feature41633_DRB1_15_01	DRB1	True	DRB1*15:01	cii	8.389768e-11	-10.07625004843386	h-DRB1_15_01-992	4.0	14.0	0.9821428571428572	0.5981813015061097	DRB1	True	both	True	shared	cii	DRB1*15:01	cii
Dataset2	TCATTTGGTGATGTGG-1	TRB:CSVEGDRGRSETQYF;TRA:CALETDSWGKLQF	A02	Quiescent_CD4_CTL	control	CSVEGDRGRSETQYF	CALETDSWGKLQF	74	799	0.09261576971214018	CSVEGDRGRSETQYF+TCRBV29-01+TCRBJ02-05	TCRBV29-01	TCRBJ02-05	DRB1*15:01	cii	feature41633_DRB1_15_01	DRB1	True	DRB1*15:01	cii	8.389768e-11	-10.07625004843386	h-DRB1_15_01-992	4.0	14.0	0.9821428571428572	0.5981813015061097	DRB1	True	both	True	shared	cii	DRB1*15:01	cii
Dataset2	TCCCGATAGGCGATAC-1	TRB:CASSLWTGGGNEQFF;TRA:CAVQETSGSRLTF	C04	Quiescent_CD8	supercentenarian	CASSLWTGGGNEQFF	CAVQETSGSRLTF	9	1382	0.006512301013024602	CASSLWTGGGNEQFF+TCRBV27-01+TCRBJ02-01	TCRBV27-01	TCRBJ02-01	A*11:01	ci	feature2347_A_11_01	A	True	A*11:01	ci	1.1517185e-09	-8.938653657055104	h-A_11_01-135	13.0	9.0	0.8632478632478631	0.5717533390167662	A	True	both	True	shared	ci	A*11:01	ci
Dataset2	TCGCGAGAGTCCATAC-1	TRB:CSVEGDRGRSETQYF;TRA:CALETDSWGKLQF	A02	Quiescent_CD4_CTL	control	CSVEGDRGRSETQYF	CALETDSWGKLQF	74	799	0.09261576971214018	CSVEGDRGRSETQYF+TCRBV29-01+TCRBJ02-05	TCRBV29-01	TCRBJ02-05	DRB1*15:01	cii	feature41633_DRB1_15_01	DRB1	True	DRB1*15:01	cii	8.389768e-11	-10.07625004843386	h-DRB1_15_01-992	4.0	14.0	0.9821428571428572	0.5981813015061097	DRB1	True	both	True	shared	cii	DRB1*15:01	cii
Dataset2	TCGCGAGTCACTTCAT-1	TRB:CASSYSGSDEQFF;TRA:CAGPNSSNTGKLIF	A02	Activated_CD8	control	CASSYSGSDEQFF	CAGPNSSNTGKLIF	2	799	0.0025031289111389237	CASSYSGSDEQFF+TCRBV06-05+TCRBJ02-01	TCRBV06-05	TCRBJ02-01	B*15:01	ci	feature9526_B_15_01	B	True											False	left_only	False	2024 only	ci	B*15:01	ci
Dataset2	TCGCGTTAGCGAGAAA-1	TRB:CASSFAGGSDTQYF	C03	Activated_CD8	supercentenarian	CASSFAGGSDTQYF		4	1606	0.0024906600249066002	CASSFAGGSDTQYF+TCRBV27-01+TCRBJ02-03	TCRBV27-01	TCRBJ02-03					False	DRB1*04:05	cii	1.6474279e-09	-8.783193583299862	h-DRB1_04_05-234	1.0	0.0		0.5487354362034669	DRB1	True	right_only	False	2026 only	cii	DRB1*04:05	cii
Dataset2	TCGCGTTCACGGTAAG-1	TRB:CASSSGQVYGYTF	C04	Activated_CD4_CTL	supercentenarian	CASSSGQVYGYTF		2	1382	0.001447178002894356	CASSSGQVYGYTF+TCRBV05-06+TCRBJ01-02	TCRBV05-06	TCRBJ01-02	A*01:01	ci	feature339_A_01_01	A	True	A*01:01	ci	3.5673313e-09	-8.44765655562367	h-A_01_01-169	5.0	12.0	0.625	0.536231884057971	A	True	both	True	shared	ci	A*01:01	ci
Dataset2	TCGTAGATCGCACTCT-1	TRB:CASSLDGTDTQYF;TRA:CAFMKPRGATNKLIF	B01	Quiescent_CD4_CTL	centenarian	CASSLDGTDTQYF	CAFMKPRGATNKLIF	1	416	0.002403846153846154	CASSLDGTDTQYF+TCRBV06-02/06-03+TCRBJ02-03	TCRBV06-02/06-03	TCRBJ02-03	C*04:01	ci	feature20025_C_04_01	C	True											False	left_only	False	2024 only	ci	C*04:01	ci
Dataset2	TCTATTGTCACAATGC-1	TRB:CASSFAGGSDTQYF	C03	Quiescent_CD8	supercentenarian	CASSFAGGSDTQYF		4	1606	0.0024906600249066002	CASSFAGGSDTQYF+TCRBV27-01+TCRBJ02-03	TCRBV27-01	TCRBJ02-03					False	DRB1*04:05	cii	1.6474279e-09	-8.783193583299862	h-DRB1_04_05-234	1.0	0.0		0.5487354362034669	DRB1	True	right_only	False	2026 only	cii	DRB1*04:05	cii
Dataset2	TCTGAGAGTCCTCTTG-1	TRB:CATSRVAGETQYF;TRA:CATEGNFGNEKLTF	A06	Activated_CD8	control	CATSRVAGETQYF	CATEGNFGNEKLTF	9	1026	0.008771929824561403	CATSRVAGETQYF+TCRBV15-01+TCRBJ02-05	TCRBV15-01	TCRBJ02-05					False	C*07:02	ci	9.503298e-09	-8.022125652117346	h-C_07_02-298	6.0	7.0	0.5238095238095237	0.5475987496447854	C	True	right_only	False	2026 only	ci	C*07:02	ci
Dataset2	TCTGGAAGTATCGCAT-1	TRB:CASSSPTGGNEQFF;TRA:CAASYFGNEKLTF	C04	Quiescent_CD8	supercentenarian	CASSSPTGGNEQFF	CAASYFGNEKLTF	83	1382	0.060057887120115776	CASSSPTGGNEQFF+TCRBV07-09+TCRBJ02-01	TCRBV07-09	TCRBJ02-01	B*15:01	ci	feature9526_B_15_01	B	True	B*15:01	ci	4.8668347e-10	-9.312753404135984	h-B_15_01-190	10.0	8.0	0.8875	0.5583972719522592	B	True	both	True	shared	ci	B*15:01	ci
Dataset2	TGACTTTAGGACACCA-1	TRB:CASSLGPGSYEQYF	A02	Activated_CD4_Helper	control	CASSLGPGSYEQYF		1	799	0.0012515644555694619	CASSLGPGSYEQYF+TCRBV05-08+TCRBJ02-07	TCRBV05-08	TCRBJ02-07					False	DRB1*08:03	cii	4.263415e-09	-8.37024239115352	h-DRB1_08_03-234	0.0	0.0		0.4671781756180734	DRB1	True	right_only	False	2026 only	cii	DRB1*08:03	cii
Dataset2	TGCGCAGTCGCGGATC-1	TRB:CASSSPTGGNEQFF;TRA:CAASYFGNEKLTF	C04	Quiescent_CD8	supercentenarian	CASSSPTGGNEQFF	CAASYFGNEKLTF	83	1382	0.060057887120115776	CASSSPTGGNEQFF+TCRBV07-09+TCRBJ02-01	TCRBV07-09	TCRBJ02-01	B*15:01	ci	feature9526_B_15_01	B	True	B*15:01	ci	4.8668347e-10	-9.312753404135984	h-B_15_01-190	10.0	8.0	0.8875	0.5583972719522592	B	True	both	True	shared	ci	B*15:01	ci
Dataset2	TGCGTGGGTTCAGCGC-1	TRB:CASSSPRGGNEQFF;TRA:CAASYFGNEKLTF	A02	Quiescent_CD8	control	CASSSPRGGNEQFF	CAASYFGNEKLTF	1	799	0.0012515644555694619	CASSSPRGGNEQFF+TCRBV07-09+TCRBJ02-01	TCRBV07-09	TCRBJ02-01	B*15:01	ci	feature9526_B_15_01	B	True	B*15:01	ci	1.00732e-09	-8.99683254319258	h-B_15_01-190	10.0	8.0	0.8875	0.5583972719522592	B	True	both	True	shared	ci	B*15:01	ci
Dataset2	TGGACGCCAGACAAAT-1	TRB:CASSSPTGGNEQFF;TRA:CAASYFGNEKLTF	C04	Quiescent_CD8	supercentenarian	CASSSPTGGNEQFF	CAASYFGNEKLTF	83	1382	0.060057887120115776	CASSSPTGGNEQFF+TCRBV07-09+TCRBJ02-01	TCRBV07-09	TCRBJ02-01	B*15:01	ci	feature9526_B_15_01	B	True	B*15:01	ci	4.8668347e-10	-9.312753404135984	h-B_15_01-190	10.0	8.0	0.8875	0.5583972719522592	B	True	both	True	shared	ci	B*15:01	ci
Dataset2	TGGCTGGCATCGGAAG-1	TRB:CASSESGPNQPQHF;TRA:CVVIGWTSGGSYIPTF	B01	Quiescent_CD4_CTL	centenarian	CASSESGPNQPQHF	CVVIGWTSGGSYIPTF	17	416	0.040865384615384616	CASSESGPNQPQHF+TCRBV10-02+TCRBJ01-05	TCRBV10-02	TCRBJ01-05	DRB5*02:02	cii	feature43549_DRB5_02_02	DRB5	True											False	left_only	False	2024 only	cii	DRB5*02:02	cii
Dataset2	TGGGCGTAGATGTCGG-1	TRB:CASSSGQVYGYTF;TRA:CAVGGGSNYKLTF	C04	Quiescent_CD4_CTL	supercentenarian	CASSSGQVYGYTF	CAVGGGSNYKLTF	18	1382	0.013024602026049204	CASSSGQVYGYTF+TCRBV05-06+TCRBJ01-02	TCRBV05-06	TCRBJ01-02	A*01:01	ci	feature339_A_01_01	A	True	A*01:01	ci	3.5673313e-09	-8.44765655562367	h-A_01_01-169	5.0	12.0	0.625	0.536231884057971	A	True	both	True	shared	ci	A*01:01	ci
Dataset2	TTAGGACTCCTTTCGG-1	TRB:CASSFAGGSDTQYF;TRA:CAGGGVNRGSTLGRLYF	C03	Activated_CD8	supercentenarian	CASSFAGGSDTQYF	CAGGGVNRGSTLGRLYF	37	1606	0.02303860523038605	CASSFAGGSDTQYF+TCRBV27-01+TCRBJ02-03	TCRBV27-01	TCRBJ02-03					False	DRB1*04:05	cii	1.6474279e-09	-8.783193583299862	h-DRB1_04_05-234	1.0	0.0		0.5487354362034669	DRB1	True	right_only	False	2026 only	cii	DRB1*04:05	cii
Dataset2	TTCCCAGGTCGGCACT-1	TRB:CASSSPTGGNEQFF;TRA:CAASYFGNEKLTF	C04	Quiescent_CD8	supercentenarian	CASSSPTGGNEQFF	CAASYFGNEKLTF	83	1382	0.060057887120115776	CASSSPTGGNEQFF+TCRBV07-09+TCRBJ02-01	TCRBV07-09	TCRBJ02-01	B*15:01	ci	feature9526_B_15_01	B	True	B*15:01	ci	4.8668347e-10	-9.312753404135984	h-B_15_01-190	10.0	8.0	0.8875	0.5583972719522592	B	True	both	True	shared	ci	B*15:01	ci
Dataset2	TTCGAAGCATTAGGCT-1	TRB:CASSSPTGGNEQFF;TRA:CAASYFGNEKLTF	C04	Activated_CD8	supercentenarian	CASSSPTGGNEQFF	CAASYFGNEKLTF	83	1382	0.060057887120115776	CASSSPTGGNEQFF+TCRBV07-09+TCRBJ02-01	TCRBV07-09	TCRBJ02-01	B*15:01	ci	feature9526_B_15_01	B	True	B*15:01	ci	4.8668347e-10	-9.312753404135984	h-B_15_01-190	10.0	8.0	0.8875	0.5583972719522592	B	True	both	True	shared	ci	B*15:01	ci
Dataset2	TTTATGCTCCTGCCAT-1	TRB:CASSPRTDGYTF	A06	Activated_CD8	control	CASSPRTDGYTF		1	1026	0.0009746588693957114	CASSPRTDGYTF+TCRBV07-02+TCRBJ01-02	TCRBV07-02	TCRBJ01-02	B*07:02	ci	feature7900_B_07_02	B	True											False	left_only	False	2024 only	ci	B*07:02	ci
Dataset2	TTTATGCTCCTGCCAT-1	TRB:CASSPRTDGYTF	A06	Activated_CD8	control	CASSPRTDGYTF		1	1026	0.0009746588693957114	CASSPRTDGYTF+TCRBV07-08+TCRBJ01-02	TCRBV07-08	TCRBJ01-02	B*07:02	ci	feature7900_B_07_02	B	True											False	left_only	False	2024 only	ci	B*07:02	ci
Dataset2	AAAGCAAGTTGTACAC-2	TRB:CASSFAGGSDTQYF;TRA:CAGGGVNRGSTLGRLYF	C03	Activated_CD8	supercentenarian	CASSFAGGSDTQYF	CAGGGVNRGSTLGRLYF	37	1606	0.02303860523038605	CASSFAGGSDTQYF+TCRBV27-01+TCRBJ02-03	TCRBV27-01	TCRBJ02-03					False	DRB1*04:05	cii	1.6474279e-09	-8.783193583299862	h-DRB1_04_05-234	1.0	0.0		0.5487354362034669	DRB1	True	right_only	False	2026 only	cii	DRB1*04:05	cii
Dataset2	AACCATGCAGTCGTGC-2	TRB:CASSSASGGNEQFF	A02	Activated_CD8	control	CASSSASGGNEQFF		2	799	0.0025031289111389237	CASSSASGGNEQFF+TCRBV07-09+TCRBJ02-01	TCRBV07-09	TCRBJ02-01	B*15:01	ci	feature9526_B_15_01	B	True	B*15:01	ci	7.5402223e-10	-9.122615850119594	h-B_15_01-190	10.0	8.0	0.8875	0.5583972719522592	B	True	both	True	shared	ci	B*15:01	ci
Dataset2	AACGTTGGTGCTTCTC-2	TRB:CASSSDYPNEQFF;TRA:CATDEGGGADGLTF	B04	Activated_CD8	centenarian	CASSSDYPNEQFF	CATDEGGGADGLTF	1	1171	0.0008539709649871904	CASSSDYPNEQFF+TCRBV02-01+TCRBJ02-01	TCRBV02-01	TCRBJ02-01					False	DRB1*04:01	cii	1.492347e-11	-10.826130183121068	h-DRB1_04_01-510	3.0	10.0	1.0	0.5666382495026998	DRB1	True	right_only	False	2026 only	cii	DRB1*04:01	cii
Dataset2	AACTTTCCACTGCCAG-2	TRB:CSVEGDRGRSETQYF;TRA:CALETDSWGKLQF	A02	Quiescent_CD4_CTL	control	CSVEGDRGRSETQYF	CALETDSWGKLQF	74	799	0.09261576971214018	CSVEGDRGRSETQYF+TCRBV29-01+TCRBJ02-05	TCRBV29-01	TCRBJ02-05	DRB1*15:01	cii	feature41633_DRB1_15_01	DRB1	True	DRB1*15:01	cii	8.389768e-11	-10.07625004843386	h-DRB1_15_01-992	4.0	14.0	0.9821428571428572	0.5981813015061097	DRB1	True	both	True	shared	cii	DRB1*15:01	cii
Dataset2	AAGACCTTCCACGTGG-2	TRB:CASSFAGGSDTQYF;TRA:CAGGGVNRGSTLGRLYF	C03	Activated_CD8	supercentenarian	CASSFAGGSDTQYF	CAGGGVNRGSTLGRLYF	37	1606	0.02303860523038605	CASSFAGGSDTQYF+TCRBV27-01+TCRBJ02-03	TCRBV27-01	TCRBJ02-03					False	DRB1*04:05	cii	1.6474279e-09	-8.783193583299862	h-DRB1_04_05-234	1.0	0.0		0.5487354362034669	DRB1	True	right_only	False	2026 only	cii	DRB1*04:05	cii
Dataset2	AAGCCGCCAGGACGTA-2	TRB:CATSRVAGETQYF;TRA:CATEGNFGNEKLTF	A06	Activated_CD8	control	CATSRVAGETQYF	CATEGNFGNEKLTF	9	1026	0.008771929824561403	CATSRVAGETQYF+TCRBV15-01+TCRBJ02-05	TCRBV15-01	TCRBJ02-05					False	C*07:02	ci	9.503298e-09	-8.022125652117346	h-C_07_02-298	6.0	7.0	0.5238095238095237	0.5475987496447854	C	True	right_only	False	2026 only	ci	C*07:02	ci
Dataset2	AAGGCAGAGCAATCTC-2	TRB:CASSFAGGSDTQYF;TRA:CAGGGVNRGSTLGRLYF	C03	Activated_CD8	supercentenarian	CASSFAGGSDTQYF	CAGGGVNRGSTLGRLYF	37	1606	0.02303860523038605	CASSFAGGSDTQYF+TCRBV27-01+TCRBJ02-03	TCRBV27-01	TCRBJ02-03					False	DRB1*04:05	cii	1.6474279e-09	-8.783193583299862	h-DRB1_04_05-234	1.0	0.0		0.5487354362034669	DRB1	True	right_only	False	2026 only	cii	DRB1*04:05	cii
Dataset2	AAGGTTCCACAGTCGC-2	TRB:CASSQEDRAGNTIYF;TRA:CAMSRTTGYSTLTF	C03	Activated_CD8	supercentenarian	CASSQEDRAGNTIYF	CAMSRTTGYSTLTF	3	1606	0.0018679950186799503	CASSQEDRAGNTIYF+TCRBV04-01+TCRBJ01-03	TCRBV04-01	TCRBJ01-03	DRB1*09:01	cii	feature38923_DRB1_09_01	DRB1	True	DRB1*09:01	cii	5.359887e-09	-8.270844366238903	h-DRB1_09_01-549	5.0	3.0	1.0	0.5788576300085251	DRB1	True	both	True	shared	cii	DRB1*09:01	cii
Dataset2	AAGGTTCCACAGTCGC-2	TRB:CASSQEDRAGNTIYF;TRA:CAMSRTTGYSTLTF	C03	Activated_CD8	supercentenarian	CASSQEDRAGNTIYF	CAMSRTTGYSTLTF	3	1606	0.0018679950186799503	CASSQEDRAGNTIYF+TCRBV04-02+TCRBJ01-03	TCRBV04-02	TCRBJ01-03	DRB1*09:01	cii	feature38923_DRB1_09_01	DRB1	True	DRB1*09:01	cii	2.219379e-09	-8.65376852762207	h-DRB1_09_01-549	5.0	3.0	1.0	0.5788576300085251	DRB1	True	both	True	shared	cii	DRB1*09:01	cii
Dataset2	AAGGTTCCACAGTCGC-2	TRB:CASSQEDRAGNTIYF;TRA:CAMSRTTGYSTLTF	C03	Activated_CD8	supercentenarian	CASSQEDRAGNTIYF	CAMSRTTGYSTLTF	3	1606	0.0018679950186799503	CASSQEDRAGNTIYF+TCRBV04-03+TCRBJ01-03	TCRBV04-03	TCRBJ01-03	DRB1*09:01	cii	feature38923_DRB1_09_01	DRB1	True											False	left_only	False	2024 only	cii	DRB1*09:01	cii
Dataset2	AAGGTTCCATGGTCTA-2	TRB:CSVEGDRGRSETQYF;TRA:CALETDSWGKLQF	A02	Quiescent_CD4_CTL	control	CSVEGDRGRSETQYF	CALETDSWGKLQF	74	799	0.09261576971214018	CSVEGDRGRSETQYF+TCRBV29-01+TCRBJ02-05	TCRBV29-01	TCRBJ02-05	DRB1*15:01	cii	feature41633_DRB1_15_01	DRB1	True	DRB1*15:01	cii	8.389768e-11	-10.07625004843386	h-DRB1_15_01-992	4.0	14.0	0.9821428571428572	0.5981813015061097	DRB1	True	both	True	shared	cii	DRB1*15:01	cii
Dataset2	AAGGTTCGTCAGCTAT-2	TRB:CSVEGDRGRSETQYF;TRA:CALETDSWGKLQF	A02	Activated_CD4_CTL	control	CSVEGDRGRSETQYF	CALETDSWGKLQF	74	799	0.09261576971214018	CSVEGDRGRSETQYF+TCRBV29-01+TCRBJ02-05	TCRBV29-01	TCRBJ02-05	DRB1*15:01	cii	feature41633_DRB1_15_01	DRB1	True	DRB1*15:01	cii	8.389768e-11	-10.07625004843386	h-DRB1_15_01-992	4.0	14.0	0.9821428571428572	0.5981813015061097	DRB1	True	both	True	shared	cii	DRB1*15:01	cii
Dataset2	AAGGTTCTCAGTACGT-2	TRB:CSVEGDRGRSETQYF;TRA:CALETDSWGKLQF	A02	Quiescent_CD4_CTL	control	CSVEGDRGRSETQYF	CALETDSWGKLQF	74	799	0.09261576971214018	CSVEGDRGRSETQYF+TCRBV29-01+TCRBJ02-05	TCRBV29-01	TCRBJ02-05	DRB1*15:01	cii	feature41633_DRB1_15_01	DRB1	True	DRB1*15:01	cii	8.389768e-11	-10.07625004843386	h-DRB1_15_01-992	4.0	14.0	0.9821428571428572	0.5981813015061097	DRB1	True	both	True	shared	cii	DRB1*15:01	cii
Dataset2	AAGGTTCTCATACGGT-2	TRB:CASSFAGGSDTQYF;TRA:CAGGGVNRGSTLGRLYF	C03	Quiescent_CD8	supercentenarian	CASSFAGGSDTQYF	CAGGGVNRGSTLGRLYF	37	1606	0.02303860523038605	CASSFAGGSDTQYF+TCRBV27-01+TCRBJ02-03	TCRBV27-01	TCRBJ02-03					False	DRB1*04:05	cii	1.6474279e-09	-8.783193583299862	h-DRB1_04_05-234	1.0	0.0		0.5487354362034669	DRB1	True	right_only	False	2026 only	cii	DRB1*04:05	cii
Dataset2	AATCGGTGTGTTTGTG-2	TRB:CASSSPTGGNEQFF;TRA:CAASYFGNEKLTF	C04	Activated_CD8	supercentenarian	CASSSPTGGNEQFF	CAASYFGNEKLTF	83	1382	0.060057887120115776	CASSSPTGGNEQFF+TCRBV07-09+TCRBJ02-01	TCRBV07-09	TCRBJ02-01	B*15:01	ci	feature9526_B_15_01	B	True	B*15:01	ci	4.8668347e-10	-9.312753404135984	h-B_15_01-190	10.0	8.0	0.8875	0.5583972719522592	B	True	both	True	shared	ci	B*15:01	ci
Dataset2	ACACCGGAGAACAACT-2	TRB:CASSSPTGGNEQFF;TRA:CAASYFGNEKLTF	C04	Quiescent_CD8	supercentenarian	CASSSPTGGNEQFF	CAASYFGNEKLTF	83	1382	0.060057887120115776	CASSSPTGGNEQFF+TCRBV07-09+TCRBJ02-01	TCRBV07-09	TCRBJ02-01	B*15:01	ci	feature9526_B_15_01	B	True	B*15:01	ci	4.8668347e-10	-9.312753404135984	h-B_15_01-190	10.0	8.0	0.8875	0.5583972719522592	B	True	both	True	shared	ci	B*15:01	ci
Dataset2	ACACCGGGTTAAGACA-2	TRB:CASSESGPNQPQHF;TRA:CVVIGWTSGGSYIPTF	B01	Activated_CD4_CTL	centenarian	CASSESGPNQPQHF	CVVIGWTSGGSYIPTF	17	416	0.040865384615384616	CASSESGPNQPQHF+TCRBV10-02+TCRBJ01-05	TCRBV10-02	TCRBJ01-05	DRB5*02:02	cii	feature43549_DRB5_02_02	DRB5	True											False	left_only	False	2024 only	cii	DRB5*02:02	cii
Dataset2	ACAGCTACAGCTTAAC-2	TRB:CASSFAGGSDTQYF;TRA:CAGGGVNRGSTLGRLYF	C03	Activated_CD8	supercentenarian	CASSFAGGSDTQYF	CAGGGVNRGSTLGRLYF	37	1606	0.02303860523038605	CASSFAGGSDTQYF+TCRBV27-01+TCRBJ02-03	TCRBV27-01	TCRBJ02-03					False	DRB1*04:05	cii	1.6474279e-09	-8.783193583299862	h-DRB1_04_05-234	1.0	0.0		0.5487354362034669	DRB1	True	right_only	False	2026 only	cii	DRB1*04:05	cii
Dataset2	ACATGGTTCGCGGATC-2	TRB:CASSSPTGGNEQFF;TRA:CAASYFGNEKLTF	C04	Activated_CD8	supercentenarian	CASSSPTGGNEQFF	CAASYFGNEKLTF	83	1382	0.060057887120115776	CASSSPTGGNEQFF+TCRBV07-09+TCRBJ02-01	TCRBV07-09	TCRBJ02-01	B*15:01	ci	feature9526_B_15_01	B	True	B*15:01	ci	4.8668347e-10	-9.312753404135984	h-B_15_01-190	10.0	8.0	0.8875	0.5583972719522592	B	True	both	True	shared	ci	B*15:01	ci
Dataset2	ACCGTAAAGAATGTTG-2	TRB:CASSESGPNQPQHF;TRA:CVVIGWTSGGSYIPTF	B01	Activated_CD4_CTL	centenarian	CASSESGPNQPQHF	CVVIGWTSGGSYIPTF	17	416	0.040865384615384616	CASSESGPNQPQHF+TCRBV10-02+TCRBJ01-05	TCRBV10-02	TCRBJ01-05	DRB5*02:02	cii	feature43549_DRB5_02_02	DRB5	True											False	left_only	False	2024 only	cii	DRB5*02:02	cii
Dataset2	ACCTTTAGTATAGGGC-2	TRB:CASSPQGARGEKLFF;TRA:CAETGANNLFF	C04	Quiescent_CD4_Helper	supercentenarian	CASSPQGARGEKLFF	CAETGANNLFF	1	1382	0.000723589001447178	CASSPQGARGEKLFF+TCRBV02-01+TCRBJ01-04	TCRBV02-01	TCRBJ01-04	DRB1*03:01	cii	feature34519_DRB1_03_01	DRB1	True											False	left_only	False	2024 only	cii	DRB1*03:01	cii
Dataset2	ACCTTTAGTATAGGGC-2	TRB:CASSPQGARGEKLFF;TRA:CAETGANNLFF	C04	Quiescent_CD4_Helper	supercentenarian	CASSPQGARGEKLFF	CAETGANNLFF	1	1382	0.000723589001447178	CASSPQGARGEKLFF+TCRBV04-01+TCRBJ01-04	TCRBV04-01	TCRBJ01-04					False	DQA1*03:01+DQB1*03:02	cii	9.359979e-11	-10.028725125641634	h-DQA1_03_01_DQB1_03_02-257	13.0	22.0	0.756993006993007	0.563796533105996	DQA1	True	right_only	False	2026 only	cii	DQA1*03:01+DQB1*03:02	cii
Dataset2	ACGAGCCGTCTGCAAT-2	TRB:CASSLWTGGGNEQFF	C04	Quiescent_CD8	supercentenarian	CASSLWTGGGNEQFF		4	1382	0.002894356005788712	CASSLWTGGGNEQFF+TCRBV27-01+TCRBJ02-01	TCRBV27-01	TCRBJ02-01	A*11:01	ci	feature2347_A_11_01	A	True	A*11:01	ci	1.1517185e-09	-8.938653657055104	h-A_11_01-135	13.0	9.0	0.8632478632478631	0.5717533390167662	A	True	both	True	shared	ci	A*11:01	ci
Dataset2	ACGATGTAGATGGCGT-2	TRB:CSVEGDRGRSETQYF;TRA:CALETDSWGKLQF	A02	Quiescent_CD4_CTL	control	CSVEGDRGRSETQYF	CALETDSWGKLQF	74	799	0.09261576971214018	CSVEGDRGRSETQYF+TCRBV29-01+TCRBJ02-05	TCRBV29-01	TCRBJ02-05	DRB1*15:01	cii	feature41633_DRB1_15_01	DRB1	True	DRB1*15:01	cii	8.389768e-11	-10.07625004843386	h-DRB1_15_01-992	4.0	14.0	0.9821428571428572	0.5981813015061097	DRB1	True	both	True	shared	cii	DRB1*15:01	cii
Dataset2	ACGATGTTCAACGGGA-2	TRB:CASSSPTGGNEQFF;TRA:CAASYFGNEKLTF	C04	Quiescent_CD8	supercentenarian	CASSSPTGGNEQFF	CAASYFGNEKLTF	83	1382	0.060057887120115776	CASSSPTGGNEQFF+TCRBV07-09+TCRBJ02-01	TCRBV07-09	TCRBJ02-01	B*15:01	ci	feature9526_B_15_01	B	True	B*15:01	ci	4.8668347e-10	-9.312753404135984	h-B_15_01-190	10.0	8.0	0.8875	0.5583972719522592	B	True	both	True	shared	ci	B*15:01	ci
Dataset2	ACGGAGAGTTTGGGCC-2	TRB:CSVEGDRGRSETQYF;TRA:CALETDSWGKLQF	A02	Activated_CD4_CTL	control	CSVEGDRGRSETQYF	CALETDSWGKLQF	74	799	0.09261576971214018	CSVEGDRGRSETQYF+TCRBV29-01+TCRBJ02-05	TCRBV29-01	TCRBJ02-05	DRB1*15:01	cii	feature41633_DRB1_15_01	DRB1	True	DRB1*15:01	cii	8.389768e-11	-10.07625004843386	h-DRB1_15_01-992	4.0	14.0	0.9821428571428572	0.5981813015061097	DRB1	True	both	True	shared	cii	DRB1*15:01	cii
Dataset2	ACGGGTCAGGATTCGG-2	TRB:CASSSPTGGNEQFF;TRA:CAASYFGNEKLTF	C04	Quiescent_CD8	supercentenarian	CASSSPTGGNEQFF	CAASYFGNEKLTF	83	1382	0.060057887120115776	CASSSPTGGNEQFF+TCRBV07-09+TCRBJ02-01	TCRBV07-09	TCRBJ02-01	B*15:01	ci	feature9526_B_15_01	B	True	B*15:01	ci	4.8668347e-10	-9.312753404135984	h-B_15_01-190	10.0	8.0	0.8875	0.5583972719522592	B	True	both	True	shared	ci	B*15:01	ci
Dataset2	ACGTCAAGTGCAGGTA-2	TRB:CASSFAGGSDTQYF;TRA:CAGGGVNRGSTLGRLYF	C03	Activated_CD8	supercentenarian	CASSFAGGSDTQYF	CAGGGVNRGSTLGRLYF	37	1606	0.02303860523038605	CASSFAGGSDTQYF+TCRBV27-01+TCRBJ02-03	TCRBV27-01	TCRBJ02-03					False	DRB1*04:05	cii	1.6474279e-09	-8.783193583299862	h-DRB1_04_05-234	1.0	0.0		0.5487354362034669	DRB1	True	right_only	False	2026 only	cii	DRB1*04:05	cii
Dataset2	ACTGAACTCGCTTGTC-2	TRB:CASSFAGGSDTQYF;TRA:CAGGGVNRGSTLGRLYF	C03	Quiescent_CD8	supercentenarian	CASSFAGGSDTQYF	CAGGGVNRGSTLGRLYF	37	1606	0.02303860523038605	CASSFAGGSDTQYF+TCRBV27-01+TCRBJ02-03	TCRBV27-01	TCRBJ02-03					False	DRB1*04:05	cii	1.6474279e-09	-8.783193583299862	h-DRB1_04_05-234	1.0	0.0		0.5487354362034669	DRB1	True	right_only	False	2026 only	cii	DRB1*04:05	cii
Dataset2	ACTGAGTAGGCTATCT-2	TRB:CASSLWTGGGNEQFF;TRA:CAVQETSGSRLTF	C04	Quiescent_CD8	supercentenarian	CASSLWTGGGNEQFF	CAVQETSGSRLTF	9	1382	0.006512301013024602	CASSLWTGGGNEQFF+TCRBV27-01+TCRBJ02-01	TCRBV27-01	TCRBJ02-01	A*11:01	ci	feature2347_A_11_01	A	True	A*11:01	ci	1.1517185e-09	-8.938653657055104	h-A_11_01-135	13.0	9.0	0.8632478632478631	0.5717533390167662	A	True	both	True	shared	ci	A*11:01	ci
Dataset2	ACTGCTCCACATGGGA-2	TRB:CASSFAGGSDTQYF;TRA:CAGGGVNRGSTLGRLYF	C03	Quiescent_CD8	supercentenarian	CASSFAGGSDTQYF	CAGGGVNRGSTLGRLYF	37	1606	0.02303860523038605	CASSFAGGSDTQYF+TCRBV27-01+TCRBJ02-03	TCRBV27-01	TCRBJ02-03					False	DRB1*04:05	cii	1.6474279e-09	-8.783193583299862	h-DRB1_04_05-234	1.0	0.0		0.5487354362034669	DRB1	True	right_only	False	2026 only	cii	DRB1*04:05	cii
Dataset2	ACTTTCACAATGTAAG-2	TRB:CASSRQGLYEQYF;TRA:CATDARNNARLMF	B04	Quiescent_CD4_Naive	centenarian	CASSRQGLYEQYF	CATDARNNARLMF	1	1171	0.0008539709649871904	CASSRQGLYEQYF+TCRBV05-04+TCRBJ02-07	TCRBV05-04	TCRBJ02-07					False	DRB1*15:02	cii	3.732016e-09	-8.42805650300249	h-DRB1_15_02-253	2.0	1.0		0.5629440181869849	DRB1	True	right_only	False	2026 only	cii	DRB1*15:02	cii
Dataset2	ACTTTCAGTCGAGATG-2	TRB:CSVEGDRGRSETQYF;TRA:CALETDSWGKLQF	A02	Quiescent_CD4_CTL	control	CSVEGDRGRSETQYF	CALETDSWGKLQF	74	799	0.09261576971214018	CSVEGDRGRSETQYF+TCRBV29-01+TCRBJ02-05	TCRBV29-01	TCRBJ02-05	DRB1*15:01	cii	feature41633_DRB1_15_01	DRB1	True	DRB1*15:01	cii	8.389768e-11	-10.07625004843386	h-DRB1_15_01-992	4.0	14.0	0.9821428571428572	0.5981813015061097	DRB1	True	both	True	shared	cii	DRB1*15:01	cii
Dataset2	AGCTCCTCATCCGGGT-2	TRB:CASSFAGGSDTQYF;TRA:CAGGGVNRGSTLGRLYF	C03	Activated_CD8	supercentenarian	CASSFAGGSDTQYF	CAGGGVNRGSTLGRLYF	37	1606	0.02303860523038605	CASSFAGGSDTQYF+TCRBV27-01+TCRBJ02-03	TCRBV27-01	TCRBJ02-03					False	DRB1*04:05	cii	1.6474279e-09	-8.783193583299862	h-DRB1_04_05-234	1.0	0.0		0.5487354362034669	DRB1	True	right_only	False	2026 only	cii	DRB1*04:05	cii
Dataset2	AGGGAGTGTCTAGCGC-2	TRB:CASSSPTGGNEQFF	C04	Activated_CD8	supercentenarian	CASSSPTGGNEQFF		5	1382	0.00361794500723589	CASSSPTGGNEQFF+TCRBV07-09+TCRBJ02-01	TCRBV07-09	TCRBJ02-01	B*15:01	ci	feature9526_B_15_01	B	True	B*15:01	ci	4.8668347e-10	-9.312753404135984	h-B_15_01-190	10.0	8.0	0.8875	0.5583972719522592	B	True	both	True	shared	ci	B*15:01	ci
Dataset2	AGGGTGACAAGCGTAG-2	TRB:CASSLGQGNQPQHF;TRA:CALHSGGYQKVTF	A02	Quiescent_CD8	control	CASSLGQGNQPQHF	CALHSGGYQKVTF	1	799	0.0012515644555694619	CASSLGQGNQPQHF+TCRBV25-01+TCRBJ01-05	TCRBV25-01	TCRBJ01-05	DRB5*02:02	cii	feature43549_DRB5_02_02	DRB5	True											False	left_only	False	2024 only	cii	DRB5*02:02	cii
Dataset2	AGTCTTTCAAGGCTCC-2	TRB:CASSIRDTEAFF;TRA:CATALLSFTLTF	C03	Activated_CD4_Naive	supercentenarian	CASSIRDTEAFF	CATALLSFTLTF	1	1606	0.0006226650062266501	CASSIRDTEAFF+TCRBV06-02+TCRBJ01-01	TCRBV06-02	TCRBJ01-01					False	DQA1*01:02+DQB1*05:02	cii	8.240317e-09	-8.084056080936056	h-DQA1_01_02_DQB1_05_02-263	2.0	0.0		0.5663540778630293	DQA1	True	right_only	False	2026 only	cii	DQA1*01:02+DQB1*05:02	cii
Dataset2	AGTGAGGTCTATCCTA-2	TRB:CASSPGTEQETQYF	C03	Activated_CD8	supercentenarian	CASSPGTEQETQYF		1	1606	0.0006226650062266501	CASSPGTEQETQYF+TCRBV18-01+TCRBJ02-05	TCRBV18-01	TCRBJ02-05	DRB3*02:02	cii	feature42584_DRB3_02_02	DRB3	True											False	left_only	False	2024 only	cii	DRB3*02:02	cii
Dataset2	AGTGGGACACGACTCG-2	TRB:CASSSGQVYGYTF;TRA:CAVGGGSNYKLTF	C04	Quiescent_CD4_CTL	supercentenarian	CASSSGQVYGYTF	CAVGGGSNYKLTF	18	1382	0.013024602026049204	CASSSGQVYGYTF+TCRBV05-06+TCRBJ01-02	TCRBV05-06	TCRBJ01-02	A*01:01	ci	feature339_A_01_01	A	True	A*01:01	ci	3.5673313e-09	-8.44765655562367	h-A_01_01-169	5.0	12.0	0.625	0.536231884057971	A	True	both	True	shared	ci	A*01:01	ci
Dataset2	ATCACGACAGCAGTTT-2	TRB:CASSFAGGSDTQYF;TRA:CAGGGVNRGSTLGRLYF	C03	Activated_CD8	supercentenarian	CASSFAGGSDTQYF	CAGGGVNRGSTLGRLYF	37	1606	0.02303860523038605	CASSFAGGSDTQYF+TCRBV27-01+TCRBJ02-03	TCRBV27-01	TCRBJ02-03					False	DRB1*04:05	cii	1.6474279e-09	-8.783193583299862	h-DRB1_04_05-234	1.0	0.0		0.5487354362034669	DRB1	True	right_only	False	2026 only	cii	DRB1*04:05	cii
Dataset2	ATCACGATCTATCCTA-2	TRB:CASSFAGGSDTQYF;TRA:CAGGGVNRGSTLGRLYF	C03	Activated_CD8	supercentenarian	CASSFAGGSDTQYF	CAGGGVNRGSTLGRLYF	37	1606	0.02303860523038605	CASSFAGGSDTQYF+TCRBV27-01+TCRBJ02-03	TCRBV27-01	TCRBJ02-03					False	DRB1*04:05	cii	1.6474279e-09	-8.783193583299862	h-DRB1_04_05-234	1.0	0.0		0.5487354362034669	DRB1	True	right_only	False	2026 only	cii	DRB1*04:05	cii
Dataset2	ATCATCTGTGACTACT-2	TRB:CASSSGQVYGYTF;TRA:CAVGGGSNYKLTF	C04	Activated_CD4_CTL	supercentenarian	CASSSGQVYGYTF	CAVGGGSNYKLTF	18	1382	0.013024602026049204	CASSSGQVYGYTF+TCRBV05-06+TCRBJ01-02	TCRBV05-06	TCRBJ01-02	A*01:01	ci	feature339_A_01_01	A	True	A*01:01	ci	3.5673313e-09	-8.44765655562367	h-A_01_01-169	5.0	12.0	0.625	0.536231884057971	A	True	both	True	shared	ci	A*01:01	ci
Dataset2	ATCGAGTTCAAGGTAA-2	TRB:CASSFAGGSDTQYF;TRA:CAGGGVNRGSTLGRLYF	C03	Activated_CD8	supercentenarian	CASSFAGGSDTQYF	CAGGGVNRGSTLGRLYF	37	1606	0.02303860523038605	CASSFAGGSDTQYF+TCRBV27-01+TCRBJ02-03	TCRBV27-01	TCRBJ02-03					False	DRB1*04:05	cii	1.6474279e-09	-8.783193583299862	h-DRB1_04_05-234	1.0	0.0		0.5487354362034669	DRB1	True	right_only	False	2026 only	cii	DRB1*04:05	cii
Dataset2	ATGCGATTCAGAGCTT-2	TRB:CASSSPTGGNEQFF;TRA:CAASYFGNEKLTF	C04	Quiescent_CD8	supercentenarian	CASSSPTGGNEQFF	CAASYFGNEKLTF	83	1382	0.060057887120115776	CASSSPTGGNEQFF+TCRBV07-09+TCRBJ02-01	TCRBV07-09	TCRBJ02-01	B*15:01	ci	feature9526_B_15_01	B	True	B*15:01	ci	4.8668347e-10	-9.312753404135984	h-B_15_01-190	10.0	8.0	0.8875	0.5583972719522592	B	True	both	True	shared	ci	B*15:01	ci
Dataset2	ATGCGATTCTCTGTCG-2	TRB:CASSFAGGSDTQYF;TRA:CAGGGVNRGSTLGRLYF	C03	Activated_CD8	supercentenarian	CASSFAGGSDTQYF	CAGGGVNRGSTLGRLYF	37	1606	0.02303860523038605	CASSFAGGSDTQYF+TCRBV27-01+TCRBJ02-03	TCRBV27-01	TCRBJ02-03					False	DRB1*04:05	cii	1.6474279e-09	-8.783193583299862	h-DRB1_04_05-234	1.0	0.0		0.5487354362034669	DRB1	True	right_only	False	2026 only	cii	DRB1*04:05	cii
Dataset2	ATGGGAGAGACACGAC-2	TRB:CASSFGIATNEKLFF;TRA:CALRGTGANNLFF	A06	Quiescent_CD4_Helper	control	CASSFGIATNEKLFF	CALRGTGANNLFF	1	1026	0.0009746588693957114	CASSFGIATNEKLFF+TCRBV27-01+TCRBJ01-04	TCRBV27-01	TCRBJ01-04					False	DRB1*04:01	cii	6.4291694e-10	-9.191845131010014	h-DRB1_04_01-510	3.0	10.0	1.0	0.5666382495026998	DRB1	True	right_only	False	2026 only	cii	DRB1*04:01	cii
Dataset2	ATTACTCAGGCAAAGA-2	TRB:CSVEGDRGRSETQYF;TRA:CALETDSWGKLQF	A02	Quiescent_CD4_CTL	control	CSVEGDRGRSETQYF	CALETDSWGKLQF	74	799	0.09261576971214018	CSVEGDRGRSETQYF+TCRBV29-01+TCRBJ02-05	TCRBV29-01	TCRBJ02-05	DRB1*15:01	cii	feature41633_DRB1_15_01	DRB1	True	DRB1*15:01	cii	8.389768e-11	-10.07625004843386	h-DRB1_15_01-992	4.0	14.0	0.9821428571428572	0.5981813015061097	DRB1	True	both	True	shared	cii	DRB1*15:01	cii
Dataset2	ATTACTCGTCTGCCAG-2	TRB:CASSFQETQYF;TRA:CAMKNSSASKIIF;TRA:CAVRVTNAGKSTF	B01	Quiescent_CD4_CTL	centenarian	CASSFQETQYF	CAVRVTNAGKSTF	4	416	0.009615384615384616	CASSFQETQYF+TCRBV12-03/12-04+TCRBJ02-05	TCRBV12-03/12-04	TCRBJ02-05	DQA1*01:01+DQB1*05:01	cii	feature29890_DQA1_01_01+DQB1_05_01	DQA1	True											False	left_only	False	2024 only	cii	DQA1*01:01+DQB1*05:01	cii
Dataset2	ATTTCTGAGAATCTCC-2	TRB:CASSSPTGGNEQFF;TRA:CAASYFGNEKLTF	C04	Activated_CD8	supercentenarian	CASSSPTGGNEQFF	CAASYFGNEKLTF	83	1382	0.060057887120115776	CASSSPTGGNEQFF+TCRBV07-09+TCRBJ02-01	TCRBV07-09	TCRBJ02-01	B*15:01	ci	feature9526_B_15_01	B	True	B*15:01	ci	4.8668347e-10	-9.312753404135984	h-B_15_01-190	10.0	8.0	0.8875	0.5583972719522592	B	True	both	True	shared	ci	B*15:01	ci
Dataset2	CAACCAATCGGTTAAC-2	TRB:CASSFAGGSDTQYF;TRA:CAGGGVNRGSTLGRLYF	C03	Activated_CD8	supercentenarian	CASSFAGGSDTQYF	CAGGGVNRGSTLGRLYF	37	1606	0.02303860523038605	CASSFAGGSDTQYF+TCRBV27-01+TCRBJ02-03	TCRBV27-01	TCRBJ02-03					False	DRB1*04:05	cii	1.6474279e-09	-8.783193583299862	h-DRB1_04_05-234	1.0	0.0		0.5487354362034669	DRB1	True	right_only	False	2026 only	cii	DRB1*04:05	cii
Dataset2	CACACTCGTACATCCA-2	TRB:CASSQTRGSGYEQYF;TRA:CAFSYDKVIF	C04	Quiescent_CD4_Helper	supercentenarian	CASSQTRGSGYEQYF	CAFSYDKVIF	3	1382	0.002170767004341534	CASSQTRGSGYEQYF+TCRBV05-04+TCRBJ02-07	TCRBV05-04	TCRBJ02-07					False	DQA1*05:01+DQB1*02:01	cii	8.146424e-12	-11.089032989773196	h-DQA1_05_01_DQB1_02_01-630	12.0	12.0	0.9583333333333331	0.6351236146632567	DQA1	True	right_only	False	2026 only	cii	DQA1*05:01+DQB1*02:01	cii
Dataset2	CACAGGCCAAGTACCT-2	TRB:CASRGGNTGELFF;TRA:CAVGSPTGTASKLTF	C03	Quiescent_CD4_Naive	supercentenarian	CASRGGNTGELFF	CAVGSPTGTASKLTF	1	1606	0.0006226650062266501	CASRGGNTGELFF+TCRBV07-08+TCRBJ02-02	TCRBV07-08	TCRBJ02-02	DRB3*03:01	cii	feature42832_DRB3_03_01	DRB3	True											False	left_only	False	2024 only	cii	DRB3*03:01	cii
Dataset2	CACAGTAAGCCCAATT-2	TRB:CASSSASGGNEQFF;TRA:CAASYFGNEKLTF	A02	Quiescent_CD8	control	CASSSASGGNEQFF	CAASYFGNEKLTF	10	799	0.012515644555694618	CASSSASGGNEQFF+TCRBV07-09+TCRBJ02-01	TCRBV07-09	TCRBJ02-01	B*15:01	ci	feature9526_B_15_01	B	True	B*15:01	ci	7.5402223e-10	-9.122615850119594	h-B_15_01-190	10.0	8.0	0.8875	0.5583972719522592	B	True	both	True	shared	ci	B*15:01	ci
Dataset2	CACATTTAGCAATATG-2	TRB:CSVEGDRGRSETQYF;TRA:CALETDSWGKLQF	A02	Activated_CD4_CTL	control	CSVEGDRGRSETQYF	CALETDSWGKLQF	74	799	0.09261576971214018	CSVEGDRGRSETQYF+TCRBV29-01+TCRBJ02-05	TCRBV29-01	TCRBJ02-05	DRB1*15:01	cii	feature41633_DRB1_15_01	DRB1	True	DRB1*15:01	cii	8.389768e-11	-10.07625004843386	h-DRB1_15_01-992	4.0	14.0	0.9821428571428572	0.5981813015061097	DRB1	True	both	True	shared	cii	DRB1*15:01	cii
Dataset2	CAGAATCAGAGACGAA-2	TRB:CASSSGQVYGYTF;TRA:CAVGGGSNYKLTF	C04	Quiescent_CD4_CTL	supercentenarian	CASSSGQVYGYTF	CAVGGGSNYKLTF	18	1382	0.013024602026049204	CASSSGQVYGYTF+TCRBV05-06+TCRBJ01-02	TCRBV05-06	TCRBJ01-02	A*01:01	ci	feature339_A_01_01	A	True	A*01:01	ci	3.5673313e-09	-8.44765655562367	h-A_01_01-169	5.0	12.0	0.625	0.536231884057971	A	True	both	True	shared	ci	A*01:01	ci
Dataset2	CAGAGAGCAGGCGATA-2	TRB:CASSPSRNTEAFF;TRA:CAASIGNFGNEKLTF;TRA:CILPPTQTGANNLFF	B04	Quiescent_CD8	centenarian	CASSPSRNTEAFF	CILPPTQTGANNLFF	1	1171	0.0008539709649871904	CASSPSRNTEAFF+TCRBV04-03+TCRBJ01-01	TCRBV04-03	TCRBJ01-01					False	B*07:02	ci	3.6551124e-09	-8.437099263316464	h-B_07_02-535	6.0	8.0	1.0	0.6116794543904518	B	True	right_only	False	2026 only	ci	B*07:02	ci
Dataset2	CAGCAGCCACGGTGTC-2	TRB:CASSGQGYEQYF;TRA:CALSDSTGFQKLVF	B04	Activated_CD4_Helper	centenarian	CASSGQGYEQYF	CALSDSTGFQKLVF	1	1171	0.0008539709649871904	CASSGQGYEQYF+TCRBV25-01+TCRBJ02-07	TCRBV25-01	TCRBJ02-07					False	DRB1*15:02	cii	5.3495388e-08	-7.27168365821221	h-DRB1_15_02-253	2.0	1.0		0.5629440181869849	DRB1	True	right_only	False	2026 only	cii	DRB1*15:02	cii
Dataset2	CAGCAGCTCGAATGCT-2	TRB:CASSESGPNQPQHF;TRA:CVVIGWTSGGSYIPTF	B01	Quiescent_CD4_CTL	centenarian	CASSESGPNQPQHF	CVVIGWTSGGSYIPTF	17	416	0.040865384615384616	CASSESGPNQPQHF+TCRBV10-02+TCRBJ01-05	TCRBV10-02	TCRBJ01-05	DRB5*02:02	cii	feature43549_DRB5_02_02	DRB5	True											False	left_only	False	2024 only	cii	DRB5*02:02	cii
Dataset2	CAGCATAAGCCGGTAA-2	TRB:CASSESGPNQPQHF;TRA:CVVIGWTSGGSYIPTF	B01	Activated_CD4_CTL	centenarian	CASSESGPNQPQHF	CVVIGWTSGGSYIPTF	17	416	0.040865384615384616	CASSESGPNQPQHF+TCRBV10-02+TCRBJ01-05	TCRBV10-02	TCRBJ01-05	DRB5*02:02	cii	feature43549_DRB5_02_02	DRB5	True											False	left_only	False	2024 only	cii	DRB5*02:02	cii
Dataset2	CAGCATAAGGCTCATT-2	TRB:CSVEGDRGRSETQYF;TRA:CALETDSWGKLQF	A02	Quiescent_CD4_CTL	control	CSVEGDRGRSETQYF	CALETDSWGKLQF	74	799	0.09261576971214018	CSVEGDRGRSETQYF+TCRBV29-01+TCRBJ02-05	TCRBV29-01	TCRBJ02-05	DRB1*15:01	cii	feature41633_DRB1_15_01	DRB1	True	DRB1*15:01	cii	8.389768e-11	-10.07625004843386	h-DRB1_15_01-992	4.0	14.0	0.9821428571428572	0.5981813015061097	DRB1	True	both	True	shared	cii	DRB1*15:01	cii
Dataset2	CAGCTGGCAAAGCAAT-2	TRB:CASSAGRGGQPQHF;TRA:CAGWDNTNAGKSTF	B04	Quiescent_CD4_Helper	centenarian	CASSAGRGGQPQHF	CAGWDNTNAGKSTF	1	1171	0.0008539709649871904	CASSAGRGGQPQHF+TCRBV07-06+TCRBJ01-05	TCRBV07-06	TCRBJ01-05					False	DRB1*07:01	cii	1.4074679e-10	-9.851561501280766	h-DRB1_07_01-718	11.0	19.0	0.9617224880382776	0.5242966751918158	DRB1	True	right_only	False	2026 only	cii	DRB1*07:01	cii
Dataset2	CAGCTGGCAAAGCAAT-2	TRB:CASSAGRGGQPQHF;TRA:CAGWDNTNAGKSTF	B04	Quiescent_CD4_Helper	centenarian	CASSAGRGGQPQHF	CAGWDNTNAGKSTF	1	1171	0.0008539709649871904	CASSAGRGGQPQHF+TCRBV07-X+TCRBJ01-05	TCRBV07-X	TCRBJ01-05					False	DRB1*07:01	cii	1.0086074e-09	-8.996277849812245	h-DRB1_07_01-718	11.0	19.0	0.9617224880382776	0.5242966751918158	DRB1	True	right_only	False	2026 only	cii	DRB1*07:01	cii
Dataset2	CAGTAACTCAATCACG-2	TRB:CASSSPTGGNEQFF;TRA:CAASYFGNEKLTF	C04	Quiescent_CD8	supercentenarian	CASSSPTGGNEQFF	CAASYFGNEKLTF	83	1382	0.060057887120115776	CASSSPTGGNEQFF+TCRBV07-09+TCRBJ02-01	TCRBV07-09	TCRBJ02-01	B*15:01	ci	feature9526_B_15_01	B	True	B*15:01	ci	4.8668347e-10	-9.312753404135984	h-B_15_01-190	10.0	8.0	0.8875	0.5583972719522592	B	True	both	True	shared	ci	B*15:01	ci
Dataset2	CAGTCCTCAACACCCG-2	TRB:CASSSASGGNEQFF;TRA:CAASYFGNEKLTF	A02	Quiescent_CD8	control	CASSSASGGNEQFF	CAASYFGNEKLTF	10	799	0.012515644555694618	CASSSASGGNEQFF+TCRBV07-09+TCRBJ02-01	TCRBV07-09	TCRBJ02-01	B*15:01	ci	feature9526_B_15_01	B	True	B*15:01	ci	7.5402223e-10	-9.122615850119594	h-B_15_01-190	10.0	8.0	0.8875	0.5583972719522592	B	True	both	True	shared	ci	B*15:01	ci
Dataset2	CATATGGTCGAATCCA-2	TRB:CASSLWTGGGNEQFF;TRA:CAVQETSGSRLTF	C04	Quiescent_CD8	supercentenarian	CASSLWTGGGNEQFF	CAVQETSGSRLTF	9	1382	0.006512301013024602	CASSLWTGGGNEQFF+TCRBV27-01+TCRBJ02-01	TCRBV27-01	TCRBJ02-01	A*11:01	ci	feature2347_A_11_01	A	True	A*11:01	ci	1.1517185e-09	-8.938653657055104	h-A_11_01-135	13.0	9.0	0.8632478632478631	0.5717533390167662	A	True	both	True	shared	ci	A*11:01	ci
Dataset2	CATCAAGAGTTTAGGA-2	TRB:CASRPTGGRTDTQYF;TRA:CAVGANNLFF	C03	Quiescent_CD4_CTL	supercentenarian	CASRPTGGRTDTQYF	CAVGANNLFF	1	1606	0.0006226650062266501	CASRPTGGRTDTQYF+TCRBV06-04+TCRBJ02-03	TCRBV06-04	TCRBJ02-03	DPA1*02:02+DPB1*05:01	cii	feature29615_DPA1_02_02+DPB1_05_01	DPA1	True	DPA1*02:02+DPB1*05:01	cii	4.2590198e-10	-9.370690340905178	h-DPA1_02_02_DPB1_05_01-191	9.0	5.0	0.8888888888888888	0.5994600738846263	DPA1	True	both	True	shared	cii	DPA1*02:02+DPB1*05:01	cii
Dataset2	CATCAGAAGTGAAGTT-2	TRB:CSVEGDRGRSETQYF;TRA:CALETDSWGKLQF	A02	Quiescent_CD4_CTL	control	CSVEGDRGRSETQYF	CALETDSWGKLQF	74	799	0.09261576971214018	CSVEGDRGRSETQYF+TCRBV29-01+TCRBJ02-05	TCRBV29-01	TCRBJ02-05	DRB1*15:01	cii	feature41633_DRB1_15_01	DRB1	True	DRB1*15:01	cii	8.389768e-11	-10.07625004843386	h-DRB1_15_01-992	4.0	14.0	0.9821428571428572	0.5981813015061097	DRB1	True	both	True	shared	cii	DRB1*15:01	cii
Dataset2	CATCGAATCTTGTTTG-2	TRB:CASSSPTGGNEQFF;TRA:CAASYFGNEKLTF	C04	Quiescent_CD8	supercentenarian	CASSSPTGGNEQFF	CAASYFGNEKLTF	83	1382	0.060057887120115776	CASSSPTGGNEQFF+TCRBV07-09+TCRBJ02-01	TCRBV07-09	TCRBJ02-01	B*15:01	ci	feature9526_B_15_01	B	True	B*15:01	ci	4.8668347e-10	-9.312753404135984	h-B_15_01-190	10.0	8.0	0.8875	0.5583972719522592	B	True	both	True	shared	ci	B*15:01	ci
Dataset2	CATGGCGTCACAGTAC-2	TRB:CASSYSGGDEQFF;TRA:CVVRNSGYALNF	C04	Quiescent_CD8	supercentenarian	CASSYSGGDEQFF	CVVRNSGYALNF	3	1382	0.002170767004341534	CASSYSGGDEQFF+TCRBV06-05+TCRBJ02-01	TCRBV06-05	TCRBJ02-01	B*15:01	ci	feature9526_B_15_01	B	True	B*15:01	ci	2.7962761e-08	-7.5534199492402125	h-B_15_01-190	10.0	8.0	0.8875	0.5583972719522592	B	True	both	True	shared	ci	B*15:01	ci
Dataset2	CATGGCGTCAGCGATT-2	TRB:CASSFAGGSDTQYF;TRA:CAGGGVNRGSTLGRLYF	C03	Activated_CD8	supercentenarian	CASSFAGGSDTQYF	CAGGGVNRGSTLGRLYF	37	1606	0.02303860523038605	CASSFAGGSDTQYF+TCRBV27-01+TCRBJ02-03	TCRBV27-01	TCRBJ02-03					False	DRB1*04:05	cii	1.6474279e-09	-8.783193583299862	h-DRB1_04_05-234	1.0	0.0		0.5487354362034669	DRB1	True	right_only	False	2026 only	cii	DRB1*04:05	cii
Dataset2	CATGGCGTCTGCAGTA-2	TRB:CASSSPTGGNEQFF;TRA:CAASYFGNEKLTF	C04	Quiescent_CD8	supercentenarian	CASSSPTGGNEQFF	CAASYFGNEKLTF	83	1382	0.060057887120115776	CASSSPTGGNEQFF+TCRBV07-09+TCRBJ02-01	TCRBV07-09	TCRBJ02-01	B*15:01	ci	feature9526_B_15_01	B	True	B*15:01	ci	4.8668347e-10	-9.312753404135984	h-B_15_01-190	10.0	8.0	0.8875	0.5583972719522592	B	True	both	True	shared	ci	B*15:01	ci
Dataset2	CATTCGCTCGGAAATA-2	TRB:CASSSPTGGNEQFF;TRA:CAASYFGNEKLTF	C04	Quiescent_CD8	supercentenarian	CASSSPTGGNEQFF	CAASYFGNEKLTF	83	1382	0.060057887120115776	CASSSPTGGNEQFF+TCRBV07-09+TCRBJ02-01	TCRBV07-09	TCRBJ02-01	B*15:01	ci	feature9526_B_15_01	B	True	B*15:01	ci	4.8668347e-10	-9.312753404135984	h-B_15_01-190	10.0	8.0	0.8875	0.5583972719522592	B	True	both	True	shared	ci	B*15:01	ci
Dataset2	CCAATCCAGCGATTCT-2	TRB:CSVEGDRGRSETQYF;TRA:CALETDSWGKLQF	A02	Quiescent_CD4_CTL	control	CSVEGDRGRSETQYF	CALETDSWGKLQF	74	799	0.09261576971214018	CSVEGDRGRSETQYF+TCRBV29-01+TCRBJ02-05	TCRBV29-01	TCRBJ02-05	DRB1*15:01	cii	feature41633_DRB1_15_01	DRB1	True	DRB1*15:01	cii	8.389768e-11	-10.07625004843386	h-DRB1_15_01-992	4.0	14.0	0.9821428571428572	0.5981813015061097	DRB1	True	both	True	shared	cii	DRB1*15:01	cii
Dataset2	CCAGCGACAAGCTGTT-2	TRB:CASSESGPNQPQHF;TRA:CVVIGWTSGGSYIPTF	B01	Activated_CD4_CTL	centenarian	CASSESGPNQPQHF	CVVIGWTSGGSYIPTF	17	416	0.040865384615384616	CASSESGPNQPQHF+TCRBV10-02+TCRBJ01-05	TCRBV10-02	TCRBJ01-05	DRB5*02:02	cii	feature43549_DRB5_02_02	DRB5	True											False	left_only	False	2024 only	cii	DRB5*02:02	cii
Dataset2	CCATGTCTCGGCGGTT-2	TRB:CASSFGTGSNGYTF;TRA:CLVGDRAGGGADGLTF	B01	Quiescent_CD8	centenarian	CASSFGTGSNGYTF	CLVGDRAGGGADGLTF	3	416	0.007211538461538462	CASSFGTGSNGYTF+TCRBV05-01+TCRBJ01-02	TCRBV05-01	TCRBJ01-02	B*52:01	ci	feature18241_B_52_01	B	True											False	left_only	False	2024 only	ci	B*52:01	ci
Dataset2	CCCAATCTCAATCTCT-2	TRB:CSVEGDRGRSETQYF;TRA:CALETDSWGKLQF	A02	Activated_CD4_CTL	control	CSVEGDRGRSETQYF	CALETDSWGKLQF	74	799	0.09261576971214018	CSVEGDRGRSETQYF+TCRBV29-01+TCRBJ02-05	TCRBV29-01	TCRBJ02-05	DRB1*15:01	cii	feature41633_DRB1_15_01	DRB1	True	DRB1*15:01	cii	8.389768e-11	-10.07625004843386	h-DRB1_15_01-992	4.0	14.0	0.9821428571428572	0.5981813015061097	DRB1	True	both	True	shared	cii	DRB1*15:01	cii
Dataset2	CCCAATCTCCCAAGTA-2	TRB:CSVEGDRGRSETQYF;TRA:CALETDSWGKLQF	A02	Quiescent_CD4_CTL	control	CSVEGDRGRSETQYF	CALETDSWGKLQF	74	799	0.09261576971214018	CSVEGDRGRSETQYF+TCRBV29-01+TCRBJ02-05	TCRBV29-01	TCRBJ02-05	DRB1*15:01	cii	feature41633_DRB1_15_01	DRB1	True	DRB1*15:01	cii	8.389768e-11	-10.07625004843386	h-DRB1_15_01-992	4.0	14.0	0.9821428571428572	0.5981813015061097	DRB1	True	both	True	shared	cii	DRB1*15:01	cii
Dataset2	CCGGGATCATATGGTC-2	TRB:CASSSGQVYGYTF;TRA:CAVGGGSNYKLTF	C04	Quiescent_CD4_CTL	supercentenarian	CASSSGQVYGYTF	CAVGGGSNYKLTF	18	1382	0.013024602026049204	CASSSGQVYGYTF+TCRBV05-06+TCRBJ01-02	TCRBV05-06	TCRBJ01-02	A*01:01	ci	feature339_A_01_01	A	True	A*01:01	ci	3.5673313e-09	-8.44765655562367	h-A_01_01-169	5.0	12.0	0.625	0.536231884057971	A	True	both	True	shared	ci	A*01:01	ci
Dataset2	CCGGGATGTTGCTCCT-2	TRB:CASSSGQVYGYTF;TRA:CAVGGGSNYKLTF	C04	Quiescent_CD4_CTL	supercentenarian	CASSSGQVYGYTF	CAVGGGSNYKLTF	18	1382	0.013024602026049204	CASSSGQVYGYTF+TCRBV05-06+TCRBJ01-02	TCRBV05-06	TCRBJ01-02	A*01:01	ci	feature339_A_01_01	A	True	A*01:01	ci	3.5673313e-09	-8.44765655562367	h-A_01_01-169	5.0	12.0	0.625	0.536231884057971	A	True	both	True	shared	ci	A*01:01	ci
Dataset2	CCGGTAGTCTCCCTGA-2	TRB:CASSYSGGDEQFF;TRA:CVVRNSGYALNF	C04	Quiescent_CD8	supercentenarian	CASSYSGGDEQFF	CVVRNSGYALNF	3	1382	0.002170767004341534	CASSYSGGDEQFF+TCRBV06-05+TCRBJ02-01	TCRBV06-05	TCRBJ02-01	B*15:01	ci	feature9526_B_15_01	B	True	B*15:01	ci	2.7962761e-08	-7.5534199492402125	h-B_15_01-190	10.0	8.0	0.8875	0.5583972719522592	B	True	both	True	shared	ci	B*15:01	ci
Dataset2	CCGTGGATCAAACCAC-2	TRB:CASSSPTGGNEQFF;TRA:CAASYFGNEKLTF	C04	Quiescent_CD8	supercentenarian	CASSSPTGGNEQFF	CAASYFGNEKLTF	83	1382	0.060057887120115776	CASSSPTGGNEQFF+TCRBV07-09+TCRBJ02-01	TCRBV07-09	TCRBJ02-01	B*15:01	ci	feature9526_B_15_01	B	True	B*15:01	ci	4.8668347e-10	-9.312753404135984	h-B_15_01-190	10.0	8.0	0.8875	0.5583972719522592	B	True	both	True	shared	ci	B*15:01	ci
Dataset2	CCTACACAGAGCTTCT-2	TRB:CASSESGPNQPQHF;TRA:CAMREEGQAGTALIF;TRA:CAPNAGNNRKLIW	B01	Activated_CD4_Helper	centenarian	CASSESGPNQPQHF	CAPNAGNNRKLIW	1	416	0.002403846153846154	CASSESGPNQPQHF+TCRBV10-02+TCRBJ01-05	TCRBV10-02	TCRBJ01-05	DRB5*02:02	cii	feature43549_DRB5_02_02	DRB5	True											False	left_only	False	2024 only	cii	DRB5*02:02	cii
Dataset2	CCTACACAGGTAGCTG-2	TRB:CASSLGGADTQYF;TRA:CAVGAKEYGNKLVF	C03	Quiescent_CD4_Naive	supercentenarian	CASSLGGADTQYF	CAVGAKEYGNKLVF	1	1606	0.0006226650062266501	CASSLGGADTQYF+TCRBV28-01+TCRBJ02-03	TCRBV28-01	TCRBJ02-03	C*06:02	ci	feature20216_C_06_02	C	True											False	left_only	False	2024 only	ci	C*06:02	ci
Dataset2	CCTAGCTCAGGTGCCT-2	TRB:CASSLIGVSSYNEQFF;TRA:CATVPRMDSSYKLIF	B04	Quiescent_CD8	centenarian	CASSLIGVSSYNEQFF	CATVPRMDSSYKLIF	1	1171	0.0008539709649871904	CASSLIGVSSYNEQFF+TCRBV07-09+TCRBJ02-01	TCRBV07-09	TCRBJ02-01	B*07:02	ci	feature7899_B_07_02	B	True	B*07:02	ci	1.5587147e-10	-9.807233368810149	h-B_07_02-535	6.0	8.0	1.0	0.6116794543904518	B	True	both	True	shared	ci	B*07:02	ci
Dataset2	CCTATTACAATGTTGC-2	TRB:CSVEGDRGRSETQYF;TRA:CALETDSWGKLQF	A02	Quiescent_CD4_CTL	control	CSVEGDRGRSETQYF	CALETDSWGKLQF	74	799	0.09261576971214018	CSVEGDRGRSETQYF+TCRBV29-01+TCRBJ02-05	TCRBV29-01	TCRBJ02-05	DRB1*15:01	cii	feature41633_DRB1_15_01	DRB1	True	DRB1*15:01	cii	8.389768e-11	-10.07625004843386	h-DRB1_15_01-992	4.0	14.0	0.9821428571428572	0.5981813015061097	DRB1	True	both	True	shared	cii	DRB1*15:01	cii
Dataset2	CCTCAGTGTGTAACGG-2	TRB:CSVEGDRGRSETQYF;TRA:CALETDSWGKLQF	A02	Quiescent_CD4_CTL	control	CSVEGDRGRSETQYF	CALETDSWGKLQF	74	799	0.09261576971214018	CSVEGDRGRSETQYF+TCRBV29-01+TCRBJ02-05	TCRBV29-01	TCRBJ02-05	DRB1*15:01	cii	feature41633_DRB1_15_01	DRB1	True	DRB1*15:01	cii	8.389768e-11	-10.07625004843386	h-DRB1_15_01-992	4.0	14.0	0.9821428571428572	0.5981813015061097	DRB1	True	both	True	shared	cii	DRB1*15:01	cii
Dataset2	CCTTACGAGTGCGATG-2	TRB:CASSSPTGGNEQFF;TRA:CAASYFGNEKLTF	C04	Quiescent_CD8	supercentenarian	CASSSPTGGNEQFF	CAASYFGNEKLTF	83	1382	0.060057887120115776	CASSSPTGGNEQFF+TCRBV07-09+TCRBJ02-01	TCRBV07-09	TCRBJ02-01	B*15:01	ci	feature9526_B_15_01	B	True	B*15:01	ci	4.8668347e-10	-9.312753404135984	h-B_15_01-190	10.0	8.0	0.8875	0.5583972719522592	B	True	both	True	shared	ci	B*15:01	ci
Dataset2	CCTTCCCAGAAGCCCA-2	TRB:CASSSPTGGNEQFF;TRA:CAASYFGNEKLTF	C04	Quiescent_CD8	supercentenarian	CASSSPTGGNEQFF	CAASYFGNEKLTF	83	1382	0.060057887120115776	CASSSPTGGNEQFF+TCRBV07-09+TCRBJ02-01	TCRBV07-09	TCRBJ02-01	B*15:01	ci	feature9526_B_15_01	B	True	B*15:01	ci	4.8668347e-10	-9.312753404135984	h-B_15_01-190	10.0	8.0	0.8875	0.5583972719522592	B	True	both	True	shared	ci	B*15:01	ci
Dataset2	CCTTCCCAGGACATTA-2	TRB:CASSSPTGGNEQFF;TRA:CAASYFGNEKLTF	C04	Quiescent_CD8	supercentenarian	CASSSPTGGNEQFF	CAASYFGNEKLTF	83	1382	0.060057887120115776	CASSSPTGGNEQFF+TCRBV07-09+TCRBJ02-01	TCRBV07-09	TCRBJ02-01	B*15:01	ci	feature9526_B_15_01	B	True	B*15:01	ci	4.8668347e-10	-9.312753404135984	h-B_15_01-190	10.0	8.0	0.8875	0.5583972719522592	B	True	both	True	shared	ci	B*15:01	ci
Dataset2	CCTTTCTCAGTTCATG-2	TRB:CASSSNRDTEAFF;TRA:CAVNPPIGFGNVLHC;TRA:CAVTSGSARQLTF	C03	Quiescent_CD4_Helper	supercentenarian	CASSSNRDTEAFF	CAVTSGSARQLTF	1	1606	0.0006226650062266501	CASSSNRDTEAFF+TCRBV06-06+TCRBJ01-01	TCRBV06-06	TCRBJ01-01					False	DRB4*01:01P	cii	5.2942684e-10	-9.276194045338375	h-DRB4_01_01P-47	3.0	4.0	1.0	0.7092924126172209	DRB4	True	right_only	False	2026 only	cii	DRB4*01:01P	cii
Dataset2	CGAACATAGAGGTTGC-2	TRB:CSVEGDRGRSETQYF;TRA:CALETDSWGKLQF	A02	Activated_CD4_CTL	control	CSVEGDRGRSETQYF	CALETDSWGKLQF	74	799	0.09261576971214018	CSVEGDRGRSETQYF+TCRBV29-01+TCRBJ02-05	TCRBV29-01	TCRBJ02-05	DRB1*15:01	cii	feature41633_DRB1_15_01	DRB1	True	DRB1*15:01	cii	8.389768e-11	-10.07625004843386	h-DRB1_15_01-992	4.0	14.0	0.9821428571428572	0.5981813015061097	DRB1	True	both	True	shared	cii	DRB1*15:01	cii
Dataset2	CGAACATTCCACGAAT-2	TRB:CASSFAGGSDTQYF;TRA:CAGGGVNRGSTLGRLYF	C03	Activated_CD8	supercentenarian	CASSFAGGSDTQYF	CAGGGVNRGSTLGRLYF	37	1606	0.02303860523038605	CASSFAGGSDTQYF+TCRBV27-01+TCRBJ02-03	TCRBV27-01	TCRBJ02-03					False	DRB1*04:05	cii	1.6474279e-09	-8.783193583299862	h-DRB1_04_05-234	1.0	0.0		0.5487354362034669	DRB1	True	right_only	False	2026 only	cii	DRB1*04:05	cii
Dataset2	CGAATGTAGCGTGTCC-2	TRB:CSVEGDRGRSETQYF;TRA:CALETDSWGKLQF	A02	Activated_CD4_CTL	control	CSVEGDRGRSETQYF	CALETDSWGKLQF	74	799	0.09261576971214018	CSVEGDRGRSETQYF+TCRBV29-01+TCRBJ02-05	TCRBV29-01	TCRBJ02-05	DRB1*15:01	cii	feature41633_DRB1_15_01	DRB1	True	DRB1*15:01	cii	8.389768e-11	-10.07625004843386	h-DRB1_15_01-992	4.0	14.0	0.9821428571428572	0.5981813015061097	DRB1	True	both	True	shared	cii	DRB1*15:01	cii
Dataset2	CGAATGTGTAGCGCTC-2	TRB:CASSESGPNQPQHF;TRA:CVVIGWTSGGSYIPTF	B01	Quiescent_CD4_CTL	centenarian	CASSESGPNQPQHF	CVVIGWTSGGSYIPTF	17	416	0.040865384615384616	CASSESGPNQPQHF+TCRBV10-02+TCRBJ01-05	TCRBV10-02	TCRBJ01-05	DRB5*02:02	cii	feature43549_DRB5_02_02	DRB5	True											False	left_only	False	2024 only	cii	DRB5*02:02	cii
Dataset2	CGAGCACGTAAGTGTA-2	TRB:CASSLWTGGGNEQFF;TRA:CAVQETSGSRLTF	C04	Quiescent_CD8	supercentenarian	CASSLWTGGGNEQFF	CAVQETSGSRLTF	9	1382	0.006512301013024602	CASSLWTGGGNEQFF+TCRBV27-01+TCRBJ02-01	TCRBV27-01	TCRBJ02-01	A*11:01	ci	feature2347_A_11_01	A	True	A*11:01	ci	1.1517185e-09	-8.938653657055104	h-A_11_01-135	13.0	9.0	0.8632478632478631	0.5717533390167662	A	True	both	True	shared	ci	A*11:01	ci
Dataset2	CGAGCCACACCAGATT-2	TRB:CASSSPTGGNEQFF;TRA:CAASYFGNEKLTF	C04	Activated_CD8	supercentenarian	CASSSPTGGNEQFF	CAASYFGNEKLTF	83	1382	0.060057887120115776	CASSSPTGGNEQFF+TCRBV07-09+TCRBJ02-01	TCRBV07-09	TCRBJ02-01	B*15:01	ci	feature9526_B_15_01	B	True	B*15:01	ci	4.8668347e-10	-9.312753404135984	h-B_15_01-190	10.0	8.0	0.8875	0.5583972719522592	B	True	both	True	shared	ci	B*15:01	ci
Dataset2	CGATTGACAATGGAAT-2	TRB:CASSLGGNTEAFF;TRA:CVVSVGGNTGKLIF	B01	Activated_CD4_Helper	centenarian	CASSLGGNTEAFF	CVVSVGGNTGKLIF	1	416	0.002403846153846154	CASSLGGNTEAFF+TCRBV05-08+TCRBJ01-01	TCRBV05-08	TCRBJ01-01					False	DRB1*08:03	cii	2.5635822e-08	-7.591152752561764	h-DRB1_08_03-234	0.0	0.0		0.4671781756180734	DRB1	True	right_only	False	2026 only	cii	DRB1*08:03	cii
Dataset2	CGCTATCTCTTGCAAG-2	TRB:CASSSPTGGNEQFF;TRA:CAASYFGNEKLTF	C04	Quiescent_CD8	supercentenarian	CASSSPTGGNEQFF	CAASYFGNEKLTF	83	1382	0.060057887120115776	CASSSPTGGNEQFF+TCRBV07-09+TCRBJ02-01	TCRBV07-09	TCRBJ02-01	B*15:01	ci	feature9526_B_15_01	B	True	B*15:01	ci	4.8668347e-10	-9.312753404135984	h-B_15_01-190	10.0	8.0	0.8875	0.5583972719522592	B	True	both	True	shared	ci	B*15:01	ci
Dataset2	CGGACTGCATGAGCGA-2	TRB:CSVEGDRGRSETQYF;TRA:CALETDSWGKLQF	A02	Quiescent_CD4_CTL	control	CSVEGDRGRSETQYF	CALETDSWGKLQF	74	799	0.09261576971214018	CSVEGDRGRSETQYF+TCRBV29-01+TCRBJ02-05	TCRBV29-01	TCRBJ02-05	DRB1*15:01	cii	feature41633_DRB1_15_01	DRB1	True	DRB1*15:01	cii	8.389768e-11	-10.07625004843386	h-DRB1_15_01-992	4.0	14.0	0.9821428571428572	0.5981813015061097	DRB1	True	both	True	shared	cii	DRB1*15:01	cii
Dataset2	CGGAGCTTCATCGCTC-2	TRB:CASSSGQVYGYTF;TRA:CAVGGGSNYKLTF	C04	Quiescent_CD4_CTL	supercentenarian	CASSSGQVYGYTF	CAVGGGSNYKLTF	18	1382	0.013024602026049204	CASSSGQVYGYTF+TCRBV05-06+TCRBJ01-02	TCRBV05-06	TCRBJ01-02	A*01:01	ci	feature339_A_01_01	A	True	A*01:01	ci	3.5673313e-09	-8.44765655562367	h-A_01_01-169	5.0	12.0	0.625	0.536231884057971	A	True	both	True	shared	ci	A*01:01	ci
Dataset2	CGGGTCACAAGGACTG-2	TRB:CASSSPTGGNEQFF;TRA:CAASYFGNEKLTF	C04	Quiescent_CD8	supercentenarian	CASSSPTGGNEQFF	CAASYFGNEKLTF	83	1382	0.060057887120115776	CASSSPTGGNEQFF+TCRBV07-09+TCRBJ02-01	TCRBV07-09	TCRBJ02-01	B*15:01	ci	feature9526_B_15_01	B	True	B*15:01	ci	4.8668347e-10	-9.312753404135984	h-B_15_01-190	10.0	8.0	0.8875	0.5583972719522592	B	True	both	True	shared	ci	B*15:01	ci
Dataset2	CGTCACTGTTCCAACA-2	TRB:CASSLWTGGGNEQFF	C04	Quiescent_CD8	supercentenarian	CASSLWTGGGNEQFF		4	1382	0.002894356005788712	CASSLWTGGGNEQFF+TCRBV27-01+TCRBJ02-01	TCRBV27-01	TCRBJ02-01	A*11:01	ci	feature2347_A_11_01	A	True	A*11:01	ci	1.1517185e-09	-8.938653657055104	h-A_11_01-135	13.0	9.0	0.8632478632478631	0.5717533390167662	A	True	both	True	shared	ci	A*11:01	ci
Dataset2	CGTCAGGGTGGTAACG-2	TRB:CASSSGQVYGYTF;TRA:CAVGGGSNYKLTF	C04	Quiescent_CD4_CTL	supercentenarian	CASSSGQVYGYTF	CAVGGGSNYKLTF	18	1382	0.013024602026049204	CASSSGQVYGYTF+TCRBV05-06+TCRBJ01-02	TCRBV05-06	TCRBJ01-02	A*01:01	ci	feature339_A_01_01	A	True	A*01:01	ci	3.5673313e-09	-8.44765655562367	h-A_01_01-169	5.0	12.0	0.625	0.536231884057971	A	True	both	True	shared	ci	A*01:01	ci
Dataset2	CGTGTCTGTAGGGTAC-2	TRB:CASSSGQVYGYTF;TRA:CAVGGGSNYKLTF	C04	Quiescent_CD4_CTL	supercentenarian	CASSSGQVYGYTF	CAVGGGSNYKLTF	18	1382	0.013024602026049204	CASSSGQVYGYTF+TCRBV05-06+TCRBJ01-02	TCRBV05-06	TCRBJ01-02	A*01:01	ci	feature339_A_01_01	A	True	A*01:01	ci	3.5673313e-09	-8.44765655562367	h-A_01_01-169	5.0	12.0	0.625	0.536231884057971	A	True	both	True	shared	ci	A*01:01	ci
Dataset2	CGTGTCTTCAATACCG-2	TRB:CASSSPTGGNEQFF;TRA:CAASYFGNEKLTF	C04	Quiescent_CD8	supercentenarian	CASSSPTGGNEQFF	CAASYFGNEKLTF	83	1382	0.060057887120115776	CASSSPTGGNEQFF+TCRBV07-09+TCRBJ02-01	TCRBV07-09	TCRBJ02-01	B*15:01	ci	feature9526_B_15_01	B	True	B*15:01	ci	4.8668347e-10	-9.312753404135984	h-B_15_01-190	10.0	8.0	0.8875	0.5583972719522592	B	True	both	True	shared	ci	B*15:01	ci
Dataset2	CGTGTCTTCGCACTCT-2	TRB:CSVEGDRGRSETQYF;TRA:CALETDSWGKLQF	A02	Quiescent_CD4_CTL	control	CSVEGDRGRSETQYF	CALETDSWGKLQF	74	799	0.09261576971214018	CSVEGDRGRSETQYF+TCRBV29-01+TCRBJ02-05	TCRBV29-01	TCRBJ02-05	DRB1*15:01	cii	feature41633_DRB1_15_01	DRB1	True	DRB1*15:01	cii	8.389768e-11	-10.07625004843386	h-DRB1_15_01-992	4.0	14.0	0.9821428571428572	0.5981813015061097	DRB1	True	both	True	shared	cii	DRB1*15:01	cii
Dataset2	CTAACTTAGCACAGGT-2	TRB:CASSYSGSDEQFF;TRA:CAGPNSSNTGKLIF	A02	Quiescent_CD8	control	CASSYSGSDEQFF	CAGPNSSNTGKLIF	2	799	0.0025031289111389237	CASSYSGSDEQFF+TCRBV06-05+TCRBJ02-01	TCRBV06-05	TCRBJ02-01	B*15:01	ci	feature9526_B_15_01	B	True											False	left_only	False	2024 only	ci	B*15:01	ci
Dataset2	CTACACCTCTAGCACA-2	TRB:CASSSPTGGNEQFF;TRA:CAASYFGNEKLTF	C04	Quiescent_CD8	supercentenarian	CASSSPTGGNEQFF	CAASYFGNEKLTF	83	1382	0.060057887120115776	CASSSPTGGNEQFF+TCRBV07-09+TCRBJ02-01	TCRBV07-09	TCRBJ02-01	B*15:01	ci	feature9526_B_15_01	B	True	B*15:01	ci	4.8668347e-10	-9.312753404135984	h-B_15_01-190	10.0	8.0	0.8875	0.5583972719522592	B	True	both	True	shared	ci	B*15:01	ci
Dataset2	CTAGTGAAGCTTCGCG-2	TRB:CASSSPTGGNEQFF;TRA:CAASYFGNEKLTF	C04	Quiescent_CD8	supercentenarian	CASSSPTGGNEQFF	CAASYFGNEKLTF	83	1382	0.060057887120115776	CASSSPTGGNEQFF+TCRBV07-09+TCRBJ02-01	TCRBV07-09	TCRBJ02-01	B*15:01	ci	feature9526_B_15_01	B	True	B*15:01	ci	4.8668347e-10	-9.312753404135984	h-B_15_01-190	10.0	8.0	0.8875	0.5583972719522592	B	True	both	True	shared	ci	B*15:01	ci
Dataset2	CTCAGAAGTAGCACGA-2	TRB:CSVEGDRGRSETQYF;TRA:CALETDSWGKLQF	A02	Quiescent_CD4_CTL	control	CSVEGDRGRSETQYF	CALETDSWGKLQF	74	799	0.09261576971214018	CSVEGDRGRSETQYF+TCRBV29-01+TCRBJ02-05	TCRBV29-01	TCRBJ02-05	DRB1*15:01	cii	feature41633_DRB1_15_01	DRB1	True	DRB1*15:01	cii	8.389768e-11	-10.07625004843386	h-DRB1_15_01-992	4.0	14.0	0.9821428571428572	0.5981813015061097	DRB1	True	both	True	shared	cii	DRB1*15:01	cii
Dataset2	CTCCTAGAGGAGTAGA-2	TRB:CASSSPTGGNEQFF;TRA:CAASYFGNEKLTF	C04	Quiescent_CD8	supercentenarian	CASSSPTGGNEQFF	CAASYFGNEKLTF	83	1382	0.060057887120115776	CASSSPTGGNEQFF+TCRBV07-09+TCRBJ02-01	TCRBV07-09	TCRBJ02-01	B*15:01	ci	feature9526_B_15_01	B	True	B*15:01	ci	4.8668347e-10	-9.312753404135984	h-B_15_01-190	10.0	8.0	0.8875	0.5583972719522592	B	True	both	True	shared	ci	B*15:01	ci
Dataset2	CTCGGAGAGGCAAAGA-2	TRB:CASSFAGGSDTQYF;TRA:CAGGGVNRGSTLGRLYF	C03	Activated_CD8	supercentenarian	CASSFAGGSDTQYF	CAGGGVNRGSTLGRLYF	37	1606	0.02303860523038605	CASSFAGGSDTQYF+TCRBV27-01+TCRBJ02-03	TCRBV27-01	TCRBJ02-03					False	DRB1*04:05	cii	1.6474279e-09	-8.783193583299862	h-DRB1_04_05-234	1.0	0.0		0.5487354362034669	DRB1	True	right_only	False	2026 only	cii	DRB1*04:05	cii
Dataset2	CTCGGAGGTTGTCTTT-2	TRB:CASSFAGGSDTQYF;TRA:CAGGGVNRGSTLGRLYF	C03	Activated_CD8	supercentenarian	CASSFAGGSDTQYF	CAGGGVNRGSTLGRLYF	37	1606	0.02303860523038605	CASSFAGGSDTQYF+TCRBV27-01+TCRBJ02-03	TCRBV27-01	TCRBJ02-03					False	DRB1*04:05	cii	1.6474279e-09	-8.783193583299862	h-DRB1_04_05-234	1.0	0.0		0.5487354362034669	DRB1	True	right_only	False	2026 only	cii	DRB1*04:05	cii
Dataset2	CTCTAATGTGTTCTTT-2	TRB:CASSLWTGGGNEQFF;TRA:CAVQETSGSRLTF	C04	Quiescent_CD8	supercentenarian	CASSLWTGGGNEQFF	CAVQETSGSRLTF	9	1382	0.006512301013024602	CASSLWTGGGNEQFF+TCRBV27-01+TCRBJ02-01	TCRBV27-01	TCRBJ02-01	A*11:01	ci	feature2347_A_11_01	A	True	A*11:01	ci	1.1517185e-09	-8.938653657055104	h-A_11_01-135	13.0	9.0	0.8632478632478631	0.5717533390167662	A	True	both	True	shared	ci	A*11:01	ci
Dataset2	CTCTACGTCAGAGCTT-2	TRB:CASSFNRALDEKLFF;TRA:CAATPFSNSNSGYALNF;TRA:CAVQASGGGADGLTF	C03	Activated_CD4_CTL	supercentenarian	CASSFNRALDEKLFF	CAVQASGGGADGLTF	1	1606	0.0006226650062266501	CASSFNRALDEKLFF+TCRBV05-04+TCRBJ01-04	TCRBV05-04	TCRBJ01-04					False	DRB4*01:01P	cii	3.2518278e-12	-11.48787246046108	h-DRB4_01_01P-47	3.0	4.0	1.0	0.7092924126172209	DRB4	True	right_only	False	2026 only	cii	DRB4*01:01P	cii
Dataset2	CTGAAACAGTTACCCA-2	TRB:CASSFAGGSDTQYF;TRA:CAGGGVNRGSTLGRLYF	C03	Activated_CD8	supercentenarian	CASSFAGGSDTQYF	CAGGGVNRGSTLGRLYF	37	1606	0.02303860523038605	CASSFAGGSDTQYF+TCRBV27-01+TCRBJ02-03	TCRBV27-01	TCRBJ02-03					False	DRB1*04:05	cii	1.6474279e-09	-8.783193583299862	h-DRB1_04_05-234	1.0	0.0		0.5487354362034669	DRB1	True	right_only	False	2026 only	cii	DRB1*04:05	cii
Dataset2	CTGATAGGTTGAACTC-2	TRB:CASSFAGGSDTQYF;TRA:CAGGGVNRGSTLGRLYF	C03	Quiescent_CD8	supercentenarian	CASSFAGGSDTQYF	CAGGGVNRGSTLGRLYF	37	1606	0.02303860523038605	CASSFAGGSDTQYF+TCRBV27-01+TCRBJ02-03	TCRBV27-01	TCRBJ02-03					False	DRB1*04:05	cii	1.6474279e-09	-8.783193583299862	h-DRB1_04_05-234	1.0	0.0		0.5487354362034669	DRB1	True	right_only	False	2026 only	cii	DRB1*04:05	cii
Dataset2	CTGATCCTCCCTTGTG-2	TRB:CASSSPTGGNEQFF;TRA:CAASYFGNEKLTF	C04	Quiescent_CD8	supercentenarian	CASSSPTGGNEQFF	CAASYFGNEKLTF	83	1382	0.060057887120115776	CASSSPTGGNEQFF+TCRBV07-09+TCRBJ02-01	TCRBV07-09	TCRBJ02-01	B*15:01	ci	feature9526_B_15_01	B	True	B*15:01	ci	4.8668347e-10	-9.312753404135984	h-B_15_01-190	10.0	8.0	0.8875	0.5583972719522592	B	True	both	True	shared	ci	B*15:01	ci
Dataset2	CTGCCTAGTAGCGCAA-2	TRB:CASSESGPNQPQHF;TRA:CVVIGWTSGGSYIPTF	B01	Quiescent_CD4_CTL	centenarian	CASSESGPNQPQHF	CVVIGWTSGGSYIPTF	17	416	0.040865384615384616	CASSESGPNQPQHF+TCRBV10-02+TCRBJ01-05	TCRBV10-02	TCRBJ01-05	DRB5*02:02	cii	feature43549_DRB5_02_02	DRB5	True											False	left_only	False	2024 only	cii	DRB5*02:02	cii
Dataset2	CTGCCTATCGCCTGAG-2	TRB:CASSSPTGGNEQFF	C04	Activated_CD8	supercentenarian	CASSSPTGGNEQFF		5	1382	0.00361794500723589	CASSSPTGGNEQFF+TCRBV07-09+TCRBJ02-01	TCRBV07-09	TCRBJ02-01	B*15:01	ci	feature9526_B_15_01	B	True	B*15:01	ci	4.8668347e-10	-9.312753404135984	h-B_15_01-190	10.0	8.0	0.8875	0.5583972719522592	B	True	both	True	shared	ci	B*15:01	ci
Dataset2	CTTAACTAGGTGGGTT-2	TRB:CASSSPTGGNEQFF;TRA:CAASYFGNEKLTF	C04	Quiescent_CD8	supercentenarian	CASSSPTGGNEQFF	CAASYFGNEKLTF	83	1382	0.060057887120115776	CASSSPTGGNEQFF+TCRBV07-09+TCRBJ02-01	TCRBV07-09	TCRBJ02-01	B*15:01	ci	feature9526_B_15_01	B	True	B*15:01	ci	4.8668347e-10	-9.312753404135984	h-B_15_01-190	10.0	8.0	0.8875	0.5583972719522592	B	True	both	True	shared	ci	B*15:01	ci
Dataset2	CTTACCGAGCTGGAAC-2	TRB:CSVEGDRGRSETQYF;TRA:CALETDSWGKLQF	A02	Quiescent_CD4_CTL	control	CSVEGDRGRSETQYF	CALETDSWGKLQF	74	799	0.09261576971214018	CSVEGDRGRSETQYF+TCRBV29-01+TCRBJ02-05	TCRBV29-01	TCRBJ02-05	DRB1*15:01	cii	feature41633_DRB1_15_01	DRB1	True	DRB1*15:01	cii	8.389768e-11	-10.07625004843386	h-DRB1_15_01-992	4.0	14.0	0.9821428571428572	0.5981813015061097	DRB1	True	both	True	shared	cii	DRB1*15:01	cii
Dataset2	CTTAGGAAGAGCTATA-2	TRB:CASSLWTGGGNEQFF	C04	Quiescent_CD8	supercentenarian	CASSLWTGGGNEQFF		4	1382	0.002894356005788712	CASSLWTGGGNEQFF+TCRBV27-01+TCRBJ02-01	TCRBV27-01	TCRBJ02-01	A*11:01	ci	feature2347_A_11_01	A	True	A*11:01	ci	1.1517185e-09	-8.938653657055104	h-A_11_01-135	13.0	9.0	0.8632478632478631	0.5717533390167662	A	True	both	True	shared	ci	A*11:01	ci
Dataset2	CTTAGGAGTTAGAACA-2	TRB:CASSQEDRAGNTIYF;TRA:CAMSRTTGYSTLTF	C03	Quiescent_CD4_CTL	supercentenarian	CASSQEDRAGNTIYF	CAMSRTTGYSTLTF	3	1606	0.0018679950186799503	CASSQEDRAGNTIYF+TCRBV04-01+TCRBJ01-03	TCRBV04-01	TCRBJ01-03	DRB1*09:01	cii	feature38923_DRB1_09_01	DRB1	True	DRB1*09:01	cii	5.359887e-09	-8.270844366238903	h-DRB1_09_01-549	5.0	3.0	1.0	0.5788576300085251	DRB1	True	both	True	shared	cii	DRB1*09:01	cii
Dataset2	CTTAGGAGTTAGAACA-2	TRB:CASSQEDRAGNTIYF;TRA:CAMSRTTGYSTLTF	C03	Quiescent_CD4_CTL	supercentenarian	CASSQEDRAGNTIYF	CAMSRTTGYSTLTF	3	1606	0.0018679950186799503	CASSQEDRAGNTIYF+TCRBV04-02+TCRBJ01-03	TCRBV04-02	TCRBJ01-03	DRB1*09:01	cii	feature38923_DRB1_09_01	DRB1	True	DRB1*09:01	cii	2.219379e-09	-8.65376852762207	h-DRB1_09_01-549	5.0	3.0	1.0	0.5788576300085251	DRB1	True	both	True	shared	cii	DRB1*09:01	cii
Dataset2	CTTAGGAGTTAGAACA-2	TRB:CASSQEDRAGNTIYF;TRA:CAMSRTTGYSTLTF	C03	Quiescent_CD4_CTL	supercentenarian	CASSQEDRAGNTIYF	CAMSRTTGYSTLTF	3	1606	0.0018679950186799503	CASSQEDRAGNTIYF+TCRBV04-03+TCRBJ01-03	TCRBV04-03	TCRBJ01-03	DRB1*09:01	cii	feature38923_DRB1_09_01	DRB1	True											False	left_only	False	2024 only	cii	DRB1*09:01	cii
Dataset2	CTTGGCTTCTCTGCTG-2	TRB:CSVEGDRGRSETQYF;TRA:CALETDSWGKLQF	A02	Quiescent_CD4_CTL	control	CSVEGDRGRSETQYF	CALETDSWGKLQF	74	799	0.09261576971214018	CSVEGDRGRSETQYF+TCRBV29-01+TCRBJ02-05	TCRBV29-01	TCRBJ02-05	DRB1*15:01	cii	feature41633_DRB1_15_01	DRB1	True	DRB1*15:01	cii	8.389768e-11	-10.07625004843386	h-DRB1_15_01-992	4.0	14.0	0.9821428571428572	0.5981813015061097	DRB1	True	both	True	shared	cii	DRB1*15:01	cii
Dataset2	CTTTGCGGTGGTCCGT-2	TRB:CASSSPTGGNEQFF;TRA:CAASYFGNEKLTF	C04	Activated_CD8	supercentenarian	CASSSPTGGNEQFF	CAASYFGNEKLTF	83	1382	0.060057887120115776	CASSSPTGGNEQFF+TCRBV07-09+TCRBJ02-01	TCRBV07-09	TCRBJ02-01	B*15:01	ci	feature9526_B_15_01	B	True	B*15:01	ci	4.8668347e-10	-9.312753404135984	h-B_15_01-190	10.0	8.0	0.8875	0.5583972719522592	B	True	both	True	shared	ci	B*15:01	ci
Dataset2	GAAACTCCAAATCCGT-2	TRB:CASSSPTGGNEQFF;TRA:CAASYFGNEKLTF	C04	Quiescent_CD8	supercentenarian	CASSSPTGGNEQFF	CAASYFGNEKLTF	83	1382	0.060057887120115776	CASSSPTGGNEQFF+TCRBV07-09+TCRBJ02-01	TCRBV07-09	TCRBJ02-01	B*15:01	ci	feature9526_B_15_01	B	True	B*15:01	ci	4.8668347e-10	-9.312753404135984	h-B_15_01-190	10.0	8.0	0.8875	0.5583972719522592	B	True	both	True	shared	ci	B*15:01	ci
Dataset2	GAAATGAAGTCGTACT-2	TRB:CASSAQGNTEAFF;TRA:CAGVFRNYQLIW	A06	Quiescent_CD4_Naive	control	CASSAQGNTEAFF	CAGVFRNYQLIW	1	1026	0.0009746588693957114	CASSAQGNTEAFF+TCRBV04-01+TCRBJ01-01	TCRBV04-01	TCRBJ01-01					False	DRB1*04:02	cii	2.242291e-09	-8.64930802622221	h-DRB1_04_02-55	0.0	1.0		0.5662119920431941	DRB1	True	right_only	False	2026 only	cii	DRB1*04:02	cii
Dataset2	GAACGGACATATACGC-2	TRB:CASSPPGNYGYTF;TRA:CAVRRGSGNTGKLIF	C03	Quiescent_CD4_Helper	supercentenarian	CASSPPGNYGYTF	CAVRRGSGNTGKLIF	1	1606	0.0006226650062266501	CASSPPGNYGYTF+TCRBV05-04+TCRBJ01-02	TCRBV05-04	TCRBJ01-02					False	DRB1*07:01	cii	3.3663352e-09	-8.472842641698783	h-DRB1_07_01-718	11.0	19.0	0.9617224880382776	0.5242966751918158	DRB1	True	right_only	False	2026 only	cii	DRB1*07:01	cii
Dataset2	GAATAAGAGGACAGCT-2	TRB:CSVEGDRGRSETQYF;TRA:CALETDSWGKLQF	A02	Activated_CD8	control	CSVEGDRGRSETQYF	CALETDSWGKLQF	74	799	0.09261576971214018	CSVEGDRGRSETQYF+TCRBV29-01+TCRBJ02-05	TCRBV29-01	TCRBJ02-05	DRB1*15:01	cii	feature41633_DRB1_15_01	DRB1	True	DRB1*15:01	cii	8.389768e-11	-10.07625004843386	h-DRB1_15_01-992	4.0	14.0	0.9821428571428572	0.5981813015061097	DRB1	True	both	True	shared	cii	DRB1*15:01	cii
Dataset2	GACGGCTAGCGAAGGG-2	TRB:CSVEGDRGRSETQYF;TRA:CALETDSWGKLQF	A02	Quiescent_CD4_CTL	control	CSVEGDRGRSETQYF	CALETDSWGKLQF	74	799	0.09261576971214018	CSVEGDRGRSETQYF+TCRBV29-01+TCRBJ02-05	TCRBV29-01	TCRBJ02-05	DRB1*15:01	cii	feature41633_DRB1_15_01	DRB1	True	DRB1*15:01	cii	8.389768e-11	-10.07625004843386	h-DRB1_15_01-992	4.0	14.0	0.9821428571428572	0.5981813015061097	DRB1	True	both	True	shared	cii	DRB1*15:01	cii
Dataset2	GAGCAGACAAGAGGCT-2	TRB:CSVEGDRGRSETQYF;TRA:CALETDSWGKLQF	A02	Quiescent_CD4_CTL	control	CSVEGDRGRSETQYF	CALETDSWGKLQF	74	799	0.09261576971214018	CSVEGDRGRSETQYF+TCRBV29-01+TCRBJ02-05	TCRBV29-01	TCRBJ02-05	DRB1*15:01	cii	feature41633_DRB1_15_01	DRB1	True	DRB1*15:01	cii	8.389768e-11	-10.07625004843386	h-DRB1_15_01-992	4.0	14.0	0.9821428571428572	0.5981813015061097	DRB1	True	both	True	shared	cii	DRB1*15:01	cii
Dataset2	GAGTCCGCACATGGGA-2	TRB:CASSRDYYNEQFF;TRA:CALSDQSNFGNEKLTF	A02	Quiescent_CD4_Helper	control	CASSRDYYNEQFF	CALSDQSNFGNEKLTF	1	799	0.0012515644555694619	CASSRDYYNEQFF+TCRBV02-01+TCRBJ02-01	TCRBV02-01	TCRBJ02-01	DRB1*04:01	cii	feature34899_DRB1_04_01	DRB1	True	DRB1*04:01	cii	8.592276e-10	-9.065891781068188	h-DRB1_04_01-510	3.0	10.0	1.0	0.5666382495026998	DRB1	True	both	True	shared	cii	DRB1*04:01	cii
Dataset2	GAGTCCGTCGCAAACT-2	TRB:CSVEGDRGRSETQYF;TRA:CALETDSWGKLQF	A02	Activated_CD4_CTL	control	CSVEGDRGRSETQYF	CALETDSWGKLQF	74	799	0.09261576971214018	CSVEGDRGRSETQYF+TCRBV29-01+TCRBJ02-05	TCRBV29-01	TCRBJ02-05	DRB1*15:01	cii	feature41633_DRB1_15_01	DRB1	True	DRB1*15:01	cii	8.389768e-11	-10.07625004843386	h-DRB1_15_01-992	4.0	14.0	0.9821428571428572	0.5981813015061097	DRB1	True	both	True	shared	cii	DRB1*15:01	cii
Dataset2	GATGCTAGTTAAAGTG-2	TRB:CASSFAGGSDTQYF;TRA:CAGGGVNRGSTLGRLYF	C03	Quiescent_CD8	supercentenarian	CASSFAGGSDTQYF	CAGGGVNRGSTLGRLYF	37	1606	0.02303860523038605	CASSFAGGSDTQYF+TCRBV27-01+TCRBJ02-03	TCRBV27-01	TCRBJ02-03					False	DRB1*04:05	cii	1.6474279e-09	-8.783193583299862	h-DRB1_04_05-234	1.0	0.0		0.5487354362034669	DRB1	True	right_only	False	2026 only	cii	DRB1*04:05	cii
Dataset2	GCACATATCTTCAACT-2	TRB:CASSFAGGSDTQYF;TRA:CAGGGVNRGSTLGRLYF	C03	Activated_CD8	supercentenarian	CASSFAGGSDTQYF	CAGGGVNRGSTLGRLYF	37	1606	0.02303860523038605	CASSFAGGSDTQYF+TCRBV27-01+TCRBJ02-03	TCRBV27-01	TCRBJ02-03					False	DRB1*04:05	cii	1.6474279e-09	-8.783193583299862	h-DRB1_04_05-234	1.0	0.0		0.5487354362034669	DRB1	True	right_only	False	2026 only	cii	DRB1*04:05	cii
Dataset2	GCATGATAGGTGCAAC-2	TRB:CASSFAGGSDTQYF;TRA:CAGGGVNRGSTLGRLYF	C03	Quiescent_CD8	supercentenarian	CASSFAGGSDTQYF	CAGGGVNRGSTLGRLYF	37	1606	0.02303860523038605	CASSFAGGSDTQYF+TCRBV27-01+TCRBJ02-03	TCRBV27-01	TCRBJ02-03					False	DRB1*04:05	cii	1.6474279e-09	-8.783193583299862	h-DRB1_04_05-234	1.0	0.0		0.5487354362034669	DRB1	True	right_only	False	2026 only	cii	DRB1*04:05	cii
Dataset2	GCATGCGGTCGGCTCA-2	TRB:CASSFAGGSDTQYF;TRA:CAGGGVNRGSTLGRLYF	C03	Quiescent_CD8	supercentenarian	CASSFAGGSDTQYF	CAGGGVNRGSTLGRLYF	37	1606	0.02303860523038605	CASSFAGGSDTQYF+TCRBV27-01+TCRBJ02-03	TCRBV27-01	TCRBJ02-03					False	DRB1*04:05	cii	1.6474279e-09	-8.783193583299862	h-DRB1_04_05-234	1.0	0.0		0.5487354362034669	DRB1	True	right_only	False	2026 only	cii	DRB1*04:05	cii
Dataset2	GCCTCTAAGAGCTATA-2	TRB:CASSESGPNQPQHF;TRA:CVVIGWTSGGSYIPTF	B01	Quiescent_CD4_CTL	centenarian	CASSESGPNQPQHF	CVVIGWTSGGSYIPTF	17	416	0.040865384615384616	CASSESGPNQPQHF+TCRBV10-02+TCRBJ01-05	TCRBV10-02	TCRBJ01-05	DRB5*02:02	cii	feature43549_DRB5_02_02	DRB5	True											False	left_only	False	2024 only	cii	DRB5*02:02	cii
Dataset2	GCGACCACATTGCGGC-2	TRB:CASSYGRQETQYF;TRA:CAVRDIINARLMF	A02	Quiescent_CD4_Helper	control	CASSYGRQETQYF	CAVRDIINARLMF	1	799	0.0012515644555694619	CASSYGRQETQYF+TCRBV07-06+TCRBJ02-05	TCRBV07-06	TCRBJ02-05					False	DRB4*01:01P	cii	1.2698568e-09	-8.896245251072603	h-DRB4_01_01P-47	3.0	4.0	1.0	0.7092924126172209	DRB4	True	right_only	False	2026 only	cii	DRB4*01:01P	cii
Dataset2	GCGACCACATTGCGGC-2	TRB:CASSYGRQETQYF;TRA:CAVRDIINARLMF	A02	Quiescent_CD4_Helper	control	CASSYGRQETQYF	CAVRDIINARLMF	1	799	0.0012515644555694619	CASSYGRQETQYF+TCRBV07-X+TCRBJ02-05	TCRBV07-X	TCRBJ02-05					False	DRB4*01:01P	cii	4.7553943e-09	-8.32281346711466	h-DRB4_01_01P-47	3.0	4.0	1.0	0.7092924126172209	DRB4	True	right_only	False	2026 only	cii	DRB4*01:01P	cii
Dataset2	GCGCAACAGGGATGGG-2	TRB:CASSSPTGGNEQFF;TRA:CAASYFGNEKLTF	C04	Activated_CD8	supercentenarian	CASSSPTGGNEQFF	CAASYFGNEKLTF	83	1382	0.060057887120115776	CASSSPTGGNEQFF+TCRBV07-09+TCRBJ02-01	TCRBV07-09	TCRBJ02-01	B*15:01	ci	feature9526_B_15_01	B	True	B*15:01	ci	4.8668347e-10	-9.312753404135984	h-B_15_01-190	10.0	8.0	0.8875	0.5583972719522592	B	True	both	True	shared	ci	B*15:01	ci
Dataset2	GCGCAGTAGTAGTGCG-2	TRB:CSVEGDRGRSETQYF;TRA:CALETDSWGKLQF	A02	Quiescent_CD4_CTL	control	CSVEGDRGRSETQYF	CALETDSWGKLQF	74	799	0.09261576971214018	CSVEGDRGRSETQYF+TCRBV29-01+TCRBJ02-05	TCRBV29-01	TCRBJ02-05	DRB1*15:01	cii	feature41633_DRB1_15_01	DRB1	True	DRB1*15:01	cii	8.389768e-11	-10.07625004843386	h-DRB1_15_01-992	4.0	14.0	0.9821428571428572	0.5981813015061097	DRB1	True	both	True	shared	cii	DRB1*15:01	cii
Dataset2	GCTCCTAGTCAGTGGA-2	TRB:CSVEGDRGRSETQYF;TRA:CALETDSWGKLQF	A02	Activated_CD4_CTL	control	CSVEGDRGRSETQYF	CALETDSWGKLQF	74	799	0.09261576971214018	CSVEGDRGRSETQYF+TCRBV29-01+TCRBJ02-05	TCRBV29-01	TCRBJ02-05	DRB1*15:01	cii	feature41633_DRB1_15_01	DRB1	True	DRB1*15:01	cii	8.389768e-11	-10.07625004843386	h-DRB1_15_01-992	4.0	14.0	0.9821428571428572	0.5981813015061097	DRB1	True	both	True	shared	cii	DRB1*15:01	cii
Dataset2	GCTCTGTTCTTTCCTC-2	TRB:CASSSPTGGNEQFF;TRA:CAASYFGNEKLTF	C04	Quiescent_CD8	supercentenarian	CASSSPTGGNEQFF	CAASYFGNEKLTF	83	1382	0.060057887120115776	CASSSPTGGNEQFF+TCRBV07-09+TCRBJ02-01	TCRBV07-09	TCRBJ02-01	B*15:01	ci	feature9526_B_15_01	B	True	B*15:01	ci	4.8668347e-10	-9.312753404135984	h-B_15_01-190	10.0	8.0	0.8875	0.5583972719522592	B	True	both	True	shared	ci	B*15:01	ci
Dataset2	GCTGCAGCATGTTCCC-2	TRB:CASSSWTVNYGYTF;TRA:CGADSSGDKLTF	C03	Quiescent_CD4_Helper	supercentenarian	CASSSWTVNYGYTF	CGADSSGDKLTF	1	1606	0.0006226650062266501	CASSSWTVNYGYTF+TCRBV05-06+TCRBJ01-02	TCRBV05-06	TCRBJ01-02					False	DPA1*01:03+DPB1*04:02	cii	4.172933e-10	-9.379558588200796	h-DPA1_01_03_DPB1_04_02-78	5.0	14.0	0.9571428571428572	0.6226200625177607	DPA1	True	right_only	False	2026 only	cii	DPA1*01:03+DPB1*04:02	cii
Dataset2	GCTTCCATCTACTTAC-2	TRB:CATTGNGNTIYF;TRA:CVVNWGYSSASKIIF	B04	Quiescent_CD4_Naive	centenarian	CATTGNGNTIYF	CVVNWGYSSASKIIF	1	1171	0.0008539709649871904	CATTGNGNTIYF+TCRBV05-06+TCRBJ01-03	TCRBV05-06	TCRBJ01-03					False	DRB1*08:04	cii	1.1375181e-11	-10.944041684193854	h-DRB1_08_04-228	0.0	0.0		0.539357772094345	DRB1	True	right_only	False	2026 only	cii	DRB1*08:04	cii
Dataset2	GCTTGAAGTATAGTAG-2	TRB:CSVEGDRGRSETQYF;TRA:CALETDSWGKLQF	A02	Quiescent_CD4_CTL	control	CSVEGDRGRSETQYF	CALETDSWGKLQF	74	799	0.09261576971214018	CSVEGDRGRSETQYF+TCRBV29-01+TCRBJ02-05	TCRBV29-01	TCRBJ02-05	DRB1*15:01	cii	feature41633_DRB1_15_01	DRB1	True	DRB1*15:01	cii	8.389768e-11	-10.07625004843386	h-DRB1_15_01-992	4.0	14.0	0.9821428571428572	0.5981813015061097	DRB1	True	both	True	shared	cii	DRB1*15:01	cii
Dataset2	GCTTGAAGTCGCTTTC-2	TRB:CASSSASGGNEQFF;TRA:CAASYFGNEKLTF	A02	Quiescent_CD8	control	CASSSASGGNEQFF	CAASYFGNEKLTF	10	799	0.012515644555694618	CASSSASGGNEQFF+TCRBV07-09+TCRBJ02-01	TCRBV07-09	TCRBJ02-01	B*15:01	ci	feature9526_B_15_01	B	True	B*15:01	ci	7.5402223e-10	-9.122615850119594	h-B_15_01-190	10.0	8.0	0.8875	0.5583972719522592	B	True	both	True	shared	ci	B*15:01	ci
Dataset2	GGAACTTAGACTCGGA-2	TRB:CASSSPTGGNEQFF;TRA:CAASYFGNEKLTF	C04	Activated_CD8	supercentenarian	CASSSPTGGNEQFF	CAASYFGNEKLTF	83	1382	0.060057887120115776	CASSSPTGGNEQFF+TCRBV07-09+TCRBJ02-01	TCRBV07-09	TCRBJ02-01	B*15:01	ci	feature9526_B_15_01	B	True	B*15:01	ci	4.8668347e-10	-9.312753404135984	h-B_15_01-190	10.0	8.0	0.8875	0.5583972719522592	B	True	both	True	shared	ci	B*15:01	ci
Dataset2	GGATGTTCAGGCTCAC-2	TRB:CSVEGDRGRSETQYF;TRA:CALETDSWGKLQF	A02	Quiescent_CD4_CTL	control	CSVEGDRGRSETQYF	CALETDSWGKLQF	74	799	0.09261576971214018	CSVEGDRGRSETQYF+TCRBV29-01+TCRBJ02-05	TCRBV29-01	TCRBJ02-05	DRB1*15:01	cii	feature41633_DRB1_15_01	DRB1	True	DRB1*15:01	cii	8.389768e-11	-10.07625004843386	h-DRB1_15_01-992	4.0	14.0	0.9821428571428572	0.5981813015061097	DRB1	True	both	True	shared	cii	DRB1*15:01	cii
Dataset2	GGATTACAGGGAGTAA-2	TRB:CASSSGQVYGYTF;TRA:CAVGGGSNYKLTF	C04	Activated_CD4_CTL	supercentenarian	CASSSGQVYGYTF	CAVGGGSNYKLTF	18	1382	0.013024602026049204	CASSSGQVYGYTF+TCRBV05-06+TCRBJ01-02	TCRBV05-06	TCRBJ01-02	A*01:01	ci	feature339_A_01_01	A	True	A*01:01	ci	3.5673313e-09	-8.44765655562367	h-A_01_01-169	5.0	12.0	0.625	0.536231884057971	A	True	both	True	shared	ci	A*01:01	ci
Dataset2	GGCTCGAGTTGGAGGT-2	TRB:CASSFAGGSDTQYF;TRA:CAGGGVNRGSTLGRLYF	C03	Activated_CD8	supercentenarian	CASSFAGGSDTQYF	CAGGGVNRGSTLGRLYF	37	1606	0.02303860523038605	CASSFAGGSDTQYF+TCRBV27-01+TCRBJ02-03	TCRBV27-01	TCRBJ02-03					False	DRB1*04:05	cii	1.6474279e-09	-8.783193583299862	h-DRB1_04_05-234	1.0	0.0		0.5487354362034669	DRB1	True	right_only	False	2026 only	cii	DRB1*04:05	cii
Dataset2	GGGAATGAGACGCTTT-2	TRB:CASSLGGRGSNQPQHF;TRA:CAVNPLNFGNEKLTF	A06	Activated_CD4_CTL	control	CASSLGGRGSNQPQHF	CAVNPLNFGNEKLTF	1	1026	0.0009746588693957114	CASSLGGRGSNQPQHF+TCRBV05-04+TCRBJ01-05	TCRBV05-04	TCRBJ01-05	DPA1*02:02+DPB1*05:01	cii	feature29615_DPA1_02_02+DPB1_05_01	DPA1	True	DPA1*02:02+DPB1*05:01	cii	2.5632332e-09	-8.591211880407256	h-DPA1_02_02_DPB1_05_01-191	9.0	5.0	0.8888888888888888	0.5994600738846263	DPA1	True	both	True	shared	cii	DPA1*02:02+DPB1*05:01	cii
Dataset2	GGGCATCAGATCCTGT-2	TRB:CASSLWTGGGNEQFF;TRA:CAVQETSGSRLTF	C04	Activated_CD8	supercentenarian	CASSLWTGGGNEQFF	CAVQETSGSRLTF	9	1382	0.006512301013024602	CASSLWTGGGNEQFF+TCRBV27-01+TCRBJ02-01	TCRBV27-01	TCRBJ02-01	A*11:01	ci	feature2347_A_11_01	A	True	A*11:01	ci	1.1517185e-09	-8.938653657055104	h-A_11_01-135	13.0	9.0	0.8632478632478631	0.5717533390167662	A	True	both	True	shared	ci	A*11:01	ci
Dataset2	GGTGAAGCACATTCGA-2	TRB:CASSSGQVYGYTF;TRA:CAVGGGSNYKLTF	C04	Quiescent_CD4_CTL	supercentenarian	CASSSGQVYGYTF	CAVGGGSNYKLTF	18	1382	0.013024602026049204	CASSSGQVYGYTF+TCRBV05-06+TCRBJ01-02	TCRBV05-06	TCRBJ01-02	A*01:01	ci	feature339_A_01_01	A	True	A*01:01	ci	3.5673313e-09	-8.44765655562367	h-A_01_01-169	5.0	12.0	0.625	0.536231884057971	A	True	both	True	shared	ci	A*01:01	ci
Dataset2	GGTGAAGCAGCCTATA-2	TRB:CATSRVAGETQYF;TRA:CATEGNFGNEKLTF	A06	Activated_CD8	control	CATSRVAGETQYF	CATEGNFGNEKLTF	9	1026	0.008771929824561403	CATSRVAGETQYF+TCRBV15-01+TCRBJ02-05	TCRBV15-01	TCRBJ02-05					False	C*07:02	ci	9.503298e-09	-8.022125652117346	h-C_07_02-298	6.0	7.0	0.5238095238095237	0.5475987496447854	C	True	right_only	False	2026 only	ci	C*07:02	ci
Dataset2	GGTGCGTGTCGCTTTC-2	TRB:CASSSPTGGNEQFF	C04	Activated_CD8	supercentenarian	CASSSPTGGNEQFF		5	1382	0.00361794500723589	CASSSPTGGNEQFF+TCRBV07-09+TCRBJ02-01	TCRBV07-09	TCRBJ02-01	B*15:01	ci	feature9526_B_15_01	B	True	B*15:01	ci	4.8668347e-10	-9.312753404135984	h-B_15_01-190	10.0	8.0	0.8875	0.5583972719522592	B	True	both	True	shared	ci	B*15:01	ci
Dataset2	GGTGCGTTCAGTTTGG-2	TRB:CASSLWTGGGNEQFF;TRA:CAVQETSGSRLTF	C04	Quiescent_CD8	supercentenarian	CASSLWTGGGNEQFF	CAVQETSGSRLTF	9	1382	0.006512301013024602	CASSLWTGGGNEQFF+TCRBV27-01+TCRBJ02-01	TCRBV27-01	TCRBJ02-01	A*11:01	ci	feature2347_A_11_01	A	True	A*11:01	ci	1.1517185e-09	-8.938653657055104	h-A_11_01-135	13.0	9.0	0.8632478632478631	0.5717533390167662	A	True	both	True	shared	ci	A*11:01	ci
Dataset2	GTACTTTCAGGATTGG-2	TRB:CASSESGPNQPQHF;TRA:CVVIGWTSGGSYIPTF	B01	Activated_CD4_CTL	centenarian	CASSESGPNQPQHF	CVVIGWTSGGSYIPTF	17	416	0.040865384615384616	CASSESGPNQPQHF+TCRBV10-02+TCRBJ01-05	TCRBV10-02	TCRBJ01-05	DRB5*02:02	cii	feature43549_DRB5_02_02	DRB5	True											False	left_only	False	2024 only	cii	DRB5*02:02	cii
Dataset2	GTACTTTTCGCAAACT-2	TRB:CASSSASGGNEQFF;TRA:CAASYFGNEKLTF	A02	Activated_CD8	control	CASSSASGGNEQFF	CAASYFGNEKLTF	10	799	0.012515644555694618	CASSSASGGNEQFF+TCRBV07-09+TCRBJ02-01	TCRBV07-09	TCRBJ02-01	B*15:01	ci	feature9526_B_15_01	B	True	B*15:01	ci	7.5402223e-10	-9.122615850119594	h-B_15_01-190	10.0	8.0	0.8875	0.5583972719522592	B	True	both	True	shared	ci	B*15:01	ci
Dataset2	GTAGGCCAGGTGCAAC-2	TRB:CASSSPTGGNEQFF;TRA:CAASYFGNEKLTF	C04	Activated_CD8	supercentenarian	CASSSPTGGNEQFF	CAASYFGNEKLTF	83	1382	0.060057887120115776	CASSSPTGGNEQFF+TCRBV07-09+TCRBJ02-01	TCRBV07-09	TCRBJ02-01	B*15:01	ci	feature9526_B_15_01	B	True	B*15:01	ci	4.8668347e-10	-9.312753404135984	h-B_15_01-190	10.0	8.0	0.8875	0.5583972719522592	B	True	both	True	shared	ci	B*15:01	ci
Dataset2	GTAGGCCGTGGTCCGT-2	TRB:CASSFAGGSDTQYF;TRA:CAGGGVNRGSTLGRLYF	C03	Quiescent_CD8	supercentenarian	CASSFAGGSDTQYF	CAGGGVNRGSTLGRLYF	37	1606	0.02303860523038605	CASSFAGGSDTQYF+TCRBV27-01+TCRBJ02-03	TCRBV27-01	TCRBJ02-03					False	DRB1*04:05	cii	1.6474279e-09	-8.783193583299862	h-DRB1_04_05-234	1.0	0.0		0.5487354362034669	DRB1	True	right_only	False	2026 only	cii	DRB1*04:05	cii
Dataset2	GTATTCTAGCAGATCG-2	TRB:CSVEGDRGRSETQYF;TRA:CALETDSWGKLQF	A02	Activated_CD4_CTL	control	CSVEGDRGRSETQYF	CALETDSWGKLQF	74	799	0.09261576971214018	CSVEGDRGRSETQYF+TCRBV29-01+TCRBJ02-05	TCRBV29-01	TCRBJ02-05	DRB1*15:01	cii	feature41633_DRB1_15_01	DRB1	True	DRB1*15:01	cii	8.389768e-11	-10.07625004843386	h-DRB1_15_01-992	4.0	14.0	0.9821428571428572	0.5981813015061097	DRB1	True	both	True	shared	cii	DRB1*15:01	cii
Dataset2	GTCAAGTTCACGATGT-2	TRB:CSVEGDRGRSETQYF;TRA:CALETDSWGKLQF	A02	Quiescent_CD4_CTL	control	CSVEGDRGRSETQYF	CALETDSWGKLQF	74	799	0.09261576971214018	CSVEGDRGRSETQYF+TCRBV29-01+TCRBJ02-05	TCRBV29-01	TCRBJ02-05	DRB1*15:01	cii	feature41633_DRB1_15_01	DRB1	True	DRB1*15:01	cii	8.389768e-11	-10.07625004843386	h-DRB1_15_01-992	4.0	14.0	0.9821428571428572	0.5981813015061097	DRB1	True	both	True	shared	cii	DRB1*15:01	cii
Dataset2	GTCAAGTTCCAGGGCT-2	TRB:CASSESGPNQPQHF;TRA:CVVIGWTSGGSYIPTF	B01	Activated_CD4_CTL	centenarian	CASSESGPNQPQHF	CVVIGWTSGGSYIPTF	17	416	0.040865384615384616	CASSESGPNQPQHF+TCRBV10-02+TCRBJ01-05	TCRBV10-02	TCRBJ01-05	DRB5*02:02	cii	feature43549_DRB5_02_02	DRB5	True											False	left_only	False	2024 only	cii	DRB5*02:02	cii
Dataset2	GTCATTTCATACAGCT-2	TRB:CASSSPTGGNEQFF;TRA:CAASYFGNEKLTF	C04	Quiescent_CD8	supercentenarian	CASSSPTGGNEQFF	CAASYFGNEKLTF	83	1382	0.060057887120115776	CASSSPTGGNEQFF+TCRBV07-09+TCRBJ02-01	TCRBV07-09	TCRBJ02-01	B*15:01	ci	feature9526_B_15_01	B	True	B*15:01	ci	4.8668347e-10	-9.312753404135984	h-B_15_01-190	10.0	8.0	0.8875	0.5583972719522592	B	True	both	True	shared	ci	B*15:01	ci
Dataset2	GTCATTTTCCAAGCCG-2	TRB:CASSSPTGGNEQFF;TRA:CAASYFGNEKLTF	C04	Quiescent_CD8	supercentenarian	CASSSPTGGNEQFF	CAASYFGNEKLTF	83	1382	0.060057887120115776	CASSSPTGGNEQFF+TCRBV07-09+TCRBJ02-01	TCRBV07-09	TCRBJ02-01	B*15:01	ci	feature9526_B_15_01	B	True	B*15:01	ci	4.8668347e-10	-9.312753404135984	h-B_15_01-190	10.0	8.0	0.8875	0.5583972719522592	B	True	both	True	shared	ci	B*15:01	ci
Dataset2	GTCCTCATCTTACCGC-2	TRB:CASSSGQVYGYTF	C04	Activated_CD4_CTL	supercentenarian	CASSSGQVYGYTF		2	1382	0.001447178002894356	CASSSGQVYGYTF+TCRBV05-06+TCRBJ01-02	TCRBV05-06	TCRBJ01-02	A*01:01	ci	feature339_A_01_01	A	True	A*01:01	ci	3.5673313e-09	-8.44765655562367	h-A_01_01-169	5.0	12.0	0.625	0.536231884057971	A	True	both	True	shared	ci	A*01:01	ci
Dataset2	GTCGTAAAGTGCCATT-2	TRB:CASSFAGGSDTQYF;TRA:CAGGGVNRGSTLGRLYF	C03	Quiescent_CD8	supercentenarian	CASSFAGGSDTQYF	CAGGGVNRGSTLGRLYF	37	1606	0.02303860523038605	CASSFAGGSDTQYF+TCRBV27-01+TCRBJ02-03	TCRBV27-01	TCRBJ02-03					False	DRB1*04:05	cii	1.6474279e-09	-8.783193583299862	h-DRB1_04_05-234	1.0	0.0		0.5487354362034669	DRB1	True	right_only	False	2026 only	cii	DRB1*04:05	cii
Dataset2	GTCTCGTCACGTGAGA-2	TRB:CASSSPTGGNEQFF;TRA:CAASYFGNEKLTF	C04	Quiescent_CD8	supercentenarian	CASSSPTGGNEQFF	CAASYFGNEKLTF	83	1382	0.060057887120115776	CASSSPTGGNEQFF+TCRBV07-09+TCRBJ02-01	TCRBV07-09	TCRBJ02-01	B*15:01	ci	feature9526_B_15_01	B	True	B*15:01	ci	4.8668347e-10	-9.312753404135984	h-B_15_01-190	10.0	8.0	0.8875	0.5583972719522592	B	True	both	True	shared	ci	B*15:01	ci
Dataset2	GTCTTCGCAAGTTGTC-2	TRB:CSVEGDRGRSETQYF;TRA:CALETDSWGKLQF	A02	Quiescent_CD4_CTL	control	CSVEGDRGRSETQYF	CALETDSWGKLQF	74	799	0.09261576971214018	CSVEGDRGRSETQYF+TCRBV29-01+TCRBJ02-05	TCRBV29-01	TCRBJ02-05	DRB1*15:01	cii	feature41633_DRB1_15_01	DRB1	True	DRB1*15:01	cii	8.389768e-11	-10.07625004843386	h-DRB1_15_01-992	4.0	14.0	0.9821428571428572	0.5981813015061097	DRB1	True	both	True	shared	cii	DRB1*15:01	cii
Dataset2	GTGCATACACCAGGCT-2	TRB:CASSSPTGGNEQFF;TRA:CAASYFGNEKLTF	C04	Quiescent_CD8	supercentenarian	CASSSPTGGNEQFF	CAASYFGNEKLTF	83	1382	0.060057887120115776	CASSSPTGGNEQFF+TCRBV07-09+TCRBJ02-01	TCRBV07-09	TCRBJ02-01	B*15:01	ci	feature9526_B_15_01	B	True	B*15:01	ci	4.8668347e-10	-9.312753404135984	h-B_15_01-190	10.0	8.0	0.8875	0.5583972719522592	B	True	both	True	shared	ci	B*15:01	ci
Dataset2	GTGCGGTCACGCTTTC-2	TRB:CASSSGQVYGYTF;TRA:CAVGGGSNYKLTF	C04	Activated_CD4_CTL	supercentenarian	CASSSGQVYGYTF	CAVGGGSNYKLTF	18	1382	0.013024602026049204	CASSSGQVYGYTF+TCRBV05-06+TCRBJ01-02	TCRBV05-06	TCRBJ01-02	A*01:01	ci	feature339_A_01_01	A	True	A*01:01	ci	3.5673313e-09	-8.44765655562367	h-A_01_01-169	5.0	12.0	0.625	0.536231884057971	A	True	both	True	shared	ci	A*01:01	ci
Dataset2	GTGGGTCTCATGTAGC-2	TRB:CASSYSGGDEQFF	C04	Quiescent_CD8	supercentenarian	CASSYSGGDEQFF		2	1382	0.001447178002894356	CASSYSGGDEQFF+TCRBV06-05+TCRBJ02-01	TCRBV06-05	TCRBJ02-01	B*15:01	ci	feature9526_B_15_01	B	True	B*15:01	ci	2.7962761e-08	-7.5534199492402125	h-B_15_01-190	10.0	8.0	0.8875	0.5583972719522592	B	True	both	True	shared	ci	B*15:01	ci
Dataset2	GTGTGCGGTCTGATCA-2	TRB:CSVEGDRGRSETQYF;TRA:CALETDSWGKLQF	A02	Activated_CD4_CTL	control	CSVEGDRGRSETQYF	CALETDSWGKLQF	74	799	0.09261576971214018	CSVEGDRGRSETQYF+TCRBV29-01+TCRBJ02-05	TCRBV29-01	TCRBJ02-05	DRB1*15:01	cii	feature41633_DRB1_15_01	DRB1	True	DRB1*15:01	cii	8.389768e-11	-10.07625004843386	h-DRB1_15_01-992	4.0	14.0	0.9821428571428572	0.5981813015061097	DRB1	True	both	True	shared	cii	DRB1*15:01	cii
Dataset2	GTTAAGCAGATTACCC-2	TRB:CASSSPTGGNEQFF;TRA:CAASYFGNEKLTF	C04	Activated_CD8	supercentenarian	CASSSPTGGNEQFF	CAASYFGNEKLTF	83	1382	0.060057887120115776	CASSSPTGGNEQFF+TCRBV07-09+TCRBJ02-01	TCRBV07-09	TCRBJ02-01	B*15:01	ci	feature9526_B_15_01	B	True	B*15:01	ci	4.8668347e-10	-9.312753404135984	h-B_15_01-190	10.0	8.0	0.8875	0.5583972719522592	B	True	both	True	shared	ci	B*15:01	ci
Dataset2	GTTACAGAGGGCTTCC-2	TRB:CASSSPTGGNEQFF;TRA:CAASYFGNEKLTF	C04	Quiescent_CD8	supercentenarian	CASSSPTGGNEQFF	CAASYFGNEKLTF	83	1382	0.060057887120115776	CASSSPTGGNEQFF+TCRBV07-09+TCRBJ02-01	TCRBV07-09	TCRBJ02-01	B*15:01	ci	feature9526_B_15_01	B	True	B*15:01	ci	4.8668347e-10	-9.312753404135984	h-B_15_01-190	10.0	8.0	0.8875	0.5583972719522592	B	True	both	True	shared	ci	B*15:01	ci
Dataset2	GTTACAGGTAGCCTAT-2	TRB:CASSSASGGNEQFF;TRA:CAASYFGNEKLTF	A02	Quiescent_CD8	control	CASSSASGGNEQFF	CAASYFGNEKLTF	10	799	0.012515644555694618	CASSSASGGNEQFF+TCRBV07-09+TCRBJ02-01	TCRBV07-09	TCRBJ02-01	B*15:01	ci	feature9526_B_15_01	B	True	B*15:01	ci	7.5402223e-10	-9.122615850119594	h-B_15_01-190	10.0	8.0	0.8875	0.5583972719522592	B	True	both	True	shared	ci	B*15:01	ci
Dataset2	GTTACAGTCGTTGCCT-2	TRB:CASSFAGGSDTQYF;TRA:CAGGGVNRGSTLGRLYF	C03	Activated_CD8	supercentenarian	CASSFAGGSDTQYF	CAGGGVNRGSTLGRLYF	37	1606	0.02303860523038605	CASSFAGGSDTQYF+TCRBV27-01+TCRBJ02-03	TCRBV27-01	TCRBJ02-03					False	DRB1*04:05	cii	1.6474279e-09	-8.783193583299862	h-DRB1_04_05-234	1.0	0.0		0.5487354362034669	DRB1	True	right_only	False	2026 only	cii	DRB1*04:05	cii
Dataset2	GTTCATTCATTACGAC-2	TRB:CASSESGPNQPQHF;TRA:CVVIGWTSGGSYIPTF	B01	Activated_CD4_CTL	centenarian	CASSESGPNQPQHF	CVVIGWTSGGSYIPTF	17	416	0.040865384615384616	CASSESGPNQPQHF+TCRBV10-02+TCRBJ01-05	TCRBV10-02	TCRBJ01-05	DRB5*02:02	cii	feature43549_DRB5_02_02	DRB5	True											False	left_only	False	2024 only	cii	DRB5*02:02	cii
Dataset2	TAAGAGAAGGCTACGA-2	TRB:CASSLSVTDTQYF;TRA:CAGQSTTSGTYKYIF	B04	Quiescent_CD4_Helper	centenarian	CASSLSVTDTQYF	CAGQSTTSGTYKYIF	1	1171	0.0008539709649871904	CASSLSVTDTQYF+TCRBV07-06+TCRBJ02-03	TCRBV07-06	TCRBJ02-03					False	DRB1*04:01	cii	1.7755966e-09	-8.750655695254382	h-DRB1_04_01-510	3.0	10.0	1.0	0.5666382495026998	DRB1	True	right_only	False	2026 only	cii	DRB1*04:01	cii
Dataset2	TAAGAGAAGGCTACGA-2	TRB:CASSLSVTDTQYF;TRA:CAGQSTTSGTYKYIF	B04	Quiescent_CD4_Helper	centenarian	CASSLSVTDTQYF	CAGQSTTSGTYKYIF	1	1171	0.0008539709649871904	CASSLSVTDTQYF+TCRBV07-X+TCRBJ02-03	TCRBV07-X	TCRBJ02-03					False	DRB1*04:01	cii	6.199811e-09	-8.207621549680486	h-DRB1_04_01-510	3.0	10.0	1.0	0.5666382495026998	DRB1	True	right_only	False	2026 only	cii	DRB1*04:01	cii
Dataset2	TACCTATTCTGCCCTA-2	TRB:CASSFAGGSDTQYF	C03	Activated_CD8	supercentenarian	CASSFAGGSDTQYF		4	1606	0.0024906600249066002	CASSFAGGSDTQYF+TCRBV27-01+TCRBJ02-03	TCRBV27-01	TCRBJ02-03					False	DRB1*04:05	cii	1.6474279e-09	-8.783193583299862	h-DRB1_04_05-234	1.0	0.0		0.5487354362034669	DRB1	True	right_only	False	2026 only	cii	DRB1*04:05	cii
Dataset2	TACGGGCCAACGCACC-2	TRB:CASSSPTGGNEQFF;TRA:CAASYFGNEKLTF	C04	Activated_CD8	supercentenarian	CASSSPTGGNEQFF	CAASYFGNEKLTF	83	1382	0.060057887120115776	CASSSPTGGNEQFF+TCRBV07-09+TCRBJ02-01	TCRBV07-09	TCRBJ02-01	B*15:01	ci	feature9526_B_15_01	B	True	B*15:01	ci	4.8668347e-10	-9.312753404135984	h-B_15_01-190	10.0	8.0	0.8875	0.5583972719522592	B	True	both	True	shared	ci	B*15:01	ci
Dataset2	TACGGGCCACGTCAGC-2	TRB:CASSQEDRAGNTIYF;TRA:CAMSRTTGYSTLTF	C03	Quiescent_CD4_CTL	supercentenarian	CASSQEDRAGNTIYF	CAMSRTTGYSTLTF	3	1606	0.0018679950186799503	CASSQEDRAGNTIYF+TCRBV04-01+TCRBJ01-03	TCRBV04-01	TCRBJ01-03	DRB1*09:01	cii	feature38923_DRB1_09_01	DRB1	True	DRB1*09:01	cii	5.359887e-09	-8.270844366238903	h-DRB1_09_01-549	5.0	3.0	1.0	0.5788576300085251	DRB1	True	both	True	shared	cii	DRB1*09:01	cii
Dataset2	TACGGGCCACGTCAGC-2	TRB:CASSQEDRAGNTIYF;TRA:CAMSRTTGYSTLTF	C03	Quiescent_CD4_CTL	supercentenarian	CASSQEDRAGNTIYF	CAMSRTTGYSTLTF	3	1606	0.0018679950186799503	CASSQEDRAGNTIYF+TCRBV04-02+TCRBJ01-03	TCRBV04-02	TCRBJ01-03	DRB1*09:01	cii	feature38923_DRB1_09_01	DRB1	True	DRB1*09:01	cii	2.219379e-09	-8.65376852762207	h-DRB1_09_01-549	5.0	3.0	1.0	0.5788576300085251	DRB1	True	both	True	shared	cii	DRB1*09:01	cii
Dataset2	TACGGGCCACGTCAGC-2	TRB:CASSQEDRAGNTIYF;TRA:CAMSRTTGYSTLTF	C03	Quiescent_CD4_CTL	supercentenarian	CASSQEDRAGNTIYF	CAMSRTTGYSTLTF	3	1606	0.0018679950186799503	CASSQEDRAGNTIYF+TCRBV04-03+TCRBJ01-03	TCRBV04-03	TCRBJ01-03	DRB1*09:01	cii	feature38923_DRB1_09_01	DRB1	True											False	left_only	False	2024 only	cii	DRB1*09:01	cii
Dataset2	TACTCATAGCTAACAA-2	TRB:CSVEGDRGRSETQYF;TRA:CALETDSWGKLQF	A02	Quiescent_CD4_CTL	control	CSVEGDRGRSETQYF	CALETDSWGKLQF	74	799	0.09261576971214018	CSVEGDRGRSETQYF+TCRBV29-01+TCRBJ02-05	TCRBV29-01	TCRBJ02-05	DRB1*15:01	cii	feature41633_DRB1_15_01	DRB1	True	DRB1*15:01	cii	8.389768e-11	-10.07625004843386	h-DRB1_15_01-992	4.0	14.0	0.9821428571428572	0.5981813015061097	DRB1	True	both	True	shared	cii	DRB1*15:01	cii
Dataset2	TAGAGCTAGTGACATA-2	TRB:CASSSPTGGNEQFF;TRA:CAASYFGNEKLTF	C04	Quiescent_CD8	supercentenarian	CASSSPTGGNEQFF	CAASYFGNEKLTF	83	1382	0.060057887120115776	CASSSPTGGNEQFF+TCRBV07-09+TCRBJ02-01	TCRBV07-09	TCRBJ02-01	B*15:01	ci	feature9526_B_15_01	B	True	B*15:01	ci	4.8668347e-10	-9.312753404135984	h-B_15_01-190	10.0	8.0	0.8875	0.5583972719522592	B	True	both	True	shared	ci	B*15:01	ci
Dataset2	TAGTGGTCACCTGGTG-2	TRB:CATSRVAGETQYF;TRA:CATEGNFGNEKLTF	A06	Quiescent_CD8	control	CATSRVAGETQYF	CATEGNFGNEKLTF	9	1026	0.008771929824561403	CATSRVAGETQYF+TCRBV15-01+TCRBJ02-05	TCRBV15-01	TCRBJ02-05					False	C*07:02	ci	9.503298e-09	-8.022125652117346	h-C_07_02-298	6.0	7.0	0.5238095238095237	0.5475987496447854	C	True	right_only	False	2026 only	ci	C*07:02	ci
Dataset2	TAGTGGTGTCTAGTCA-2	TRB:CSVEGDRGRSETQYF;TRA:CALETDSWGKLQF	A02	Quiescent_CD4_CTL	control	CSVEGDRGRSETQYF	CALETDSWGKLQF	74	799	0.09261576971214018	CSVEGDRGRSETQYF+TCRBV29-01+TCRBJ02-05	TCRBV29-01	TCRBJ02-05	DRB1*15:01	cii	feature41633_DRB1_15_01	DRB1	True	DRB1*15:01	cii	8.389768e-11	-10.07625004843386	h-DRB1_15_01-992	4.0	14.0	0.9821428571428572	0.5981813015061097	DRB1	True	both	True	shared	cii	DRB1*15:01	cii
Dataset2	TAGTTGGAGCAATCTC-2	TRB:CSVEGDRGRSETQYF;TRA:CALETDSWGKLQF	A02	Quiescent_CD4_CTL	control	CSVEGDRGRSETQYF	CALETDSWGKLQF	74	799	0.09261576971214018	CSVEGDRGRSETQYF+TCRBV29-01+TCRBJ02-05	TCRBV29-01	TCRBJ02-05	DRB1*15:01	cii	feature41633_DRB1_15_01	DRB1	True	DRB1*15:01	cii	8.389768e-11	-10.07625004843386	h-DRB1_15_01-992	4.0	14.0	0.9821428571428572	0.5981813015061097	DRB1	True	both	True	shared	cii	DRB1*15:01	cii
Dataset2	TATCTCAAGCTGATAA-2	TRB:CASSSPTGGNEQFF	C04	Activated_CD8	supercentenarian	CASSSPTGGNEQFF		5	1382	0.00361794500723589	CASSSPTGGNEQFF+TCRBV07-09+TCRBJ02-01	TCRBV07-09	TCRBJ02-01	B*15:01	ci	feature9526_B_15_01	B	True	B*15:01	ci	4.8668347e-10	-9.312753404135984	h-B_15_01-190	10.0	8.0	0.8875	0.5583972719522592	B	True	both	True	shared	ci	B*15:01	ci
Dataset2	TATTACCGTAAGAGGA-2	TRB:CASSYSGGDEQFF;TRA:CVVRNSGYALNF	C04	Quiescent_CD8	supercentenarian	CASSYSGGDEQFF	CVVRNSGYALNF	3	1382	0.002170767004341534	CASSYSGGDEQFF+TCRBV06-05+TCRBJ02-01	TCRBV06-05	TCRBJ02-01	B*15:01	ci	feature9526_B_15_01	B	True	B*15:01	ci	2.7962761e-08	-7.5534199492402125	h-B_15_01-190	10.0	8.0	0.8875	0.5583972719522592	B	True	both	True	shared	ci	B*15:01	ci
Dataset2	TATTACCTCGCCGTGA-2	TRB:CASSSPTGGNEQFF;TRA:CAASYFGNEKLTF	C04	Activated_CD8	supercentenarian	CASSSPTGGNEQFF	CAASYFGNEKLTF	83	1382	0.060057887120115776	CASSSPTGGNEQFF+TCRBV07-09+TCRBJ02-01	TCRBV07-09	TCRBJ02-01	B*15:01	ci	feature9526_B_15_01	B	True	B*15:01	ci	4.8668347e-10	-9.312753404135984	h-B_15_01-190	10.0	8.0	0.8875	0.5583972719522592	B	True	both	True	shared	ci	B*15:01	ci
Dataset2	TCAACGACAGCTGCAC-2	TRB:CASSSPTGGNEQFF	C04	Activated_CD8	supercentenarian	CASSSPTGGNEQFF		5	1382	0.00361794500723589	CASSSPTGGNEQFF+TCRBV07-09+TCRBJ02-01	TCRBV07-09	TCRBJ02-01	B*15:01	ci	feature9526_B_15_01	B	True	B*15:01	ci	4.8668347e-10	-9.312753404135984	h-B_15_01-190	10.0	8.0	0.8875	0.5583972719522592	B	True	both	True	shared	ci	B*15:01	ci
Dataset2	TCAATCTCACGAAACG-2	TRB:CASSFAGGSDTQYF;TRA:CAGGGVNRGSTLGRLYF	C03	Activated_CD8	supercentenarian	CASSFAGGSDTQYF	CAGGGVNRGSTLGRLYF	37	1606	0.02303860523038605	CASSFAGGSDTQYF+TCRBV27-01+TCRBJ02-03	TCRBV27-01	TCRBJ02-03					False	DRB1*04:05	cii	1.6474279e-09	-8.783193583299862	h-DRB1_04_05-234	1.0	0.0		0.5487354362034669	DRB1	True	right_only	False	2026 only	cii	DRB1*04:05	cii
Dataset2	TCAATCTTCTCGCTTG-2	TRB:CSVEGDRGRSETQYF;TRA:CALETDSWGKLQF	A02	Quiescent_CD4_CTL	control	CSVEGDRGRSETQYF	CALETDSWGKLQF	74	799	0.09261576971214018	CSVEGDRGRSETQYF+TCRBV29-01+TCRBJ02-05	TCRBV29-01	TCRBJ02-05	DRB1*15:01	cii	feature41633_DRB1_15_01	DRB1	True	DRB1*15:01	cii	8.389768e-11	-10.07625004843386	h-DRB1_15_01-992	4.0	14.0	0.9821428571428572	0.5981813015061097	DRB1	True	both	True	shared	cii	DRB1*15:01	cii
Dataset2	TCAGCTCGTCTGATCA-2	TRB:CASSSGQVYGYTF;TRA:CAVGGGSNYKLTF	C04	Quiescent_CD4_CTL	supercentenarian	CASSSGQVYGYTF	CAVGGGSNYKLTF	18	1382	0.013024602026049204	CASSSGQVYGYTF+TCRBV05-06+TCRBJ01-02	TCRBV05-06	TCRBJ01-02	A*01:01	ci	feature339_A_01_01	A	True	A*01:01	ci	3.5673313e-09	-8.44765655562367	h-A_01_01-169	5.0	12.0	0.625	0.536231884057971	A	True	both	True	shared	ci	A*01:01	ci
Dataset2	TCAGGATAGCTCCCAG-2	TRB:CASSFAGGSDTQYF;TRA:CAGGGVNRGSTLGRLYF	C03	Activated_CD8	supercentenarian	CASSFAGGSDTQYF	CAGGGVNRGSTLGRLYF	37	1606	0.02303860523038605	CASSFAGGSDTQYF+TCRBV27-01+TCRBJ02-03	TCRBV27-01	TCRBJ02-03					False	DRB1*04:05	cii	1.6474279e-09	-8.783193583299862	h-DRB1_04_05-234	1.0	0.0		0.5487354362034669	DRB1	True	right_only	False	2026 only	cii	DRB1*04:05	cii
Dataset2	TCAGGTAGTACTCAAC-2	TRB:CASSFQETQYF;TRA:CAMKNSSASKIIF;TRA:CAVRVTNAGKSTF	B01	Activated_CD4_CTL	centenarian	CASSFQETQYF	CAVRVTNAGKSTF	4	416	0.009615384615384616	CASSFQETQYF+TCRBV12-03/12-04+TCRBJ02-05	TCRBV12-03/12-04	TCRBJ02-05	DQA1*01:01+DQB1*05:01	cii	feature29890_DQA1_01_01+DQB1_05_01	DQA1	True											False	left_only	False	2024 only	cii	DQA1*01:01+DQB1*05:01	cii
Dataset2	TCATTTGCAGGCGATA-2	TRB:CSVEGDRGRSETQYF;TRA:CALETDSWGKLQF	A02	Quiescent_CD4_CTL	control	CSVEGDRGRSETQYF	CALETDSWGKLQF	74	799	0.09261576971214018	CSVEGDRGRSETQYF+TCRBV29-01+TCRBJ02-05	TCRBV29-01	TCRBJ02-05	DRB1*15:01	cii	feature41633_DRB1_15_01	DRB1	True	DRB1*15:01	cii	8.389768e-11	-10.07625004843386	h-DRB1_15_01-992	4.0	14.0	0.9821428571428572	0.5981813015061097	DRB1	True	both	True	shared	cii	DRB1*15:01	cii
Dataset2	TCCCGATTCGACAGCC-2	TRB:CASSFAGGSDTQYF;TRA:CAGGGVNRGSTLGRLYF	C03	Activated_CD8	supercentenarian	CASSFAGGSDTQYF	CAGGGVNRGSTLGRLYF	37	1606	0.02303860523038605	CASSFAGGSDTQYF+TCRBV27-01+TCRBJ02-03	TCRBV27-01	TCRBJ02-03					False	DRB1*04:05	cii	1.6474279e-09	-8.783193583299862	h-DRB1_04_05-234	1.0	0.0		0.5487354362034669	DRB1	True	right_only	False	2026 only	cii	DRB1*04:05	cii
Dataset2	TCGGGACCAGTCTTCC-2	TRB:CASSSPTGGNEQFF;TRA:CAASYFGNEKLTF	C04	Quiescent_CD8	supercentenarian	CASSSPTGGNEQFF	CAASYFGNEKLTF	83	1382	0.060057887120115776	CASSSPTGGNEQFF+TCRBV07-09+TCRBJ02-01	TCRBV07-09	TCRBJ02-01	B*15:01	ci	feature9526_B_15_01	B	True	B*15:01	ci	4.8668347e-10	-9.312753404135984	h-B_15_01-190	10.0	8.0	0.8875	0.5583972719522592	B	True	both	True	shared	ci	B*15:01	ci
Dataset2	TCTATTGCACACATGT-2	TRB:CASSSPTGGNEQFF;TRA:CAASYFGNEKLTF	C04	Activated_CD8	supercentenarian	CASSSPTGGNEQFF	CAASYFGNEKLTF	83	1382	0.060057887120115776	CASSSPTGGNEQFF+TCRBV07-09+TCRBJ02-01	TCRBV07-09	TCRBJ02-01	B*15:01	ci	feature9526_B_15_01	B	True	B*15:01	ci	4.8668347e-10	-9.312753404135984	h-B_15_01-190	10.0	8.0	0.8875	0.5583972719522592	B	True	both	True	shared	ci	B*15:01	ci
Dataset2	TCTGGAACAACCGCCA-2	TRB:CASSFQETQYF;TRA:CAMKNSSASKIIF;TRA:CAVRVTNAGKSTF	B01	Activated_CD4_CTL	centenarian	CASSFQETQYF	CAVRVTNAGKSTF	4	416	0.009615384615384616	CASSFQETQYF+TCRBV12-03/12-04+TCRBJ02-05	TCRBV12-03/12-04	TCRBJ02-05	DQA1*01:01+DQB1*05:01	cii	feature29890_DQA1_01_01+DQB1_05_01	DQA1	True											False	left_only	False	2024 only	cii	DQA1*01:01+DQB1*05:01	cii
Dataset2	TCTGGAACATTAACCG-2	TRB:CSVEGDRGRSETQYF;TRA:CALETDSWGKLQF	A02	Quiescent_CD4_CTL	control	CSVEGDRGRSETQYF	CALETDSWGKLQF	74	799	0.09261576971214018	CSVEGDRGRSETQYF+TCRBV29-01+TCRBJ02-05	TCRBV29-01	TCRBJ02-05	DRB1*15:01	cii	feature41633_DRB1_15_01	DRB1	True	DRB1*15:01	cii	8.389768e-11	-10.07625004843386	h-DRB1_15_01-992	4.0	14.0	0.9821428571428572	0.5981813015061097	DRB1	True	both	True	shared	cii	DRB1*15:01	cii
Dataset2	TGAAAGAAGACTCGGA-2	TRB:CSVEGDRGRSETQYF;TRA:CALETDSWGKLQF	A02	Quiescent_CD4_CTL	control	CSVEGDRGRSETQYF	CALETDSWGKLQF	74	799	0.09261576971214018	CSVEGDRGRSETQYF+TCRBV29-01+TCRBJ02-05	TCRBV29-01	TCRBJ02-05	DRB1*15:01	cii	feature41633_DRB1_15_01	DRB1	True	DRB1*15:01	cii	8.389768e-11	-10.07625004843386	h-DRB1_15_01-992	4.0	14.0	0.9821428571428572	0.5981813015061097	DRB1	True	both	True	shared	cii	DRB1*15:01	cii
Dataset2	TGACAACAGCACAGGT-2	TRB:CASSSPTGGNEQFF;TRA:CAASYFGNEKLTF	C04	Quiescent_CD8	supercentenarian	CASSSPTGGNEQFF	CAASYFGNEKLTF	83	1382	0.060057887120115776	CASSSPTGGNEQFF+TCRBV07-09+TCRBJ02-01	TCRBV07-09	TCRBJ02-01	B*15:01	ci	feature9526_B_15_01	B	True	B*15:01	ci	4.8668347e-10	-9.312753404135984	h-B_15_01-190	10.0	8.0	0.8875	0.5583972719522592	B	True	both	True	shared	ci	B*15:01	ci
Dataset2	TGAGAGGTCTGTGCAA-2	TRB:CSVEGDRGRSETQYF;TRA:CALETDSWGKLQF	A02	Quiescent_CD4_CTL	control	CSVEGDRGRSETQYF	CALETDSWGKLQF	74	799	0.09261576971214018	CSVEGDRGRSETQYF+TCRBV29-01+TCRBJ02-05	TCRBV29-01	TCRBJ02-05	DRB1*15:01	cii	feature41633_DRB1_15_01	DRB1	True	DRB1*15:01	cii	8.389768e-11	-10.07625004843386	h-DRB1_15_01-992	4.0	14.0	0.9821428571428572	0.5981813015061097	DRB1	True	both	True	shared	cii	DRB1*15:01	cii
Dataset2	TGAGCCGTCCTGCTTG-2	TRB:CASSSTGGPGNTIYF;TRA:CADLYNQGGKLIF	C04	Quiescent_CD4_Helper	supercentenarian	CASSSTGGPGNTIYF	CADLYNQGGKLIF	1	1382	0.000723589001447178	CASSSTGGPGNTIYF+TCRBV10-02+TCRBJ01-03	TCRBV10-02	TCRBJ01-03	DRB5*02:02	cii	feature43549_DRB5_02_02	DRB5	True											False	left_only	False	2024 only	cii	DRB5*02:02	cii
Dataset2	TGCCCTAGTATAGTAG-2	TRB:CASSQGGGTEAFF;TRA:CAAQEGSQGNLIF	B01	Activated_CD4_Helper	centenarian	CASSQGGGTEAFF	CAAQEGSQGNLIF	1	416	0.002403846153846154	CASSQGGGTEAFF+TCRBV16-01+TCRBJ01-01	TCRBV16-01	TCRBJ01-01	DRB1*01:01	cii	feature33517_DRB1_01_01	DRB1	True	DRB1*01:01	cii	1.8162044e-10	-9.74083527652158	h-DRB1_01_01-298	6.0	4.0	1.0	0.4997158283603296	DRB1	True	both	True	shared	cii	DRB1*01:01	cii
Dataset2	TGCGGGTTCACTGGGC-2	TRB:CSVEGDRGRSETQYF;TRA:CALETDSWGKLQF	A02	Activated_CD4_CTL	control	CSVEGDRGRSETQYF	CALETDSWGKLQF	74	799	0.09261576971214018	CSVEGDRGRSETQYF+TCRBV29-01+TCRBJ02-05	TCRBV29-01	TCRBJ02-05	DRB1*15:01	cii	feature41633_DRB1_15_01	DRB1	True	DRB1*15:01	cii	8.389768e-11	-10.07625004843386	h-DRB1_15_01-992	4.0	14.0	0.9821428571428572	0.5981813015061097	DRB1	True	both	True	shared	cii	DRB1*15:01	cii
Dataset2	TGCTGCTGTGTCAATC-2	TRB:CSVEGDRGRSETQYF;TRA:CALETDSWGKLQF	A02	Quiescent_CD4_CTL	control	CSVEGDRGRSETQYF	CALETDSWGKLQF	74	799	0.09261576971214018	CSVEGDRGRSETQYF+TCRBV29-01+TCRBJ02-05	TCRBV29-01	TCRBJ02-05	DRB1*15:01	cii	feature41633_DRB1_15_01	DRB1	True	DRB1*15:01	cii	8.389768e-11	-10.07625004843386	h-DRB1_15_01-992	4.0	14.0	0.9821428571428572	0.5981813015061097	DRB1	True	both	True	shared	cii	DRB1*15:01	cii
Dataset2	TGGCTGGCATCAGTAC-2	TRB:CASSFGTGSNGYTF;TRA:CLVGDRAGGGADGLTF	B01	Quiescent_CD8	centenarian	CASSFGTGSNGYTF	CLVGDRAGGGADGLTF	3	416	0.007211538461538462	CASSFGTGSNGYTF+TCRBV05-01+TCRBJ01-02	TCRBV05-01	TCRBJ01-02	B*52:01	ci	feature18241_B_52_01	B	True											False	left_only	False	2024 only	ci	B*52:01	ci
Dataset2	TGGGAAGGTCTAGCCG-2	TRB:CSVEGDRGRSETQYF;TRA:CALETDSWGKLQF	A02	Activated_CD4_CTL	control	CSVEGDRGRSETQYF	CALETDSWGKLQF	74	799	0.09261576971214018	CSVEGDRGRSETQYF+TCRBV29-01+TCRBJ02-05	TCRBV29-01	TCRBJ02-05	DRB1*15:01	cii	feature41633_DRB1_15_01	DRB1	True	DRB1*15:01	cii	8.389768e-11	-10.07625004843386	h-DRB1_15_01-992	4.0	14.0	0.9821428571428572	0.5981813015061097	DRB1	True	both	True	shared	cii	DRB1*15:01	cii
Dataset2	TGGGAAGTCTTCAACT-2	TRB:CASSSPTGGNEQFF;TRA:CAASYFGNEKLTF	C04	Quiescent_CD8	supercentenarian	CASSSPTGGNEQFF	CAASYFGNEKLTF	83	1382	0.060057887120115776	CASSSPTGGNEQFF+TCRBV07-09+TCRBJ02-01	TCRBV07-09	TCRBJ02-01	B*15:01	ci	feature9526_B_15_01	B	True	B*15:01	ci	4.8668347e-10	-9.312753404135984	h-B_15_01-190	10.0	8.0	0.8875	0.5583972719522592	B	True	both	True	shared	ci	B*15:01	ci
Dataset2	TGTGGTACAGGCAGTA-2	TRB:CASSSPTGGNEQFF;TRA:CAASYFGNEKLTF	C04	Quiescent_CD8	supercentenarian	CASSSPTGGNEQFF	CAASYFGNEKLTF	83	1382	0.060057887120115776	CASSSPTGGNEQFF+TCRBV07-09+TCRBJ02-01	TCRBV07-09	TCRBJ02-01	B*15:01	ci	feature9526_B_15_01	B	True	B*15:01	ci	4.8668347e-10	-9.312753404135984	h-B_15_01-190	10.0	8.0	0.8875	0.5583972719522592	B	True	both	True	shared	ci	B*15:01	ci
Dataset2	TTAGGACGTATGAATG-2	TRB:CSVEGDRGRSETQYF;TRA:CALETDSWGKLQF	A02	Quiescent_CD4_CTL	control	CSVEGDRGRSETQYF	CALETDSWGKLQF	74	799	0.09261576971214018	CSVEGDRGRSETQYF+TCRBV29-01+TCRBJ02-05	TCRBV29-01	TCRBJ02-05	DRB1*15:01	cii	feature41633_DRB1_15_01	DRB1	True	DRB1*15:01	cii	8.389768e-11	-10.07625004843386	h-DRB1_15_01-992	4.0	14.0	0.9821428571428572	0.5981813015061097	DRB1	True	both	True	shared	cii	DRB1*15:01	cii
Dataset2	TTAGGACGTCGGGTCT-2	TRB:CASSFGTGSNGYTF;TRA:CLVGDRAGGGADGLTF	B01	Quiescent_CD8	centenarian	CASSFGTGSNGYTF	CLVGDRAGGGADGLTF	3	416	0.007211538461538462	CASSFGTGSNGYTF+TCRBV05-01+TCRBJ01-02	TCRBV05-01	TCRBJ01-02	B*52:01	ci	feature18241_B_52_01	B	True											False	left_only	False	2024 only	ci	B*52:01	ci
Dataset2	TTCGAAGCACGTTGGC-2	TRB:CSVEGDRGRSETQYF;TRA:CALETDSWGKLQF	A02	Quiescent_CD4_CTL	control	CSVEGDRGRSETQYF	CALETDSWGKLQF	74	799	0.09261576971214018	CSVEGDRGRSETQYF+TCRBV29-01+TCRBJ02-05	TCRBV29-01	TCRBJ02-05	DRB1*15:01	cii	feature41633_DRB1_15_01	DRB1	True	DRB1*15:01	cii	8.389768e-11	-10.07625004843386	h-DRB1_15_01-992	4.0	14.0	0.9821428571428572	0.5981813015061097	DRB1	True	both	True	shared	cii	DRB1*15:01	cii
Dataset2	TTCTACACATATACGC-2	TRB:CSVEGDRGRSETQYF;TRA:CALETDSWGKLQF	A02	Quiescent_CD4_CTL	control	CSVEGDRGRSETQYF	CALETDSWGKLQF	74	799	0.09261576971214018	CSVEGDRGRSETQYF+TCRBV29-01+TCRBJ02-05	TCRBV29-01	TCRBJ02-05	DRB1*15:01	cii	feature41633_DRB1_15_01	DRB1	True	DRB1*15:01	cii	8.389768e-11	-10.07625004843386	h-DRB1_15_01-992	4.0	14.0	0.9821428571428572	0.5981813015061097	DRB1	True	both	True	shared	cii	DRB1*15:01	cii
Dataset2	TTCTACAGTGATAAGT-2	TRB:CASSLWTGGGNEQFF;TRA:CAVQETSGSRLTF	C04	Quiescent_CD8	supercentenarian	CASSLWTGGGNEQFF	CAVQETSGSRLTF	9	1382	0.006512301013024602	CASSLWTGGGNEQFF+TCRBV27-01+TCRBJ02-01	TCRBV27-01	TCRBJ02-01	A*11:01	ci	feature2347_A_11_01	A	True	A*11:01	ci	1.1517185e-09	-8.938653657055104	h-A_11_01-135	13.0	9.0	0.8632478632478631	0.5717533390167662	A	True	both	True	shared	ci	A*11:01	ci
Dataset2	TTCTCCTCACCACGTG-2	TRB:CSVEGDRGRSETQYF;TRA:CALETDSWGKLQF	A02	Activated_CD4_CTL	control	CSVEGDRGRSETQYF	CALETDSWGKLQF	74	799	0.09261576971214018	CSVEGDRGRSETQYF+TCRBV29-01+TCRBJ02-05	TCRBV29-01	TCRBJ02-05	DRB1*15:01	cii	feature41633_DRB1_15_01	DRB1	True	DRB1*15:01	cii	8.389768e-11	-10.07625004843386	h-DRB1_15_01-992	4.0	14.0	0.9821428571428572	0.5981813015061097	DRB1	True	both	True	shared	cii	DRB1*15:01	cii
Dataset2	TTGCCGTCACAGAGGT-2	TRB:CASSLAPANTEAFF;TRA:CIVSYPLSGAGNMLTF	A06	Quiescent_CD4_Naive	control	CASSLAPANTEAFF	CIVSYPLSGAGNMLTF	1	1026	0.0009746588693957114	CASSLAPANTEAFF+TCRBV05-05+TCRBJ01-01	TCRBV05-05	TCRBJ01-01					False	DRB1*15:02	cii	9.455101e-10	-9.024333827632438	h-DRB1_15_02-253	2.0	1.0		0.5629440181869849	DRB1	True	right_only	False	2026 only	cii	DRB1*15:02	cii
Dataset2	TTGGAACTCGGATGGA-2	TRB:CSVEGDRGRSETQYF;TRA:CALETDSWGKLQF	A02	Quiescent_CD4_CTL	control	CSVEGDRGRSETQYF	CALETDSWGKLQF	74	799	0.09261576971214018	CSVEGDRGRSETQYF+TCRBV29-01+TCRBJ02-05	TCRBV29-01	TCRBJ02-05	DRB1*15:01	cii	feature41633_DRB1_15_01	DRB1	True	DRB1*15:01	cii	8.389768e-11	-10.07625004843386	h-DRB1_15_01-992	4.0	14.0	0.9821428571428572	0.5981813015061097	DRB1	True	both	True	shared	cii	DRB1*15:01	cii
Dataset2	TTTGTCAAGTGCGATG-2	TRB:CASSPGDTQYF	B04	Activated_CD4_Naive	centenarian	CASSPGDTQYF		1	1171	0.0008539709649871904	CASSPGDTQYF+TCRBV16-01+TCRBJ02-03	TCRBV16-01	TCRBJ02-03	DQA1*01:04+DQB1*05:03	cii	feature31659_DQA1_01_04+DQB1_05_03	DQA1	True											False	left_only	False	2024 only	cii	DQA1*01:04+DQB1*05:03	cii
Dataset2	TTTGTCAAGTGCGATG-2	TRB:CASSPGDTQYF	B04	Activated_CD4_Naive	centenarian	CASSPGDTQYF		1	1171	0.0008539709649871904	CASSPGDTQYF+TCRBV25-01+TCRBJ02-03	TCRBV25-01	TCRBJ02-03	C*07:02	ci	feature20419_C_07_02	C	True	C*07:02	ci	7.584325e-09	-8.120083065084229	h-C_07_02-300	6.0	7.0	0.9166666666666669	0.5562659846547314	C	True	both	True	shared	ci	C*07:02	ci
Dataset2	TTTGTCATCAGCCTAA-2	TRB:CASSESGPNQPQHF;TRA:CVVIGWTSGGSYIPTF	B01	Activated_CD4_CTL	centenarian	CASSESGPNQPQHF	CVVIGWTSGGSYIPTF	17	416	0.040865384615384616	CASSESGPNQPQHF+TCRBV10-02+TCRBJ01-05	TCRBV10-02	TCRBJ01-05	DRB5*02:02	cii	feature43549_DRB5_02_02	DRB5	True											False	left_only	False	2024 only	cii	DRB5*02:02	cii
